<?xml version="1.0" encoding="UTF-8"?>
<clinical_study rank="2350">
  <!-- This xml conforms to an XML Schema at:
    https://clinicaltrials.gov/ct2/html/images/info/public.xsd -->
  <required_header>
    <download_date>ClinicalTrials.gov processed this data on September 22, 2020</download_date>
    <link_text>Link to the current ClinicalTrials.gov record.</link_text>
    <url>https://clinicaltrials.gov/show/NCT04397172</url>
  </required_header>
  <id_info>
    <org_study_id>2020-00730</org_study_id>
    <nct_id>NCT04397172</nct_id>
  </id_info>
  <brief_title>Intensive Care Associated Complications and Outcome of Acute Respiratory Distress Syndrome Due to COVID-19</brief_title>
  <official_title>Characterization of ARDS, Critical Illness Myopathy and Their Long-term Consequences in Patients With Covid-19 Disease: Effects of Inflammation, Mitochondrial Dysfunction and Plasma Concentrations of Various Sedative Drugs</official_title>
  <sponsors>
    <lead_sponsor>
      <agency>University Hospital Inselspital, Berne</agency>
      <agency_class>Other</agency_class>
    </lead_sponsor>
  </sponsors>
  <source>University Hospital Inselspital, Berne</source>
  <oversight_info>
    <has_dmc>No</has_dmc>
    <is_fda_regulated_drug>No</is_fda_regulated_drug>
    <is_fda_regulated_device>No</is_fda_regulated_device>
  </oversight_info>
  <brief_summary>
    <textblock>
      COVID-19 patients with a severely symptomatic progression with development of an Acute
      respiratory distress syndrome (ARDS) due to SARS-CoV-2 need prolonged intensive care
      treatment involving pharmacological immobilization, sedation and mechanical ventilation,
      leaving them at a very high risk for developing Critical illness myopathy (CIM). CIM is
      associated with increased mortality and significant consequences for recovery and the ability
      to return to normal daily life. Up to date, there are no studies investigating the mid- or
      long-term course of the novel COVID-19 disease. The present study therefore aims to evaluate
      the clinical outcome of patients with ARDS due to SARS-CoV-2 with special attention to the
      development of CIM and its underlying causes. To provide the possibility of early diagnosis
      of CIM, critically ill patients will be regularly screened for muscle membrane alterations
      using (Muscle velocity recovery cycles) MRVC measurements.

      The primary endpoint is the incidence of CIM in patients with ARDS due to SARS-CoV-2,
      diagnosed according to the current diagnostic criteria.
    </textblock>
  </brief_summary>
  <detailed_description>
    <textblock>
      COVID-19 patients with a severely symptomatic progression with development of an ARDS due to
      SARS-CoV-2 need prolonged intensive care treatment involving pharmacological immobilization,
      sedation and mechanical ventilation, leaving them at a very high risk for developing CIM. CIM
      is associated with increased mortality and significant consequences for recovery and the
      ability to return to normal daily life. Up to date, there are no studies investigating the
      mid- or long-term course of the novel COVID-19 disease. The present study therefore aims to
      evaluate the clinical outcome of patients with ARDS due to SARS-CoV-2 with special attention
      to the development of CIM and its underlying causes. To provide the possibility of early
      diagnosis of CIM, critically ill patients will be regularly screened for muscle membrane
      alterations using MRVC measurements.

      Objective:

      The primary objective of this project is to prospectively evaluate the incidence and severity
      of CIM in patients with ARDS due to SARS-CoV-2.

      The secondary objectives of this project include:

        1. To assess the quality of life of patients with and without CIM after ARDS due to
           SARS-CoV-2.

        2. To monitor changes in muscle excitability parameters in critically ill patients with
           ARDS due to SARS-CoV-2 in relation to a later confirmed diagnosis of CIM according to
           the current standards.

        3. To explore underlying pathophysiological processes for CIM (mitochondrial dysfunction,
           medication e.g. Neuromuscular blocking agents (NMBA), sedative drugs, and metabolic
           (amino acids, inflammatory parameters)).

      Method:

      After enrolment in the study, patients will be examined for the first time within 24 hours
      after admission to the ICU, and follow-up visits will be performed at day 2, 5 and 10 or upon
      termination of therapy with NMBA, respectively. The endpoint will be at the clinical
      follow-up appointment.
    </textblock>
  </detailed_description>
  <overall_status>Recruiting</overall_status>
  <start_date type="Actual">April 9, 2020</start_date>
  <completion_date type="Anticipated">December 2021</completion_date>
  <primary_completion_date type="Anticipated">April 2021</primary_completion_date>
  <study_type>Observational</study_type>
  <has_expanded_access>No</has_expanded_access>
  <study_design_info>
    <observational_model>Cohort</observational_model>
    <time_perspective>Prospective</time_perspective>
  </study_design_info>
  <primary_outcome>
    <measure>Short Form (36) Health Survey (SF-36)</measure>
    <time_frame>3 months</time_frame>
    <description>Short Form (36) Health Survey (SF-36)</description>
  </primary_outcome>
  <secondary_outcome>
    <measure>Mortality</measure>
    <time_frame>90 days</time_frame>
    <description>Mortality</description>
  </secondary_outcome>
  <secondary_outcome>
    <measure>Modified Rankin Scale (mRS)</measure>
    <time_frame>90 days</time_frame>
    <description>Modified Rankin Scale (mRS); (0=no Symptoms at all, 6=dead)</description>
  </secondary_outcome>
  <secondary_outcome>
    <measure>Duration of mechanical ventilation in days</measure>
    <time_frame>3 months</time_frame>
    <description>Duration of mechanical ventilation in days</description>
  </secondary_outcome>
  <secondary_outcome>
    <measure>Barthel Index</measure>
    <time_frame>3 months</time_frame>
    <description>Barthel Index (80-100= patient should be able to live independently, &lt;20=total dependence)</description>
  </secondary_outcome>
  <secondary_outcome>
    <measure>Beck's Depression Inventory II (BDI-II)</measure>
    <time_frame>3 months</time_frame>
    <description>Beck's Depression Inventory II (BDI-II)</description>
  </secondary_outcome>
  <secondary_outcome>
    <measure>Essener Questionnaire for Coping with a Disease (EFK)</measure>
    <time_frame>3 months</time_frame>
    <description>Essener Questionnaire for Coping with a Disease (EFK); (0=no burden of disease, 180-strong burden of disease)</description>
  </secondary_outcome>
  <secondary_outcome>
    <measure>Number of patients with Critical Illness Myopathy</measure>
    <time_frame>day 10</time_frame>
    <description>Number of patients with Critical Illness Myopathy</description>
  </secondary_outcome>
  <enrollment type="Anticipated">50</enrollment>
  <condition>COVID</condition>
  <condition>Corona Virus Infection</condition>
  <condition>Sars-CoV2</condition>
  <intervention>
    <intervention_type>Procedure</intervention_type>
    <intervention_name>Study Arm</intervention_name>
    <description>First inpatient examination (within 24 hours after admission to ICU):
Clinical examination
Laboratory tests, Biobanking, Mitochondrial function testing
Neurophysiological examination (MVRC recording)
Follow-up inpatient examinations (day 2, 5 and 10 after admission):
Clinical examination
Laboratory tests, Biobanking, Mitochondrial functions testing
Neurophysiological examination (MVRC recording)
Day 10 only: Extended neurophysiological examination according to diagnostic criteria
Day 10 only: Grading of muscle strength (Medical Research Council (MRC) system)
Follow-up outpatient examination (after discharge from intensive care):
Clinical examination
Grading of muscle strength (MRC)
Modified Rankin Scale (mRS)
Barthel Scale
Questionnaires (Short Form (36) Health Survey, Essener Questionnaire for Coping with a Disease and Beck's Depression Inventory II)</description>
  </intervention>
  <eligibility>
    <study_pop>
      <textblock>
        The present study aims to prospectively evaluate the incidence and severity of CIM in
        patients with ARDS due to SARS-CoV-2.

        The investigators therefore conduct a study including patients with ARDS admitted to the
        intensive care unit (ICU) due to the novel COVID-19 disease (SARS-CoV-2). The investigators
        plan to analyze 50 full data sets of ICU patients (regarding primary endpoint), out of
        which about 30-50% will be expected to develop CIM. There is no alternative group of
        patients with whom this study could be conducted.
      </textblock>
    </study_pop>
    <sampling_method>Non-Probability Sample</sampling_method>
    <criteria>
      <textblock>
        Inclusion Criteria:

          -  Informed consent as documented by a surrogate assessment by an independent physician

          -  Adult ICU Patients with ARDS due to SARS-CoV-2 requiring mechanical ventilation

        Exclusion Criteria:

          -  Age &lt;18 years and &gt; 80 years

          -  Pregnancy and breast feeding

          -  The presence of pre-existing:

               -  Known (at time of inclusion) Polyneuropathy,

               -  Known (at time of inclusion) Guillain-Barré syndrome,

               -  Known (at time of inclusion) Acute or chronic spinal cord lesion,

               -  Known (at time of inclusion) Myasthenia gravis, or

               -  Known (at time of inclusion) Myopathy
      </textblock>
    </criteria>
    <gender>All</gender>
    <minimum_age>18 Years</minimum_age>
    <maximum_age>80 Years</maximum_age>
    <healthy_volunteers>No</healthy_volunteers>
  </eligibility>
  <overall_official>
    <last_name>Werner Z'Graggen, MD</last_name>
    <role>Principal Investigator</role>
    <affiliation>Universitätsklinik für Neurochirurgie und Neurologie</affiliation>
  </overall_official>
  <overall_contact>
    <last_name>Werner Z'Graggen, MD</last_name>
    <phone>+41316327909</phone>
    <email>werner.zgraggen@insel.ch</email>
  </overall_contact>
  <overall_contact_backup>
    <last_name>Nicoles Söll</last_name>
    <phone>+41316323164</phone>
    <email>nicole.soell@insel.ch</email>
  </overall_contact_backup>
  <location>
    <facility>
      <name>Inselspital Bern</name>
      <address>
        <city>Bern</city>
        <zip>3010</zip>
        <country>Switzerland</country>
      </address>
    </facility>
    <status>Recruiting</status>
    <contact>
      <last_name>Werner Z'Graggen, MD</last_name>
      <phone>+41 31 632 79 09</phone>
      <email>werner.zgraggen@insel.ch</email>
    </contact>
    <contact_backup>
      <last_name>Nicole Söll</last_name>
      <phone>+41 31 632 00 14</phone>
      <email>nicole.soell@insel.ch</email>
    </contact_backup>
    <investigator>
      <last_name>Werner Z'Graggen, MD</last_name>
      <role>Principal Investigator</role>
    </investigator>
  </location>
  <location_countries>
    <country>Switzerland</country>
  </location_countries>
  <reference>
    <citation>Belgnaoui SM, Paz S, Hiscott J. Orchestrating the interferon antiviral response through the mitochondrial antiviral signaling (MAVS) adapter. Curr Opin Immunol. 2011 Oct;23(5):564-72. doi: 10.1016/j.coi.2011.08.001. Epub 2011 Aug 22. Review.</citation>
    <PMID>21865020</PMID>
  </reference>
  <reference>
    <citation>Chen N, Zhou M, Dong X, Qu J, Gong F, Han Y, Qiu Y, Wang J, Liu Y, Wei Y, Xia J, Yu T, Zhang X, Zhang L. Epidemiological and clinical characteristics of 99 cases of 2019 novel coronavirus pneumonia in Wuhan, China: a descriptive study. Lancet. 2020 Feb 15;395(10223):507-513. doi: 10.1016/S0140-6736(20)30211-7. Epub 2020 Jan 30.</citation>
    <PMID>32007143</PMID>
  </reference>
  <reference>
    <citation>Dinglas VD, Aronson Friedman L, Colantuoni E, Mendez-Tellez PA, Shanholtz CB, Ciesla ND, Pronovost PJ, Needham DM. Muscle Weakness and 5-Year Survival in Acute Respiratory Distress Syndrome Survivors. Crit Care Med. 2017 Mar;45(3):446-453. doi: 10.1097/CCM.0000000000002208.</citation>
    <PMID>28067712</PMID>
  </reference>
  <reference>
    <citation>De Jonghe B, Sharshar T, Lefaucheur JP, Authier FJ, Durand-Zaleski I, Boussarsar M, Cerf C, Renaud E, Mesrati F, Carlet J, Raphaël JC, Outin H, Bastuji-Garin S; Groupe de Réflexion et d'Etude des Neuromyopathies en Réanimation. Paresis acquired in the intensive care unit: a prospective multicenter study. JAMA. 2002 Dec 11;288(22):2859-67.</citation>
    <PMID>12472328</PMID>
  </reference>
  <reference>
    <citation>de Letter MA, Schmitz PI, Visser LH, Verheul FA, Schellens RL, Op de Coul DA, van der Meché FG. Risk factors for the development of polyneuropathy and myopathy in critically ill patients. Crit Care Med. 2001 Dec;29(12):2281-6.</citation>
    <PMID>11801825</PMID>
  </reference>
  <reference>
    <citation>Griffiths J, Hatch RA, Bishop J, Morgan K, Jenkinson C, Cuthbertson BH, Brett SJ. An exploration of social and economic outcome and associated health-related quality of life after critical illness in general intensive care unit survivors: a 12-month follow-up study. Crit Care. 2013 May 28;17(3):R100. doi: 10.1186/cc12745.</citation>
    <PMID>23714692</PMID>
  </reference>
  <reference>
    <citation>Herridge MS, Tansey CM, Matté A, Tomlinson G, Diaz-Granados N, Cooper A, Guest CB, Mazer CD, Mehta S, Stewart TE, Kudlow P, Cook D, Slutsky AS, Cheung AM; Canadian Critical Care Trials Group. Functional disability 5 years after acute respiratory distress syndrome. N Engl J Med. 2011 Apr 7;364(14):1293-304. doi: 10.1056/NEJMoa1011802.</citation>
    <PMID>21470008</PMID>
  </reference>
  <reference>
    <citation>James MA. Use of the Medical Research Council muscle strength grading system in the upper extremity. J Hand Surg Am. 2007 Feb;32(2):154-6.</citation>
    <PMID>17275587</PMID>
  </reference>
  <reference>
    <citation>Lacomis D. Electrophysiology of neuromuscular disorders in critical illness. Muscle Nerve. 2013 Mar;47(3):452-63. doi: 10.1002/mus.23615. Epub 2013 Feb 6. Review.</citation>
    <PMID>23386582</PMID>
  </reference>
  <reference>
    <citation>Latronico N, Bolton CF. Critical illness polyneuropathy and myopathy: a major cause of muscle weakness and paralysis. Lancet Neurol. 2011 Oct;10(10):931-41. doi: 10.1016/S1474-4422(11)70178-8. Review.</citation>
    <PMID>21939902</PMID>
  </reference>
  <reference>
    <citation>Liu Y, Yan LM, Wan L, Xiang TX, Le A, Liu JM, Peiris M, Poon LLM, Zhang W. Viral dynamics in mild and severe cases of COVID-19. Lancet Infect Dis. 2020 Jun;20(6):656-657. doi: 10.1016/S1473-3099(20)30232-2. Epub 2020 Mar 19.</citation>
    <PMID>32199493</PMID>
  </reference>
  <reference>
    <citation>Shi CS, Qi HY, Boularan C, Huang NN, Abu-Asab M, Shelhamer JH, Kehrl JH. SARS-coronavirus open reading frame-9b suppresses innate immunity by targeting mitochondria and the MAVS/TRAF3/TRAF6 signalosome. J Immunol. 2014 Sep 15;193(6):3080-9. doi: 10.4049/jimmunol.1303196. Epub 2014 Aug 18.</citation>
    <PMID>25135833</PMID>
  </reference>
  <reference>
    <citation>Weber-Carstens S, Deja M, Koch S, Spranger J, Bubser F, Wernecke KD, Spies CD, Spuler S, Keh D. Risk factors in critical illness myopathy during the early course of critical illness: a prospective observational study. Crit Care. 2010;14(3):R119. doi: 10.1186/cc9074. Epub 2010 Jun 18.</citation>
    <PMID>20565863</PMID>
  </reference>
  <reference>
    <citation>Xu Z, Shi L, Wang Y, Zhang J, Huang L, Zhang C, Liu S, Zhao P, Liu H, Zhu L, Tai Y, Bai C, Gao T, Song J, Xia P, Dong J, Zhao J, Wang FS. Pathological findings of COVID-19 associated with acute respiratory distress syndrome. Lancet Respir Med. 2020 Apr;8(4):420-422. doi: 10.1016/S2213-2600(20)30076-X. Epub 2020 Feb 18. Erratum in: Lancet Respir Med. 2020 Feb 25;:.</citation>
    <PMID>32085846</PMID>
  </reference>
  <reference>
    <citation>Z'Graggen WJ, Brander L, Tuchscherer D, Scheidegger O, Takala J, Bostock H. Muscle membrane dysfunction in critical illness myopathy assessed by velocity recovery cycles. Clin Neurophysiol. 2011 Apr;122(4):834-41. doi: 10.1016/j.clinph.2010.09.024. Epub 2010 Nov 1.</citation>
    <PMID>21044861</PMID>
  </reference>
  <verification_date>May 2020</verification_date>
  <study_first_submitted>May 20, 2020</study_first_submitted>
  <study_first_submitted_qc>May 20, 2020</study_first_submitted_qc>
  <study_first_posted type="Actual">May 21, 2020</study_first_posted>
  <last_update_submitted>May 20, 2020</last_update_submitted>
  <last_update_submitted_qc>May 20, 2020</last_update_submitted_qc>
  <last_update_posted type="Actual">May 22, 2020</last_update_posted>
  <responsible_party>
    <responsible_party_type>Sponsor</responsible_party_type>
  </responsible_party>
  <keyword>Corona</keyword>
  <keyword>SARS-CoV2</keyword>
  <keyword>ARDS</keyword>
  <keyword>PICS</keyword>
  <condition_browse>
    <!-- CAUTION:  The following MeSH terms are assigned with an imperfect algorithm            -->
    <mesh_term>Coronavirus Infections</mesh_term>
    <mesh_term>Severe Acute Respiratory Syndrome</mesh_term>
  </condition_browse>
  <patient_data>
    <sharing_ipd>Undecided</sharing_ipd>
  </patient_data>
  <!-- Results have not yet been posted for this study                                          -->
</clinical_study>

