<?xml version="1.0" encoding="UTF-8"?>
<clinical_study rank="2014">
  <!-- This xml conforms to an XML Schema at:
    https://clinicaltrials.gov/ct2/html/images/info/public.xsd -->
  <required_header>
    <download_date>ClinicalTrials.gov processed this data on September 22, 2020</download_date>
    <link_text>Link to the current ClinicalTrials.gov record.</link_text>
    <url>https://clinicaltrials.gov/show/NCT04354714</url>
  </required_header>
  <id_info>
    <org_study_id>04-13-20-DiPersio</org_study_id>
    <nct_id>NCT04354714</nct_id>
  </id_info>
  <brief_title>Ruxolitinib to Combat COVID-19</brief_title>
  <official_title>A Pilot Study of Ruxolitinib to Combat COVID-19</official_title>
  <sponsors>
    <lead_sponsor>
      <agency>Washington University School of Medicine</agency>
      <agency_class>Other</agency_class>
    </lead_sponsor>
    <collaborator>
      <agency>Incyte Corporation</agency>
      <agency_class>Industry</agency_class>
    </collaborator>
  </sponsors>
  <source>Washington University School of Medicine</source>
  <oversight_info>
    <has_dmc>Yes</has_dmc>
    <is_fda_regulated_drug>Yes</is_fda_regulated_drug>
    <is_fda_regulated_device>No</is_fda_regulated_device>
    <is_us_export>No</is_us_export>
  </oversight_info>
  <brief_summary>
    <textblock>
      The investigators hypothesize that JAK 1/2 inhibition with ruxolitinib, an FDA approved
      treatment for intermediate or high-risk myelofibrosis, could have a similar effect in
      patients with severe COVID-19, quelling the immune-hyperactivation, allowing for clearance of
      the virus and reversal of the disease manifestations.
    </textblock>
  </brief_summary>
  <overall_status>Withdrawn</overall_status>
  <why_stopped>
    Could not make FDA required changes
  </why_stopped>
  <start_date type="Anticipated">June 30, 2020</start_date>
  <completion_date type="Anticipated">December 31, 2021</completion_date>
  <primary_completion_date type="Anticipated">July 31, 2021</primary_completion_date>
  <phase>Phase 2</phase>
  <study_type>Interventional</study_type>
  <has_expanded_access>No</has_expanded_access>
  <study_design_info>
    <allocation>N/A</allocation>
    <intervention_model>Single Group Assignment</intervention_model>
    <primary_purpose>Treatment</primary_purpose>
    <masking>None (Open Label)</masking>
  </study_design_info>
  <primary_outcome>
    <measure>Overall survival</measure>
    <time_frame>Through 28 days</time_frame>
  </primary_outcome>
  <secondary_outcome>
    <measure>Length of hospital stay</measure>
    <time_frame>Through completion of follow-up (estimated to be 7 months)</time_frame>
  </secondary_outcome>
  <secondary_outcome>
    <measure>Length of ICU stay</measure>
    <time_frame>Through completion of follow-up (estimated to be 7 months)</time_frame>
  </secondary_outcome>
  <secondary_outcome>
    <measure>Duration of ventilator use</measure>
    <time_frame>Through completion of follow-up (estimated to be 7 months)</time_frame>
  </secondary_outcome>
  <secondary_outcome>
    <measure>Duration of vasopressors use</measure>
    <time_frame>Through completion of follow-up (estimated to be 7 months)</time_frame>
  </secondary_outcome>
  <secondary_outcome>
    <measure>Duration on renal replacement therapy</measure>
    <time_frame>Through completion of follow-up (estimated to be 7 months)</time_frame>
  </secondary_outcome>
  <secondary_outcome>
    <measure>Viral kinetics as measured by virologic failure</measure>
    <time_frame>Through completion of follow-up (estimated to be 7 months)</time_frame>
    <description>-Defined as increase in viral load of &gt;0.5 log on two consecutive days, or &gt;1 log increase in one day, not in keeping with any baseline trend of rising viral loads during the pre-treatment viral testing</description>
  </secondary_outcome>
  <secondary_outcome>
    <measure>Number of adverse events as measured by CTCAE v. 5.0</measure>
    <time_frame>Through completion of follow-up (estimated to be 7 months)</time_frame>
  </secondary_outcome>
  <secondary_outcome>
    <measure>Proportion of participants with detectable virus</measure>
    <time_frame>Day 5</time_frame>
  </secondary_outcome>
  <secondary_outcome>
    <measure>Proportion of participants with detectable virus</measure>
    <time_frame>Day 10</time_frame>
  </secondary_outcome>
  <secondary_outcome>
    <measure>Proportion of participants with detectable virus</measure>
    <time_frame>Day 15</time_frame>
  </secondary_outcome>
  <secondary_outcome>
    <measure>Proportion of participants with detectable virus</measure>
    <time_frame>Day 29</time_frame>
  </secondary_outcome>
  <number_of_arms>1</number_of_arms>
  <enrollment type="Actual">0</enrollment>
  <condition>COVID-19</condition>
  <arm_group>
    <arm_group_label>Ruxolitinib</arm_group_label>
    <arm_group_type>Experimental</arm_group_type>
    <description>-Ruxolitinib is an oral medication that will be given twice daily (BID). Dosing on Days 1 through 3 will be 5 mg BID; dosing on Days 4 through 10 will be 10 mg BID.</description>
  </arm_group>
  <intervention>
    <intervention_type>Drug</intervention_type>
    <intervention_name>Ruxolitinib</intervention_name>
    <description>For patients unable to swallow pills, a ruxolitinib suspension will be administered through a nasogastric/orogastric tube</description>
    <arm_group_label>Ruxolitinib</arm_group_label>
    <other_name>Jakafi</other_name>
  </intervention>
  <intervention>
    <intervention_type>Procedure</intervention_type>
    <intervention_name>Peripheral blood draw</intervention_name>
    <description>-Screening, Day 2, Day 4, Day 8, Day 15, and Day 29</description>
    <arm_group_label>Ruxolitinib</arm_group_label>
  </intervention>
  <eligibility>
    <criteria>
      <textblock>
        Inclusion Criteria:

          -  A diagnosis of advanced COVID-19 as defined by both of the following:

               -  A positive test for SARS-CoV-2 RNA detected by RT-PCR collected from the upper
                  respiratory tract (nasopharyngeal and oropharyngeal swab) and, if possible, the
                  lower respiratory tract (sputum, tracheal aspirate, or bronchoalveolar lavage),
                  analyzed by a CLIA certified lab

               -  Critical disease manifested by any of the following:

                    -  Chest imaging (CT or chest X-ray permitted) with ≥ 50% lung involvement

                    -  Respiratory failure requiring invasive mechanical ventilation or
                       supplementary oxygen with FiO2 ≥ 50%

                    -  Shock (defined as mean arterial pressure ≤ 65 mmHg unresponsive to 25ml/kg
                       isotonic intravenous fluid resuscitation and/or requiring vasopressor
                       support

                    -  Cardiac dysfunction defined by:

                         -  New global systolic dysfunction with ejection fraction ≤ 40%

                         -  Takotsubo cardiomyopathy

                         -  New onset supraventricular or ventricular arrhythmias

                         -  Plasma troponin I ≥ 0.10 ng/mL in someone without previously documented
                            troponin elevation beyond that level

                         -  Elevated plasma NT-proBNP in someone without documented prior elevation

                              -  If Age &lt; 50, NT-proBNP &gt; 450 pg/ml

                              -  If Age 50-74, NT-proBNP &gt; 900 pg/ml

                              -  If Age ≥ 74, NT-proBNP &gt; 1800 pg/ml

          -  Receipt of investigational or off-label agents for COVID-19 (prior or ongoing) does
             not exclude eligibility.

          -  Patients who have received autologous or allogeneic stem cell transplant are eligible
             at the discretion of the investigators.

          -  18 years of age or older at the time of study registration

          -  Adequate hematologic function defined as:

               -  absolute neutrophil count ≥ 1000/mm3

               -  platelet count ≥ 50,000/mm3 without growth factor or transfusion support for 7
                  days prior to screening

          -  Creatinine clearance ≥ 15 mL/minute or receiving renal replacement therapy

          -  Women of childbearing potential (defined as women with regular menses, women with
             amenorrhea, women with irregular cycles, women using a contraceptive method that
             precludes withdrawal bleeding, or women who have had a tubal ligation) are required to
             have a negative pregnancy test and use two forms of acceptable contraception,
             including one barrier method, during participation in the study treatment period.

          -  Male patients (if engaging in reproductive sex with a women of childbearing potential)
             are required to use two forms of acceptable contraception, including one barrier
             method, during participation in the study and throughout the evaluation period.

          -  Able to understand and willing to sign an IRB approved written informed consent
             document (or that of legally authorized representative, if applicable)

        Exclusion Criteria:

          -  Known allergy or intolerance to ruxolitinib or another JAK inhibitor.

          -  Known or suspected active viral (including HIV, hepatitis B, and hepatitis C),
             bacterial, mycobacterial, or fungal infection other than COVID-19. Virologic testing
             not required unless infection is suspected.

          -  Pregnant and/or breastfeeding.

          -  Any uncontrolled intercurrent illness that would put the patient at greater risk or
             limit compliance with study requirements in the opinion of the investigator.
      </textblock>
    </criteria>
    <gender>All</gender>
    <minimum_age>18 Years</minimum_age>
    <maximum_age>N/A</maximum_age>
    <healthy_volunteers>No</healthy_volunteers>
  </eligibility>
  <overall_official>
    <last_name>John DiPersio, M.D., Ph.D.</last_name>
    <role>Principal Investigator</role>
    <affiliation>Washington University School of Medicine</affiliation>
  </overall_official>
  <removed_countries>
    <country>United States</country>
  </removed_countries>
  <link>
    <url>http://www.siteman.wustl.edu</url>
    <description>Alvin J. Siteman Cancer Center at Barnes-Jewish Hospital and Washington University School of Medicine</description>
  </link>
  <verification_date>May 2020</verification_date>
  <study_first_submitted>April 16, 2020</study_first_submitted>
  <study_first_submitted_qc>April 16, 2020</study_first_submitted_qc>
  <study_first_posted type="Actual">April 21, 2020</study_first_posted>
  <last_update_submitted>May 19, 2020</last_update_submitted>
  <last_update_submitted_qc>May 19, 2020</last_update_submitted_qc>
  <last_update_posted type="Actual">May 21, 2020</last_update_posted>
  <responsible_party>
    <responsible_party_type>Sponsor</responsible_party_type>
  </responsible_party>
  <patient_data>
    <sharing_ipd>No</sharing_ipd>
  </patient_data>
  <!-- Results have not yet been posted for this study                                          -->
</clinical_study>

