<?xml version="1.0" encoding="UTF-8"?>
<clinical_study rank="3213">
  <!-- This xml conforms to an XML Schema at:
    https://clinicaltrials.gov/ct2/html/images/info/public.xsd -->
  <required_header>
    <download_date>ClinicalTrials.gov processed this data on September 22, 2020</download_date>
    <link_text>Link to the current ClinicalTrials.gov record.</link_text>
    <url>https://clinicaltrials.gov/show/NCT04379531</url>
  </required_header>
  <id_info>
    <org_study_id>2020-1</org_study_id>
    <nct_id>NCT04379531</nct_id>
  </id_info>
  <brief_title>LDCT in COVID-19 Pneumonia: a Prospective Moscow Study</brief_title>
  <acronym>LDCTiP</acronym>
  <official_title>Low-dose Computed Tomography in COVID-19 Pneumonia: a Prospective Moscow Study</official_title>
  <sponsors>
    <lead_sponsor>
      <agency>Research and Practical Clinical Center for Diagnostics and Telemedicine Technologies of the Moscow Health Care Department</agency>
      <agency_class>Other</agency_class>
    </lead_sponsor>
  </sponsors>
  <source>Research and Practical Clinical Center for Diagnostics and Telemedicine Technologies of the Moscow Health Care Department</source>
  <oversight_info>
    <has_dmc>No</has_dmc>
    <is_fda_regulated_drug>No</is_fda_regulated_drug>
    <is_fda_regulated_device>No</is_fda_regulated_device>
  </oversight_info>
  <brief_summary>
    <textblock>
      Hypothesis: low-dose chest computed tomography, has the same accuracy for the diagnosis of
      pneumonia compared to the routine protocol. In total, 230 patients are planned to be enrolled
      in the study.

      Each patient will have 2 studies (routine chest CT and low-dose chest CT) sequentially during
      one visit to the computed tomography room.
    </textblock>
  </brief_summary>
  <detailed_description>
    <textblock>
      As of 30 April 2020, there were over 3 million confirmed cases worldwide, of which over
      200,000 were fatal. In Russia at the time of writing, 106 thousand cases of COVID-19 were
      registered in 78 regions, with 11619 recovered and 1073 dead. Initial prospective analysis of
      clinical data from 41 patients in Wuhan, with laboratory confirmation of the 2019-nCoV-2
      virus, showed that 2019-nCoV-2 caused severe illness, clinically similar to SARS, which
      sometimes led to the need for hospitalization in the intensive care unit (13 out of 41 [32
      %]) and death (6 out of 41 [15%]). All patients with pneumonia in this study had changes in
      the chest CT scan: preliminary reports indicated that all patients had bilateral lung
      infiltration.

      Given the current prevalence of the disease and the nonspecific symptoms, we expect a
      significant increase in chest CT scans shortly. A low-dose chest CT scan can be performed
      with an effective dose of no more than 3.5 mSv, which is much lower than the dose received
      with a standard protocol - 8-10 mSv.

      The investigators hypothesize that a patient with suspected pneumonia can have a low-dose
      chest CT scan instead of a standard CT while maintaining the accuracy of the method in the
      diagnosis of inflammatory pulmonary tissue infiltration. The advantage of participating in
      the study for the patient is the possibility of obtaining an image without motion artifacts
      that may be associated with coughing, possibly affecting the patient's management tactics.

      The study is intended to provide answers to the following questions:

      The primary point of the study is to evaluate the correlation between standard CT and
      low-dose CT scans for the detection of community-acquired pneumonia. The expected correlation
      percentage is 90%.

      The secondary point of study No. 1 is the threshold value of the infiltration zone size
      detected by low-dose CT scan compared to standard CT scan. Expected threshold - 10 mm.

      The secondary point of study No.2 is the number of infiltration zones of pulmonary parenchyma
      corresponding to viral pneumonia detected by low-dose CT scan in comparison with standard CT
      scan. Expected number - more than two zones.

      In the future, it is planned to use the obtained anonymized data to enter the international
      registers of images of pneumonia caused by COVID-19.
    </textblock>
  </detailed_description>
  <overall_status>Completed</overall_status>
  <start_date type="Actual">April 25, 2020</start_date>
  <completion_date type="Actual">May 22, 2020</completion_date>
  <primary_completion_date type="Actual">May 22, 2020</primary_completion_date>
  <phase>N/A</phase>
  <study_type>Interventional</study_type>
  <has_expanded_access>No</has_expanded_access>
  <study_design_info>
    <allocation>Non-Randomized</allocation>
    <intervention_model>Crossover Assignment</intervention_model>
    <primary_purpose>Diagnostic</primary_purpose>
    <masking>None (Open Label)</masking>
  </study_design_info>
  <primary_outcome>
    <measure>Evaluate the correlation between standard CT and low-dose CT scans for the detection of community-acquired pneumonia.</measure>
    <time_frame>Upon completion, up to 1 year</time_frame>
    <description>A standardized scale CT1-CT4 will be used. The expected correlation percentage is 90%.</description>
  </primary_outcome>
  <secondary_outcome>
    <measure>Threshold value of the infiltration zone size detected by low-dose CT scan compared to standard CT scan.</measure>
    <time_frame>Upon completion, up to 1 year</time_frame>
    <description>Expected threshold - 10 mm.</description>
  </secondary_outcome>
  <secondary_outcome>
    <measure>Number of infiltration zones of pulmonary parenchyma corresponding to viral pneumonia detected by low-dose CT scan in comparison with standard CT scan.</measure>
    <time_frame>Upon completion, up to 1 year</time_frame>
    <description>Expected number - more than two zones.</description>
  </secondary_outcome>
  <number_of_arms>2</number_of_arms>
  <enrollment type="Actual">230</enrollment>
  <condition>Pneumonia</condition>
  <condition>Coronavirus Infection</condition>
  <arm_group>
    <arm_group_label>Standard Chest CT</arm_group_label>
    <arm_group_type>Active Comparator</arm_group_type>
  </arm_group>
  <arm_group>
    <arm_group_label>Low-dose Chest CT</arm_group_label>
    <arm_group_type>Experimental</arm_group_type>
  </arm_group>
  <intervention>
    <intervention_type>Diagnostic Test</intervention_type>
    <intervention_name>Low-dose Chest CT</intervention_name>
    <description>Patients referred by the primary care physician with suspected pneumonia.</description>
    <arm_group_label>Low-dose Chest CT</arm_group_label>
    <arm_group_label>Standard Chest CT</arm_group_label>
  </intervention>
  <eligibility>
    <criteria>
      <textblock>
        Inclusion Criteria:

          -  A referral from the attending physician for a chest CT scan

          -  Suspected pneumonia

          -  Signed informed consent

          -  Over 18 years old

          -  Both male and female

        Exclusion Criteria:

          -  Pregnant or nursing women

          -  Presence of foreign implanted objects in the body at the scan level (including cardiac
             pacemakers, spine metalware)

          -  Patients after surgical intervention at the level of the chest organs

          -  Cancer patients
      </textblock>
    </criteria>
    <gender>All</gender>
    <minimum_age>18 Years</minimum_age>
    <maximum_age>N/A</maximum_age>
    <healthy_volunteers>No</healthy_volunteers>
  </eligibility>
  <location>
    <facility>
      <name>Victor Gombolevskiy</name>
      <address>
        <city>Moscow</city>
        <zip>109029</zip>
        <country>Russian Federation</country>
      </address>
    </facility>
  </location>
  <location_countries>
    <country>Russian Federation</country>
  </location_countries>
  <reference>
    <citation>Huang C, Wang Y, Li X, Ren L, Zhao J, Hu Y, Zhang L, Fan G, Xu J, Gu X, Cheng Z, Yu T, Xia J, Wei Y, Wu W, Xie X, Yin W, Li H, Liu M, Xiao Y, Gao H, Guo L, Xie J, Wang G, Jiang R, Gao Z, Jin Q, Wang J, Cao B. Clinical features of patients infected with 2019 novel coronavirus in Wuhan, China. Lancet. 2020 Feb 15;395(10223):497-506. doi: 10.1016/S0140-6736(20)30183-5. Epub 2020 Jan 24. Erratum in: Lancet. 2020 Jan 30;:.</citation>
    <PMID>31986264</PMID>
  </reference>
  <verification_date>May 2020</verification_date>
  <study_first_submitted>April 30, 2020</study_first_submitted>
  <study_first_submitted_qc>May 6, 2020</study_first_submitted_qc>
  <study_first_posted type="Actual">May 7, 2020</study_first_posted>
  <last_update_submitted>June 10, 2020</last_update_submitted>
  <last_update_submitted_qc>June 10, 2020</last_update_submitted_qc>
  <last_update_posted type="Actual">June 12, 2020</last_update_posted>
  <responsible_party>
    <responsible_party_type>Principal Investigator</responsible_party_type>
    <investigator_affiliation>Research and Practical Clinical Center for Diagnostics and Telemedicine Technologies of the Moscow Health Care Department</investigator_affiliation>
    <investigator_full_name>Sergey Morozov</investigator_full_name>
    <investigator_title>Chief Research Officer</investigator_title>
  </responsible_party>
  <keyword>Low-dose CT</keyword>
  <keyword>Community-acquired pneumonia</keyword>
  <keyword>Computed tomography</keyword>
  <condition_browse>
    <!-- CAUTION:  The following MeSH terms are assigned with an imperfect algorithm            -->
    <mesh_term>Coronavirus Infections</mesh_term>
    <mesh_term>Severe Acute Respiratory Syndrome</mesh_term>
    <mesh_term>Pneumonia</mesh_term>
  </condition_browse>
  <patient_data>
    <sharing_ipd>No</sharing_ipd>
  </patient_data>
  <!-- Results have not yet been posted for this study                                          -->
</clinical_study>

