<?xml version="1.0" encoding="UTF-8"?>
<clinical_study rank="1325">
  <!-- This xml conforms to an XML Schema at:
    https://clinicaltrials.gov/ct2/html/images/info/public.xsd -->
  <required_header>
    <download_date>ClinicalTrials.gov processed this data on September 22, 2020</download_date>
    <link_text>Link to the current ClinicalTrials.gov record.</link_text>
    <url>https://clinicaltrials.gov/show/NCT04341480</url>
  </required_header>
  <id_info>
    <org_study_id>2020-TJ-COVID-19</org_study_id>
    <nct_id>NCT04341480</nct_id>
  </id_info>
  <brief_title>The Safety of Chemotherapy for Patients With Gynecological Malignancy in High-risk Region of COVID-19</brief_title>
  <official_title>The Safety of Chemotherapy for Patients With Gynecological Malignancy in High-risk Region of COVID-19, a Prospective Cohort Study</official_title>
  <sponsors>
    <lead_sponsor>
      <agency>Tongji Hospital</agency>
      <agency_class>Other</agency_class>
    </lead_sponsor>
  </sponsors>
  <source>Tongji Hospital</source>
  <oversight_info>
    <is_fda_regulated_drug>No</is_fda_regulated_drug>
    <is_fda_regulated_device>No</is_fda_regulated_device>
  </oversight_info>
  <brief_summary>
    <textblock>
      A novel severe acute respiratory syndrome coronavirus 2 (SARS-CoV-2) disease (COVID-19)
      emerged at December 2019 in Wuhan, China, and soon caused a large global outbreak. The
      delayed treatment for many chronic diseases, due to the concern of SARS-CoV-2 infection, is
      an increasing serious problem. Here we investigate the safety of chemotherapy for patients
      with gynecological malignancy in Wuhan, the center of high-risk regions of COVID-19.
    </textblock>
  </brief_summary>
  <detailed_description>
    <textblock>
      A novel severe acute respiratory syndrome coronavirus 2 (SARS-CoV-2; previously provisionally
      named 2019 novel coronavirus or 2019-nCoV) disease (COVID-19) emerged at December 2019 in
      Wuhan, Hubei Province, China. This infectious disease soon caused a large global outbreak and
      became a major public health issue. As of 19:00, 12 March 2020, the total number of confirmed
      cases of SARS-CoV-2 in China has reached 80982 with 3173 death, and 110 other countries have
      officially reported 45164 cases of SARS-CoV-2 infection with 1520 death.

      In this particular time, only patients with SARS-CoV-2 or other diseases with an emergency
      condition were receipted by most of the hospitals in Hubei Province, even in many other
      regions of China. The delayed treatment for many chronic diseases, such as malignant tumors,
      is an increasing serious problem. One major concern was that patients with malignant tumors
      were generally older in age with low immunity. Preliminary study has shown that cancer
      patients are most susceptible to infect SARS-CoV-2 and more likely to develop a severe
      pneumonia. But many other researches suspected that conclusion. Moreover, many of the
      patients with malignant tumors are facing short term death from tumors rather than the risk
      of infection. Nevertheless, there is not sufficient evidence to insure the safety of
      chemotherapy in high-risk region of COVID-19, and there is also not sufficient information to
      judge which patients' tumor therapy can be appropriately delayed. Here we investigate the
      safety of chemotherapy for patients with gynecological malignancy in Wuhan, the center of
      high-risk regions of COVID-19.
    </textblock>
  </detailed_description>
  <overall_status>Not yet recruiting</overall_status>
  <start_date type="Anticipated">April 10, 2020</start_date>
  <completion_date type="Anticipated">July 10, 2020</completion_date>
  <primary_completion_date type="Anticipated">July 10, 2020</primary_completion_date>
  <study_type>Observational</study_type>
  <has_expanded_access>No</has_expanded_access>
  <study_design_info>
    <observational_model>Cohort</observational_model>
    <time_perspective>Prospective</time_perspective>
  </study_design_info>
  <primary_outcome>
    <measure>SARS-CoV-2 infection</measure>
    <time_frame>through study completion, an average of 3 months.</time_frame>
    <description>Incidence rate of SARS-CoV-2 infection within the whole period of the study.</description>
  </primary_outcome>
  <secondary_outcome>
    <measure>Tumor response</measure>
    <time_frame>6 weeks after enrollment.</time_frame>
    <description>Tumor response by determining changes (PD, SD, PR, CR) according to Response Evaluation Criteria in Solid Tumours (RECIST), version 1.1</description>
  </secondary_outcome>
  <secondary_outcome>
    <measure>Safety and tolerability</measure>
    <time_frame>through study completion, an average of 3 months.</time_frame>
    <description>Safety and tolerability of chemotherapy as measured by the Common Terminology Criteria for Adverse Events (version 4.0)</description>
  </secondary_outcome>
  <secondary_outcome>
    <measure>Patient-reported outcomes</measure>
    <time_frame>through study completion, an average of 3 months.</time_frame>
    <description>Patient-reported outcomes are measured using the EORTC quality of life questionnaire core-30 (QLQ-C30).</description>
  </secondary_outcome>
  <number_of_groups>2</number_of_groups>
  <enrollment type="Anticipated">207</enrollment>
  <condition>Gynecological Cancer</condition>
  <arm_group>
    <arm_group_label>Chemotherapy group</arm_group_label>
    <description>Routine chemotherapy every 3 weeks for 2 cycles, and follow up for 2 weeks after discharge from hospital. Total observation duration is 6 weeks.</description>
  </arm_group>
  <arm_group>
    <arm_group_label>Control group</arm_group_label>
    <description>No treatment, based on patient's choice. Total observation duration is 6 weeks.</description>
  </arm_group>
  <intervention>
    <intervention_type>Drug</intervention_type>
    <intervention_name>Chemotherapy</intervention_name>
    <description>Routine chemotherapy for individual tumor type.</description>
    <arm_group_label>Chemotherapy group</arm_group_label>
  </intervention>
  <eligibility>
    <study_pop>
      <textblock>
        Patients with gynecological malignancy.
      </textblock>
    </study_pop>
    <sampling_method>Non-Probability Sample</sampling_method>
    <criteria>
      <textblock>
        Inclusion Criteria:

          -  Patient is 18 to 80 years old female.

          -  Patient must have histologically confirmed either type of gynecological malignancies.

          -  Chemotherapy must be essential for the patient.

        Exclusion Criteria:

          -  Diagnosed or suspected patients with covid-19 pneumonia, according to the symptom,
             nucleic acid tests, antibody tests for SARS-CoV-2, or CT scan of the lungs.

          -  Patient has a prior SARS-CoV-2 infection without clinical cure for 28 days.

          -  Patient has close contact with diagnosed or suspected SARS-CoV-2 infected person
             within 14 days.

          -  Patient has inadequate general condition, severe complication or organ dysfunction not
             fit for chemotherapy (based on the judgment of researchers).

          -  Patient or the family refuses to sign the informed consent.

          -  Patient does not cooperate in following up.
      </textblock>
    </criteria>
    <gender>Female</gender>
    <minimum_age>18 Years</minimum_age>
    <maximum_age>80 Years</maximum_age>
    <healthy_volunteers>No</healthy_volunteers>
  </eligibility>
  <overall_contact>
    <last_name>Qinglei Gao, Dr.</last_name>
    <phone>+86-13871127473</phone>
    <email>qingleigao@hotmail.com</email>
  </overall_contact>
  <location>
    <facility>
      <name>Tongji Hospital, Tongji Medical College, Huazhong University of Science and Technology</name>
      <address>
        <city>Wuhan</city>
        <state>Hubei</state>
        <zip>430030</zip>
        <country>China</country>
      </address>
    </facility>
    <contact>
      <last_name>Qinglei Gao, Dr.</last_name>
      <phone>+86-13871127473</phone>
      <email>qingleigao@hotmail.com</email>
    </contact>
  </location>
  <location_countries>
    <country>China</country>
  </location_countries>
  <verification_date>April 2020</verification_date>
  <study_first_submitted>April 7, 2020</study_first_submitted>
  <study_first_submitted_qc>April 9, 2020</study_first_submitted_qc>
  <study_first_posted type="Actual">April 10, 2020</study_first_posted>
  <last_update_submitted>April 9, 2020</last_update_submitted>
  <last_update_submitted_qc>April 9, 2020</last_update_submitted_qc>
  <last_update_posted type="Actual">April 10, 2020</last_update_posted>
  <responsible_party>
    <responsible_party_type>Principal Investigator</responsible_party_type>
    <investigator_affiliation>Tongji Hospital</investigator_affiliation>
    <investigator_full_name>Qinglei Gao</investigator_full_name>
    <investigator_title>Professor</investigator_title>
  </responsible_party>
  <keyword>COVID-19</keyword>
  <keyword>SARS-CoV-2</keyword>
  <keyword>Gynecological cancer</keyword>
  <keyword>Chemotherapy</keyword>
  <condition_browse>
    <!-- CAUTION:  The following MeSH terms are assigned with an imperfect algorithm            -->
    <mesh_term>Neoplasms</mesh_term>
  </condition_browse>
  <patient_data>
    <sharing_ipd>Undecided</sharing_ipd>
    <ipd_description>Undecided</ipd_description>
  </patient_data>
  <!-- Results have not yet been posted for this study                                          -->
</clinical_study>

