<?xml version="1.0" encoding="UTF-8"?>
<clinical_study rank="2654">
  <!-- This xml conforms to an XML Schema at:
    https://clinicaltrials.gov/ct2/html/images/info/public.xsd -->
  <required_header>
    <download_date>ClinicalTrials.gov processed this data on September 22, 2020</download_date>
    <link_text>Link to the current ClinicalTrials.gov record.</link_text>
    <url>https://clinicaltrials.gov/show/NCT04339712</url>
  </required_header>
  <id_info>
    <org_study_id>ESCAPE</org_study_id>
    <secondary_id>2020-001039-29</secondary_id>
    <nct_id>NCT04339712</nct_id>
  </id_info>
  <brief_title>Personalised Immunotherapy for SARS-CoV-2 (COVID-19) Associated With Organ Dysfunction</brief_title>
  <acronym>ESCAPE</acronym>
  <official_title>Efficiency in Management of Organ Dysfunction Associated With Infection by the Novel SARS-CoV-2 Virus (COVID-19) Through a Personalized Immunotherapy Approach: the ESCAPE Clinical Trial</official_title>
  <sponsors>
    <lead_sponsor>
      <agency>Hellenic Institute for the Study of Sepsis</agency>
      <agency_class>Other</agency_class>
    </lead_sponsor>
  </sponsors>
  <source>Hellenic Institute for the Study of Sepsis</source>
  <oversight_info>
    <has_dmc>No</has_dmc>
    <is_fda_regulated_drug>No</is_fda_regulated_drug>
    <is_fda_regulated_device>No</is_fda_regulated_device>
  </oversight_info>
  <brief_summary>
    <textblock>
      Our aim is to conduct one trial of personalized immunotherapy in patients with SARS-CoV-2
      (COVID-19) associated with organ dysfunction and with laboratory findings of macrophage
      activation syndrome or immune dysregulation. These patients will be selected by the use of a
      panel of biomarkers and laboratory findings and they will be allocated to immunotherapy
      treatment according to their needs.
    </textblock>
  </brief_summary>
  <detailed_description>
    <textblock>
      Humanity is experiencing since November 2019 a new pandemic by the novel SARS Coronavirus-19
      (SARS-CoV-2). As of March 16 2020 170,191 documented case were reported worldwide of which
      6,526 died1. The analysis of the clinical characteristics of these patients showed that among
      those who were critically ill with acute respiratory failure the risk of death was as high as
      60%2. Main clinical feature is the presence of comorbidities and age more than 60 years
      whereas main laboratory findings are leukopenia and lymphopenia with hepatic dysfunction and
      increase of D-dimers3,4. It is also reported that these patients suffer from intense
      pro-inflammation where hyper-cytokinemia predominates5,6.

      The above characteristics lead to consider two main mechanisms of pathogenesis of this
      critical condition: macrophage activation syndrome (MAS) and immune dysregulation. Early and
      correct understanding of the mechanism and management are of prime importance. This can be
      achieved only through a therapeutic protocol where the early recognition of the immune state
      can be done with the use of biomarkers and with the delivery of the precise treatment aiming
      to the correction of the immune dysregulation.

      Data of the Hellenic Sepsis Study Group indicate that MAS can be diagnosed with reliability
      using serum ferritin7. Concentrations greater than 4,420ng/ml possess diagnostic specificity
      97.3% and negative predictive value 98%. According to these data, the risk of developing MAS
      is greater among patients with comorbidities like type 2 diabetes mellitus and heart failure
      who are prone to hyper-production of interleukin (IL)-1β by tissue macrophages8. A recent
      retrospective analysis of patients with severe sepsis and MAS showed that the administration
      of anakinra decreased 28-day mortality by 30%9. Anakinra is the recombinant antagonist of
      human IL-1β receptor. IL-1β over-production is the hallmark of the pathogenesis of MAS.
      Results of a phase III study in 906 patients showed that anakinra was a very safe drug: there
      was neither excess mortality nor increased susceptibility to secondary infections9. Since
      November 2017 the randomized clinical trial entitled &quot;A trial of validation and restoration
      of immune dysfunction in severe infections and sepsis, PROVIDE&quot; (EudraCT number:
      2017-002171-26, approval 78/17 by the National Ethics Committee, approval IS 75/17 by the
      National Organization for Medicines, ClinicalTrials.gov NCT03332225). In this study patients
      with sepsis and laboratory diagnosis of MAS are randomized to treatment with placebo or
      anakinra for seven days. Enrolment was completed in December 2019 and no drug related adverse
      events have been reported.

      Recent unpublished data of the Hellenic Sepsis Study Group demonstrate that patients with
      immune dysregulation have profound lymphopenia associated with elevated IL-6. This is in
      accordance with evidence of the H1N1 pandemic where patients with pneumonia had substantial
      lymphopenia and increased Τ regulatory lymphocytes (Treg). This increase of Τreg was
      prominent among patients with comorbidities like diabetes mellitus, chronic heart failure and
      chronic obstructive pulmonary disease10,11. The IL-6 blocker tocilizumab is a promising
      candidate for the reversal of this immune dysregulation.

      ESCAPE is an address to the personalized management of life-threatening organ dysfunction by
      SARS-CoV-2. More precisely, patients infected by SARS-CoV-2 associated with MAS and immune
      dysregulation will be administered treatment with anakinra and tocilizumab respectively.
    </textblock>
  </detailed_description>
  <overall_status>Recruiting</overall_status>
  <start_date type="Actual">April 2, 2020</start_date>
  <completion_date type="Anticipated">April 1, 2022</completion_date>
  <primary_completion_date type="Anticipated">April 1, 2022</primary_completion_date>
  <phase>Phase 2</phase>
  <study_type>Interventional</study_type>
  <has_expanded_access>No</has_expanded_access>
  <study_design_info>
    <allocation>Non-Randomized</allocation>
    <intervention_model>Factorial Assignment</intervention_model>
    <intervention_model_description>Treatment with tocilizumab or anakinra</intervention_model_description>
    <primary_purpose>Treatment</primary_purpose>
    <masking>None (Open Label)</masking>
  </study_design_info>
  <primary_outcome>
    <measure>Change of baseline total sequential organ failure assessment (SOFA) score</measure>
    <time_frame>Visit study day 8</time_frame>
    <description>At least 25% decrease between baseline sequential organ failure assessment SOFA score and measured sequential organ failure assessment SOFA score at Study Day 8</description>
  </primary_outcome>
  <primary_outcome>
    <measure>Improvement of lung involvement measurements</measure>
    <time_frame>Visit study day 8</time_frame>
    <description>Resolution of all criteria of lower respiratory tract involvemed that led to study inclusion (except findings from imaging studies) at Study Day 8</description>
  </primary_outcome>
  <primary_outcome>
    <measure>Increase of pO2/FiO2 ratio</measure>
    <time_frame>Visit Study Day 8</time_frame>
    <description>At least 50% increase of pO2/FiO2 ratio between baseline and study visit Day 8</description>
  </primary_outcome>
  <secondary_outcome>
    <measure>Comparison of change of baseline total sequential organ failure assessment (SOFA) score in enrolled subjects towards historical comparators</measure>
    <time_frame>Screening, Day 8</time_frame>
    <description>Change of total sequential organ failure assessment (SOFA) score between baseline and study visit day 8 will be compared with historical comparators from Hellenic Sepsis Study Group Database (Sequential organ failure assessment range 0-24, high score associated with worst outcome)</description>
  </secondary_outcome>
  <secondary_outcome>
    <measure>Comparison of change of lung involvement measurements in enrolled subjects towards historical comparators</measure>
    <time_frame>Screening, Day 8</time_frame>
    <description>Change of lung involvement measurements between baseline and study visit day 8 will be compared with historical comparators from Hellenic Sepsis Study Group Database</description>
  </secondary_outcome>
  <secondary_outcome>
    <measure>Comparison of pO2/FiO2 ratio in enrolled subjects towards historical comparators</measure>
    <time_frame>Screening, Day 8</time_frame>
    <description>Comparison of increase in pO2/FiO2 ratio towards historical comparators from Hellenic Sepsis Study Group Database</description>
  </secondary_outcome>
  <secondary_outcome>
    <measure>Change of sequential organ failure assessment (SOFA) score</measure>
    <time_frame>Day 28</time_frame>
    <description>Change of Sequential organ failure assessment (SOFA) score on day 28 (Sequential organ failure assessment range 0-24, high score associated with worst outcome)</description>
  </secondary_outcome>
  <secondary_outcome>
    <measure>Rate of Mortality</measure>
    <time_frame>Day 28</time_frame>
    <description>Mortality on day 28</description>
  </secondary_outcome>
  <secondary_outcome>
    <measure>Rate of Mortality</measure>
    <time_frame>Day 90</time_frame>
    <description>Mortality on day 90</description>
  </secondary_outcome>
  <secondary_outcome>
    <measure>Cytokine stimulation</measure>
    <time_frame>Screening, Day 4</time_frame>
    <description>Cytokine stimulation from peripheral blood mononuclear cells will be compared between days 0 and 4</description>
  </secondary_outcome>
  <secondary_outcome>
    <measure>Gene expression</measure>
    <time_frame>Screening, Day 4</time_frame>
    <description>Gene expression of peripheral blood mononuclear cells will be compared between days 0 and 4</description>
  </secondary_outcome>
  <secondary_outcome>
    <measure>Serum/plasma proteins</measure>
    <time_frame>Screening, Day 4</time_frame>
    <description>Change of serum/plasma proteins between days 0 and 4</description>
  </secondary_outcome>
  <secondary_outcome>
    <measure>Classification of the immune function</measure>
    <time_frame>Screening</time_frame>
    <description>Classification of immune function of screened patients who are not enrolled in study drug since they are not characterized with MAS or immune dysregulation</description>
  </secondary_outcome>
  <number_of_arms>2</number_of_arms>
  <enrollment type="Anticipated">40</enrollment>
  <condition>COVID-19</condition>
  <condition>Virus Diseases</condition>
  <condition>Macrophage Activation Syndrome</condition>
  <condition>Corona Virus Infection</condition>
  <arm_group>
    <arm_group_label>anakinra</arm_group_label>
    <arm_group_type>Experimental</arm_group_type>
    <description>In case of diagnosis of MAS, IV anakinra 200mg three times daily (every eight hours) for 7 days. Patients who will receive anakinra treatment and who suffer from kidney dysfunction will receive 50% of the dose i.e. 100mg anakinra three times daily for 15 days</description>
  </arm_group>
  <arm_group>
    <arm_group_label>tocilizumab</arm_group_label>
    <arm_group_type>Experimental</arm_group_type>
    <description>In case of diagnosis of immune dysregulation IV tocilizumab 8mg/kg body weight once up to a maximum of 800mg. These patients will receive anakinra at the above dose in case they meet one of the following contra-indications for tocilizumab:
absolute neutrophil count less than 2,500/mm3;
absolute platelet count less than 100,000/mm3; and
AST or ALT more than 1.5 x the upper normal limit</description>
  </arm_group>
  <intervention>
    <intervention_type>Drug</intervention_type>
    <intervention_name>Anakinra</intervention_name>
    <description>In case of diagnosis of MAS treatment with anakinra</description>
    <arm_group_label>anakinra</arm_group_label>
    <other_name>kineret</other_name>
  </intervention>
  <intervention>
    <intervention_type>Drug</intervention_type>
    <intervention_name>Tocilizumab</intervention_name>
    <description>In case of diagnosis of immune dysregulation treatment with tocilizumab</description>
    <arm_group_label>tocilizumab</arm_group_label>
    <other_name>RoActemra</other_name>
  </intervention>
  <eligibility>
    <criteria>
      <textblock>
        Inclusion Criteria:

          -  Age equal to or above 18 years

          -  Male or female gender

          -  In case of women, unwillingness to remain pregnant during the study period.

          -  Written informed consent provided by the patient or by one first-degree
             relative/spouse in case of patients unable to consent

          -  Confirmed infection by SARS-CoV-2 virus using molecular techniques as defined by the
             World Health Organization11

          -  Organ dysfunction defined as the presence of at least one of the following conditions:

               -  Total SOFA score greater than or equal to 2;

               -  Involvement of the lower respiratory tract

          -  Laboratory documentation of MAS or immune dysregulation. MAS is documented by the
             findings of any serum ferritin greater than 4,420ng/ml. immune dysregulation is
             documented by the combination of two findings: a) serum ferritin equal to or lower
             than 4,420ng/ml; and b) less than 5,000 receptors of the membrane molecule of HLA-DR
             on the cell membrane of blood CD14-monocytes or less than 30 MFI of HLA-DR on the cell
             membrane of blood CD14-monocytes as counted by flow cytometry

        Exclusion Criteria:

          -  Age below 18 years

          -  Denial for written informed consent

          -  Any stage IV malignancy

          -  Any do not resuscitate decision

          -  Active tuberculosis (TB) as defined by the co-administration of drugs for the
             treatment of TB

          -  Infection by the human immunodeficiency virus (HIV)

          -  Any primary immunodeficiency

          -  Oral or IV intake of corticosteroids at a daily dose equal or greater than 0.4 mg
             prednisone or greater the last 15 days.

          -  Any anti-cytokine biological treatment the last one month

          -  Medical history of systemic lupus erythematosus

          -  Medical history of multiple sclerosis or any other demyelinating disorder.

          -  Pregnancy or lactation. Women of child-bearing potential will be screened by a urine
             pregnancy test before inclusion in the study
      </textblock>
    </criteria>
    <gender>All</gender>
    <minimum_age>18 Years</minimum_age>
    <maximum_age>N/A</maximum_age>
    <healthy_volunteers>No</healthy_volunteers>
  </eligibility>
  <overall_official>
    <last_name>Apostolos Armaganidis, MD, PhD</last_name>
    <role>Principal Investigator</role>
    <affiliation>National Kapodistrian University of Athens, Medical School</affiliation>
  </overall_official>
  <overall_contact>
    <last_name>Evangelos Giamarellos-Bourboulis, MD, PhD</last_name>
    <phone>+302107480662</phone>
    <email>egiamarel@med.uoa.gr</email>
  </overall_contact>
  <overall_contact_backup>
    <last_name>Antigoni Kotsaki, MD, PhD</last_name>
    <phone>+306946637164</phone>
    <email>antigonebut@yahoo.com</email>
  </overall_contact_backup>
  <location>
    <facility>
      <name>2nd Department of Critical Care Medicine, ATTIKON University Hospital</name>
      <address>
        <city>Athens</city>
        <state>Haidari</state>
        <zip>12462</zip>
        <country>Greece</country>
      </address>
    </facility>
    <status>Recruiting</status>
    <contact>
      <last_name>Apostolos Armaganidis, MD, PhD</last_name>
      <phone>+306945468736</phone>
      <email>aarmag@med.uoa.gr</email>
    </contact>
  </location>
  <location>
    <facility>
      <name>Intensive Care Unit, Ioannina University Hospital</name>
      <address>
        <city>Ioánnina</city>
        <state>Ioannina</state>
        <zip>45500</zip>
        <country>Greece</country>
      </address>
    </facility>
    <status>Recruiting</status>
    <contact>
      <last_name>Vassilios Koulouras, MD, PhD</last_name>
      <phone>+306972840476</phone>
      <email>vpkoulouras@yahoo.gr</email>
    </contact>
  </location>
  <location>
    <facility>
      <name>Department of Internal Medicine, Patras University Hospital</name>
      <address>
        <city>Patras</city>
        <state>Rion</state>
        <zip>26504</zip>
        <country>Greece</country>
      </address>
    </facility>
    <status>Recruiting</status>
    <contact>
      <last_name>Charalambos Gogos, MD, PhD</last_name>
      <phone>+306944799784</phone>
      <email>cgogos@med.upatras.gr</email>
    </contact>
  </location>
  <location>
    <facility>
      <name>Department of Internal Medicine, I PAMMAKARISTOS Hospital</name>
      <address>
        <city>Athens</city>
        <zip>11144</zip>
        <country>Greece</country>
      </address>
    </facility>
    <status>Recruiting</status>
    <contact>
      <last_name>Ioannis Baraboutis, MD</last_name>
      <phone>+306932623459</phone>
      <email>ioannisbaraboutis@gmail.com</email>
    </contact>
  </location>
  <location>
    <facility>
      <name>Intensive Care Unit, General Hospital of Athens KORGIALENIO-BENAKIO E.E.S.</name>
      <address>
        <city>Athens</city>
        <zip>11526</zip>
        <country>Greece</country>
      </address>
    </facility>
    <status>Recruiting</status>
    <contact>
      <last_name>Maria Patrani, MD, PhD</last_name>
      <phone>+306946665991</phone>
      <email>mpatrani@gmail.com</email>
    </contact>
  </location>
  <location>
    <facility>
      <name>1st Department of Pulmonary Medicine and Intensive Care Unit</name>
      <address>
        <city>Athens</city>
        <zip>11527</zip>
        <country>Greece</country>
      </address>
    </facility>
    <status>Recruiting</status>
    <contact>
      <last_name>Antonia Koutsoukou, MD, PhD</last_name>
      <phone>+306945491468</phone>
      <email>koutsoukou@yahoo.gr</email>
    </contact>
  </location>
  <location>
    <facility>
      <name>Intensive Care Unit, General Hospital of Athens IPPOKRATEIO</name>
      <address>
        <city>Athens</city>
        <zip>11527</zip>
        <country>Greece</country>
      </address>
    </facility>
    <status>Recruiting</status>
    <contact>
      <last_name>Georgios Kofinas, MD, PhD</last_name>
      <phone>+306974501110</phone>
      <email>kofinasgeorge@yahoo.gr</email>
    </contact>
  </location>
  <location>
    <facility>
      <name>4th Department of Internal Medicine, Attikon University Hospital</name>
      <address>
        <city>Athens</city>
        <zip>12462</zip>
        <country>Greece</country>
      </address>
    </facility>
    <status>Recruiting</status>
    <contact>
      <last_name>Anastasia Antoniadou, MD, PhD</last_name>
      <phone>+302105831990</phone>
      <email>ananto@med.uoa.gr</email>
    </contact>
  </location>
  <location>
    <facility>
      <name>Intensive Care Unit, General Hospital ASKLEPIEIO Voulas</name>
      <address>
        <city>Athens</city>
        <zip>16673</zip>
        <country>Greece</country>
      </address>
    </facility>
    <status>Recruiting</status>
    <contact>
      <last_name>Aikaterini Ioakeimidou, MD</last_name>
      <phone>+306974579319</phone>
      <email>katioakim@gmail.com</email>
    </contact>
  </location>
  <location>
    <facility>
      <name>Intensive Care Unit, &quot;Latsio&quot;, Thriasio Elefsis General Hospital</name>
      <address>
        <city>Elefsína</city>
        <zip>19600</zip>
        <country>Greece</country>
      </address>
    </facility>
    <status>Recruiting</status>
    <contact>
      <last_name>Nikolaos Markou, MD, PhD</last_name>
      <phone>+306973404627</phone>
      <email>nikolaos_markou@hotmail.com</email>
    </contact>
  </location>
  <location>
    <facility>
      <name>Intensive Care Unit, &quot;Koutlimbaneio &amp; Triantafylleio&quot; Larissa General Hospital</name>
      <address>
        <city>Larissa</city>
        <zip>41221</zip>
        <country>Greece</country>
      </address>
    </facility>
    <status>Recruiting</status>
    <contact>
      <last_name>Apostolos Komnos, MD, PhD</last_name>
      <phone>+306944670163</phone>
      <email>komnosapo@gmail.com</email>
    </contact>
  </location>
  <location>
    <facility>
      <name>Department of Internal Medicine, Larissa University Hospital</name>
      <address>
        <city>Larissa</city>
        <zip>41334</zip>
        <country>Greece</country>
      </address>
    </facility>
    <status>Recruiting</status>
    <contact>
      <last_name>George Dalekos, MD, PhD</last_name>
      <phone>+302410685701</phone>
      <email>dalekos@med.uth.gr</email>
    </contact>
  </location>
  <location>
    <facility>
      <name>Intensive Care Unit, AGIOS DIMITRIOS General Hospital of Thessaloniki</name>
      <address>
        <city>Thessaloniki</city>
        <zip>54 634</zip>
        <country>Greece</country>
      </address>
    </facility>
    <status>Recruiting</status>
    <contact>
      <last_name>Glykeria Vlachogianni, MD</last_name>
      <phone>+30 2313 322173</phone>
      <email>glykav@otenet.gr</email>
    </contact>
  </location>
  <location>
    <facility>
      <name>Intensive Care Unit, G. GENNIMATAS General Hospital of Thessaloniki</name>
      <address>
        <city>Thessaloniki</city>
        <zip>546 35</zip>
        <country>Greece</country>
      </address>
    </facility>
    <status>Recruiting</status>
    <contact>
      <last_name>Eleni Antoniadou, MD</last_name>
      <phone>+30 2310 963321</phone>
      <email>eleni.antoniadou@gmail.com</email>
    </contact>
  </location>
  <location>
    <facility>
      <name>Intensive Care Unit, Theageneio Oncological Hospital of Thessaloniki</name>
      <address>
        <city>Thessaloniki</city>
        <zip>546 39</zip>
        <country>Greece</country>
      </address>
    </facility>
    <status>Recruiting</status>
    <contact>
      <last_name>Souzana Anisoglou, MD</last_name>
      <phone>+30 213 898200</phone>
      <email>souzanis@freemail.gr</email>
    </contact>
  </location>
  <location>
    <facility>
      <name>Intensive Care Unit, General Hospital of Thessaloniki IPPOKRATEIO</name>
      <address>
        <city>Thessaloniki</city>
        <zip>546 42</zip>
        <country>Greece</country>
      </address>
    </facility>
    <status>Recruiting</status>
    <contact>
      <last_name>Eleni Mouloudi, MD, PhD</last_name>
      <phone>+30 2310 892000</phone>
      <email>elmoulou@yahoo.gr</email>
    </contact>
  </location>
  <location>
    <facility>
      <name>Department of Anesthesiology and Intensive Care Medicine, University General Hospital of Thessaloniki AHEPA</name>
      <address>
        <city>Thessaloniki</city>
        <zip>54636</zip>
        <country>Greece</country>
      </address>
    </facility>
    <status>Recruiting</status>
    <contact>
      <last_name>Eleni Geka, MD</last_name>
      <phone>+306976445521</phone>
      <email>gekhel@gmail.com</email>
    </contact>
  </location>
  <location_countries>
    <country>Greece</country>
  </location_countries>
  <verification_date>April 2020</verification_date>
  <study_first_submitted>April 1, 2020</study_first_submitted>
  <study_first_submitted_qc>April 6, 2020</study_first_submitted_qc>
  <study_first_posted type="Actual">April 9, 2020</study_first_posted>
  <last_update_submitted>April 21, 2020</last_update_submitted>
  <last_update_submitted_qc>April 21, 2020</last_update_submitted_qc>
  <last_update_posted type="Actual">April 22, 2020</last_update_posted>
  <responsible_party>
    <responsible_party_type>Sponsor</responsible_party_type>
  </responsible_party>
  <keyword>COVID-19</keyword>
  <keyword>SARS-CoV-2</keyword>
  <keyword>MAS</keyword>
  <keyword>Anakinra</keyword>
  <keyword>Tocilizumab</keyword>
  <condition_browse>
    <!-- CAUTION:  The following MeSH terms are assigned with an imperfect algorithm            -->
    <mesh_term>Infection</mesh_term>
    <mesh_term>Virus Diseases</mesh_term>
    <mesh_term>Coronavirus Infections</mesh_term>
    <mesh_term>Severe Acute Respiratory Syndrome</mesh_term>
    <mesh_term>Macrophage Activation Syndrome</mesh_term>
  </condition_browse>
  <intervention_browse>
    <!-- CAUTION:  The following MeSH terms are assigned with an imperfect algorithm            -->
    <mesh_term>Interleukin 1 Receptor Antagonist Protein</mesh_term>
  </intervention_browse>
  <patient_data>
    <sharing_ipd>No</sharing_ipd>
  </patient_data>
  <!-- Results have not yet been posted for this study                                          -->
</clinical_study>

