<?xml version="1.0" encoding="UTF-8"?>
<clinical_study rank="2583">
  <!-- This xml conforms to an XML Schema at:
    https://clinicaltrials.gov/ct2/html/images/info/public.xsd -->
  <required_header>
    <download_date>ClinicalTrials.gov processed this data on September 22, 2020</download_date>
    <link_text>Link to the current ClinicalTrials.gov record.</link_text>
    <url>https://clinicaltrials.gov/show/NCT04343651</url>
  </required_header>
  <id_info>
    <org_study_id>CD10_COVID-19</org_study_id>
    <nct_id>NCT04343651</nct_id>
  </id_info>
  <brief_title>Study to Evaluate the Efficacy and Safety of Leronlimab for Mild to Moderate COVID-19</brief_title>
  <official_title>A Phase 2, Randomized, Double Blind, Placebo Controlled Study to Evaluate the Efficacy and Safety of Leronlimab for Mild to Moderate Coronavirus Disease 2019 (COVID-19)</official_title>
  <sponsors>
    <lead_sponsor>
      <agency>CytoDyn, Inc.</agency>
      <agency_class>Industry</agency_class>
    </lead_sponsor>
  </sponsors>
  <source>CytoDyn, Inc.</source>
  <oversight_info>
    <has_dmc>Yes</has_dmc>
    <is_fda_regulated_drug>Yes</is_fda_regulated_drug>
    <is_fda_regulated_device>No</is_fda_regulated_device>
  </oversight_info>
  <brief_summary>
    <textblock>
      This is a Phase 2, two-arm, randomized, double blind, placebo controlled multicenter study to
      evaluate the safety and efficacy of leronlimab (PRO 140) in patients with mild-to-moderate
      symptoms of respiratory illness caused by coronavirus 2019 infection.
    </textblock>
  </brief_summary>
  <detailed_description>
    <textblock>
      This is a Phase 2, two-arm, randomized, double blind, placebo controlled multicenter study to
      evaluate the safety and efficacy of leronlimab (PRO 140) in patients with mild-to-moderate
      symptoms of respiratory illness caused by coronavirus 2019 infection. Patients will be
      randomized to receive weekly doses of 700 mg leronlimab (PRO 140), or placebo. Leronlimab
      (PRO 140) and placebo will be administered via subcutaneous injection.

      The study will have three phases: Screening Period, Treatment Period, and Follow-Up Period.

      A total of 75 subjects will be randomized 2:1 in this study.
    </textblock>
  </detailed_description>
  <overall_status>Active, not recruiting</overall_status>
  <start_date type="Actual">April 1, 2020</start_date>
  <completion_date type="Anticipated">August 31, 2020</completion_date>
  <primary_completion_date type="Actual">July 21, 2020</primary_completion_date>
  <phase>Phase 2</phase>
  <study_type>Interventional</study_type>
  <has_expanded_access>No</has_expanded_access>
  <study_design_info>
    <allocation>Randomized</allocation>
    <intervention_model>Parallel Assignment</intervention_model>
    <primary_purpose>Treatment</primary_purpose>
    <masking>Quadruple (Participant, Care Provider, Investigator, Outcomes Assessor)</masking>
  </study_design_info>
  <primary_outcome>
    <measure>Clinical Improvement as assessed by change in total symptom score (for fever, myalgia, dyspnea and cough)</measure>
    <time_frame>Day 14</time_frame>
    <description>Note: The total score per patient ranges from 0 to 12 points. Each symptom is graded from 0 to 3. [0=none, 1=mild, 2=moderate, and 3=severe]. Higher scores mean a worse outcome.</description>
  </primary_outcome>
  <secondary_outcome>
    <measure>Time to clinical resolution (TTCR)</measure>
    <time_frame>Day 14</time_frame>
  </secondary_outcome>
  <secondary_outcome>
    <measure>Change from baseline in National Early Warning Score 2 (NEWS2)</measure>
    <time_frame>Days 3, 7, and 14</time_frame>
    <description>This score is based on 7 clinical parameters (respiration rate, oxygen saturation, any supplemental oxygen, temperature, systolic blood pressure, heart rate, level of consciousness). Higher scores mean a worse outcome.</description>
  </secondary_outcome>
  <secondary_outcome>
    <measure>Change from baseline in pulse oxygen saturation (SpO2)</measure>
    <time_frame>Days 3, 7, and 14</time_frame>
  </secondary_outcome>
  <secondary_outcome>
    <measure>Change from baseline in the patient's health status on a 7-category ordinal scale</measure>
    <time_frame>Days 3, 7, and 14</time_frame>
    <description>A 7-category ordinal scale of patient health status ranges from: 1) Death; 2) Hospitalized, on invasive mechanical ventilation or extracorporeal membrane oxygenation (ECMO); 3) Hospitalized, on non-invasive ventilation or high flow oxygen devices; 4) Hospitalized, requiring supplemental oxygen; 5) Hospitalized, not requiring supplemental oxygen; 6) Not hospitalized, limitation on activities; 7) Not hospitalized, no limitations on activities.
Lower scores mean a worse outcome.</description>
  </secondary_outcome>
  <secondary_outcome>
    <measure>Incidence of hospitalization</measure>
    <time_frame>Day 14</time_frame>
  </secondary_outcome>
  <secondary_outcome>
    <measure>Duration (days) of hospitalization</measure>
    <time_frame>Day 14</time_frame>
  </secondary_outcome>
  <secondary_outcome>
    <measure>Incidence of mechanical ventilation supply</measure>
    <time_frame>Day 14</time_frame>
  </secondary_outcome>
  <secondary_outcome>
    <measure>Duration (days) of mechanical ventilation supply</measure>
    <time_frame>Day 14</time_frame>
  </secondary_outcome>
  <secondary_outcome>
    <measure>Incidence of oxygen use</measure>
    <time_frame>Day 14</time_frame>
  </secondary_outcome>
  <secondary_outcome>
    <measure>Duration (days) of oxygen use</measure>
    <time_frame>Day 14</time_frame>
  </secondary_outcome>
  <secondary_outcome>
    <measure>Mortality rate</measure>
    <time_frame>Day 14</time_frame>
  </secondary_outcome>
  <secondary_outcome>
    <measure>Time to return to normal activity</measure>
    <time_frame>Day 14</time_frame>
  </secondary_outcome>
  <other_outcome>
    <measure>Change in size of lesion area by chest radiograph or CT</measure>
    <time_frame>Day 14</time_frame>
  </other_outcome>
  <other_outcome>
    <measure>Change from baseline in serum cytokine and chemokine levels</measure>
    <time_frame>Days 3, 7, and 14</time_frame>
  </other_outcome>
  <other_outcome>
    <measure>Change from baseline in CCR5 receptor occupancy levels for Tregs and macrophages</measure>
    <time_frame>Days 3, 7, and 14</time_frame>
  </other_outcome>
  <other_outcome>
    <measure>Change from baseline in CD3+, CD4+ and CD8+ T cell count</measure>
    <time_frame>Days 3, 7, and 14</time_frame>
  </other_outcome>
  <number_of_arms>2</number_of_arms>
  <enrollment type="Actual">86</enrollment>
  <condition>Coronavirus Disease 2019</condition>
  <arm_group>
    <arm_group_label>Placebo</arm_group_label>
    <arm_group_type>Placebo Comparator</arm_group_type>
  </arm_group>
  <arm_group>
    <arm_group_label>700mg Leronlimab</arm_group_label>
    <arm_group_type>Experimental</arm_group_type>
  </arm_group>
  <intervention>
    <intervention_type>Drug</intervention_type>
    <intervention_name>Placebos</intervention_name>
    <description>Placebo</description>
    <arm_group_label>Placebo</arm_group_label>
  </intervention>
  <intervention>
    <intervention_type>Drug</intervention_type>
    <intervention_name>Leronlimab (700mg)</intervention_name>
    <description>Leronlimab (PRO) 140 is a humanized IgG4, monoclonal antibody (mAb) to the C-C chemokine receptor type 5 (CCR5)</description>
    <arm_group_label>700mg Leronlimab</arm_group_label>
    <other_name>PRO 140</other_name>
  </intervention>
  <eligibility>
    <criteria>
      <textblock>
        Inclusion Criteria:

          1. Male or female adult ≥ 18 years of age at time of enrollment.

          2. Subjects with mild-to-moderate symptoms of respiratory illness caused by coronavirus
             2019 infection as defined below:

             Mild (uncomplicated) Illness:

               -  Diagnosed with COVID-19 by a standardized RT-PCR assay AND

               -  Mild symptoms, such as fever, rhinorrhea, mild cough, sore throat, malaise,
                  headache, muscle pain, or malaise, but with no shortness of breath AND

               -  No signs of a more serious lower airway disease AND

               -  RR&lt;20, HR &lt;90, oxygen saturation (pulse oximetry) &gt; 93% on room air

             Moderate Illness:

               -  Diagnosed with COVID-19 by a standardized RT-PCR assay AND

               -  In addition to symptoms above, more significant lower respiratory symptoms,
                  including shortness of breath (at rest or with exertion) OR

               -  Signs of moderate pneumonia, including RR ≥ 20 but &lt;30, HR ≥ 90 but less than
                  125, oxygen saturation (pulse oximetry) &gt; 93% on room air AND

               -  If available, lung infiltrates based on X-ray or CT scan &lt; 50% present

          3. Clinically normal resting 12-lead ECG at Screening Visit or, if abnormal, considered
             not clinically significant by the Principal Investigator.

          4. Subject (or legally authorized representative) provides written informed consent prior
             to initiation of any study procedures.

          5. Understands and agrees to comply with planned study procedures.

          6. Women of childbearing potential must agree to use at least one medically accepted
             method of contraception (e.g., barrier contraceptives [condom, or diaphragm with a
             spermicidal gel], hormonal contraceptives [implants, injectables, combination oral
             contraceptives, transdermal patches, or contraceptive rings], or intrauterine devices)
             for the duration of the study.

        Exclusion Criteria:

          1. Subjects showing signs of acute respiratory distress syndrome (ARDS) or respiratory
             failure necessitating mechanical ventilation at the time of screening;

          2. History of severe chronic respiratory disease and requirement for long-term oxygen
             therapy;

          3. Subjects showing signs of clinical jaundice at the time of screening;

          4. History of moderate and severe liver disease (Child-Pugh score &gt;12);

          5. Subjects requiring Renal Replacement Therapy (RRT) at the time of screening;

          6. History of severe chronic kidney disease or requiring dialysis;

          7. Any uncontrolled active systemic infection requiring admission to an intensive care
             unit (ICU); Note: Subjects infected with chronic hepatitis B virus or hepatitis C
             virus will be eligible for the study if they have no signs of hepatic decompensation.

             Note: Subjects infected with HIV-1 will be eligible for the study with undetectable
             viral load and are on a stable ART regimen. Investigators are required to review the
             subjects' medical records to confirm HIV-1 RNA suppression within the previous 3
             months.

             Note: Empirical antibiotic treatment for secondary bacterial infections is allowed
             during the course of study.

          8. Patients with malignant tumor, or other serious systemic diseases;

          9. Patients who are participating in other clinical trials;

         10. Patients who have a history of allergic reactions attributed to compounds of similar
             chemical or biologic composition to leronlimab (PRO 140) are not eligible; and

         11. Inability to provide informed consent or to comply with test requirements
      </textblock>
    </criteria>
    <gender>All</gender>
    <minimum_age>18 Years</minimum_age>
    <maximum_age>99 Years</maximum_age>
    <healthy_volunteers>No</healthy_volunteers>
  </eligibility>
  <location>
    <facility>
      <name>University of California, Los Angeles</name>
      <address>
        <city>Los Angeles</city>
        <state>California</state>
        <zip>90095</zip>
        <country>United States</country>
      </address>
    </facility>
  </location>
  <location>
    <facility>
      <name>Palmtree Clinical Research, Inc.</name>
      <address>
        <city>Palm Springs</city>
        <state>California</state>
        <zip>92262-4871</zip>
        <country>United States</country>
      </address>
    </facility>
  </location>
  <location>
    <facility>
      <name>Eisenhower Health</name>
      <address>
        <city>Rancho Mirage</city>
        <state>California</state>
        <zip>92270</zip>
        <country>United States</country>
      </address>
    </facility>
  </location>
  <location>
    <facility>
      <name>Yale</name>
      <address>
        <city>New Haven</city>
        <state>Connecticut</state>
        <zip>06510</zip>
        <country>United States</country>
      </address>
    </facility>
  </location>
  <location>
    <facility>
      <name>Center for Advanced Research &amp; Education (CARE)</name>
      <address>
        <city>Gainesville</city>
        <state>Georgia</state>
        <zip>30501</zip>
        <country>United States</country>
      </address>
    </facility>
  </location>
  <location>
    <facility>
      <name>Beth Israel Deaconess Medical Center</name>
      <address>
        <city>Boston</city>
        <state>Massachusetts</state>
        <zip>02215</zip>
        <country>United States</country>
      </address>
    </facility>
  </location>
  <location>
    <facility>
      <name>Atlantic Health System Hospital</name>
      <address>
        <city>Morristown</city>
        <state>New Jersey</state>
        <zip>07962-1905</zip>
        <country>United States</country>
      </address>
    </facility>
  </location>
  <location>
    <facility>
      <name>Montefiore Medical Center</name>
      <address>
        <city>Bronx</city>
        <state>New York</state>
        <zip>10467</zip>
        <country>United States</country>
      </address>
    </facility>
  </location>
  <location>
    <facility>
      <name>White Plains Hospital</name>
      <address>
        <city>White Plains</city>
        <state>New York</state>
        <zip>10601</zip>
        <country>United States</country>
      </address>
    </facility>
  </location>
  <location>
    <facility>
      <name>Novant Health</name>
      <address>
        <city>Charlotte</city>
        <state>North Carolina</state>
        <zip>27103</zip>
        <country>United States</country>
      </address>
    </facility>
  </location>
  <location>
    <facility>
      <name>Ohio Health</name>
      <address>
        <city>Columbus</city>
        <state>Ohio</state>
        <zip>43215</zip>
        <country>United States</country>
      </address>
    </facility>
  </location>
  <location>
    <facility>
      <name>Oregon Health and Science University</name>
      <address>
        <city>Portland</city>
        <state>Oregon</state>
        <zip>97239</zip>
        <country>United States</country>
      </address>
    </facility>
  </location>
  <location_countries>
    <country>United States</country>
  </location_countries>
  <verification_date>August 2020</verification_date>
  <study_first_submitted>March 31, 2020</study_first_submitted>
  <study_first_submitted_qc>April 9, 2020</study_first_submitted_qc>
  <study_first_posted type="Actual">April 13, 2020</study_first_posted>
  <last_update_submitted>August 19, 2020</last_update_submitted>
  <last_update_submitted_qc>August 19, 2020</last_update_submitted_qc>
  <last_update_posted type="Actual">August 20, 2020</last_update_posted>
  <responsible_party>
    <responsible_party_type>Sponsor</responsible_party_type>
  </responsible_party>
  <keyword>COVID-19</keyword>
  <condition_browse>
    <!-- CAUTION:  The following MeSH terms are assigned with an imperfect algorithm            -->
    <mesh_term>Coronavirus Infections</mesh_term>
  </condition_browse>
  <intervention_browse>
    <!-- CAUTION:  The following MeSH terms are assigned with an imperfect algorithm            -->
    <mesh_term>PRO-140 monoclonal antibody</mesh_term>
  </intervention_browse>
  <patient_data>
    <sharing_ipd>Undecided</sharing_ipd>
  </patient_data>
  <!-- Results have not yet been posted for this study                                          -->
</clinical_study>

