<?xml version="1.0" encoding="UTF-8"?>
<clinical_study rank="2792">
  <!-- This xml conforms to an XML Schema at:
    https://clinicaltrials.gov/ct2/html/images/info/public.xsd -->
  <required_header>
    <download_date>ClinicalTrials.gov processed this data on September 22, 2020</download_date>
    <link_text>Link to the current ClinicalTrials.gov record.</link_text>
    <url>https://clinicaltrials.gov/show/NCT04369469</url>
  </required_header>
  <id_info>
    <org_study_id>ALXN1210-COV-305</org_study_id>
    <nct_id>NCT04369469</nct_id>
  </id_info>
  <brief_title>Efficacy and Safety Study of IV Ravulizumab in Patients With COVID-19 Severe Pneumonia</brief_title>
  <official_title>A Phase 3 Open-label, Randomized, Controlled Study to Evaluate the Efficacy and Safety of Intravenously Administered Ravulizumab Compared With Best Supportive Care in Patients With COVID-19 Severe Pneumonia, Acute Lung Injury, or Acute Respiratory Distress Syndrome</official_title>
  <sponsors>
    <lead_sponsor>
      <agency>Alexion Pharmaceuticals</agency>
      <agency_class>Industry</agency_class>
    </lead_sponsor>
  </sponsors>
  <source>Alexion Pharmaceuticals</source>
  <oversight_info>
    <has_dmc>Yes</has_dmc>
    <is_fda_regulated_drug>Yes</is_fda_regulated_drug>
    <is_fda_regulated_device>No</is_fda_regulated_device>
  </oversight_info>
  <brief_summary>
    <textblock>
      This study will evaluate the efficacy, safety, pharmacokinetics, and pharmacodynamics of
      ravulizumab administered in adult patients with Coronavirus Disease 2019 (COVID-19) severe
      pneumonia, acute lung injury, or acute respiratory distress syndrome. Patients will be
      randomly assigned to receive ravulizumab in addition to best supportive care (BSC) (2/3 of
      the patients) or BSC alone (1/3 of the patients). Best supportive care will consist of
      medical treatment and/or medical interventions per routine hospital practice.
    </textblock>
  </brief_summary>
  <overall_status>Recruiting</overall_status>
  <start_date type="Actual">May 11, 2020</start_date>
  <completion_date type="Anticipated">February 2021</completion_date>
  <primary_completion_date type="Anticipated">November 2020</primary_completion_date>
  <phase>Phase 3</phase>
  <study_type>Interventional</study_type>
  <has_expanded_access>No</has_expanded_access>
  <study_design_info>
    <allocation>Randomized</allocation>
    <intervention_model>Parallel Assignment</intervention_model>
    <primary_purpose>Treatment</primary_purpose>
    <masking>None (Open Label)</masking>
  </study_design_info>
  <primary_outcome>
    <measure>Survival (based on all-cause mortality) at Day 29</measure>
    <time_frame>Baseline, Day 29</time_frame>
  </primary_outcome>
  <secondary_outcome>
    <measure>Number of days free of mechanical ventilation at Day 29</measure>
    <time_frame>Baseline, Day 29</time_frame>
  </secondary_outcome>
  <secondary_outcome>
    <measure>Duration of intensive care unit stay at Day 29</measure>
    <time_frame>Baseline, Day 29</time_frame>
  </secondary_outcome>
  <secondary_outcome>
    <measure>Change from baseline in Sequential Organ Failure Assessment at Day 29</measure>
    <time_frame>Baseline, Day 29</time_frame>
  </secondary_outcome>
  <secondary_outcome>
    <measure>Change from baseline in SpO2/FiO2 at Day 29</measure>
    <time_frame>Baseline, Day 29</time_frame>
  </secondary_outcome>
  <secondary_outcome>
    <measure>Duration of hospitalization at Day 29</measure>
    <time_frame>Baseline, Day 29</time_frame>
  </secondary_outcome>
  <secondary_outcome>
    <measure>Survival (based on all-cause mortality) at Day 60 and Day 90</measure>
    <time_frame>Baseline, Day 60, Day 90</time_frame>
  </secondary_outcome>
  <number_of_arms>2</number_of_arms>
  <enrollment type="Anticipated">270</enrollment>
  <condition>COVID-19 Severe Pneumonia</condition>
  <condition>Acute Lung Injury</condition>
  <condition>Acute Respiratory Distress Syndrome</condition>
  <condition>Pneumonia, Viral</condition>
  <arm_group>
    <arm_group_label>Ravulizumab plus Best Supportive Care</arm_group_label>
    <arm_group_type>Experimental</arm_group_type>
  </arm_group>
  <arm_group>
    <arm_group_label>Best Supportive Care</arm_group_label>
    <arm_group_type>Other</arm_group_type>
  </arm_group>
  <intervention>
    <intervention_type>Biological</intervention_type>
    <intervention_name>Ravulizumab</intervention_name>
    <description>Weight-based doses of ravulizumab will be administered intravenously on Days 1, 5, 10, and 15.</description>
    <arm_group_label>Ravulizumab plus Best Supportive Care</arm_group_label>
    <other_name>Ultomiris</other_name>
    <other_name>ALXN1210</other_name>
  </intervention>
  <intervention>
    <intervention_type>Other</intervention_type>
    <intervention_name>Best Supportive Care</intervention_name>
    <description>Patients will receive medications, therapies, and interventions per standard hospital treatment protocols.</description>
    <arm_group_label>Best Supportive Care</arm_group_label>
    <arm_group_label>Ravulizumab plus Best Supportive Care</arm_group_label>
  </intervention>
  <eligibility>
    <criteria>
      <textblock>
        Inclusion Criteria:

          1. Males or females ≥ 18 years of age and ≥ 40 kg at the time of providing informed
             consent

          2. Confirmed diagnosis of SARS-CoV-2 infection (eg, via polymerase chain reaction [PCR]
             and/or antibody test) presenting as severe COVID-19 requiring hospitalization

          3. Severe pneumonia, acute lung injury, or acute respiratory distress syndrome confirmed
             by computed tomography (CT) or X-ray at Screening or within the 3 days prior to
             Screening, as part of the patient's routine clinical care

          4. Respiratory distress requiring mechanical ventilation, which can be either invasive
             (requiring endotracheal intubation) or noninvasive (with continuous positive airway
             pressure [CPAP] or bilevel positive airway pressure [BiPAP])

          5. Female patients of childbearing potential and male patients with female partners of
             childbearing potential must follow protocol specified contraception guidance for
             avoiding pregnancy for 8 months after treatment with the study drug

        Exclusion Criteria:

          1. Patient is not expected to survive for more than 24 hours

          2. Patient is on invasive mechanical ventilation with intubation for more than 48 hours
             prior to Screening

          3. Severe pre-existing cardiac disease (ie, New York Heart Association Class 3 or Class
             4, acute coronary syndrome or persistent ventricular tachyarrhythmias)

          4. Patient has an unresolved Neisseria meningitidis infection

          5. Use of the following medications and therapies:

               -  Current treatment with a complement inhibitor or

               -  Intravenous immunoglobulin (IVIg) within 4 weeks prior to randomization on Day 1

          6. Treatment with investigational therapy in a clinical study within 30 days before
             randomization, or within 5 half-lives of that investigational therapy, whichever is
             greater

             Exceptions:

               -  Investigational therapies will be allowed if received as part of best supportive
                  care through an expanded access protocol or emergency approval for the treatment
                  of COVID-19

               -  Investigational antiviral therapies (such as remdesivir) will be allowed even if
                  received as part of a clinical study

          7. Female patients who are breastfeeding or who have a positive pregnancy test result at
             Screening

          8. History of hypersensitivity to any ingredient contained in the study drug, including
             hypersensitivity to murine proteins

          9. Patient who is not currently vaccinated against N. meningitidis, unless the patient
             agrees to receive prophylactic treatment with appropriate antibiotics for at least 8
             months after the last infusion of study drug or until at least 2 weeks after the
             patient receives vaccination against N. meningitidis
      </textblock>
    </criteria>
    <gender>All</gender>
    <minimum_age>18 Years</minimum_age>
    <maximum_age>N/A</maximum_age>
    <healthy_volunteers>No</healthy_volunteers>
  </eligibility>
  <overall_contact>
    <last_name>Alexion Pharmaceuticals, Inc.</last_name>
    <phone>+1 855-752-2356</phone>
    <email>clinicaltrials@alexion.com</email>
  </overall_contact>
  <location>
    <facility>
      <name>Central Arkansas Veterans Healthcare System</name>
      <address>
        <city>Little Rock</city>
        <state>Arkansas</state>
        <zip>72205</zip>
        <country>United States</country>
      </address>
    </facility>
    <status>Recruiting</status>
  </location>
  <location>
    <facility>
      <name>LAC/USC Health Center</name>
      <address>
        <city>Los Angeles</city>
        <state>California</state>
        <zip>90033</zip>
        <country>United States</country>
      </address>
    </facility>
    <status>Recruiting</status>
  </location>
  <location>
    <facility>
      <name>UC Irvine Medical Center</name>
      <address>
        <city>Orange</city>
        <state>California</state>
        <zip>92868</zip>
        <country>United States</country>
      </address>
    </facility>
    <status>Recruiting</status>
  </location>
  <location>
    <facility>
      <name>MedStar Georgetown University Hospital</name>
      <address>
        <city>Washington</city>
        <state>District of Columbia</state>
        <zip>20007</zip>
        <country>United States</country>
      </address>
    </facility>
    <status>Recruiting</status>
  </location>
  <location>
    <facility>
      <name>Mayo Clinic Florida</name>
      <address>
        <city>Jacksonville</city>
        <state>Florida</state>
        <zip>32224</zip>
        <country>United States</country>
      </address>
    </facility>
    <status>Recruiting</status>
  </location>
  <location>
    <facility>
      <name>Rush University Medical Center</name>
      <address>
        <city>Chicago</city>
        <state>Illinois</state>
        <zip>60612</zip>
        <country>United States</country>
      </address>
    </facility>
    <status>Recruiting</status>
  </location>
  <location>
    <facility>
      <name>Overton Brooks VA Medical Center</name>
      <address>
        <city>Shreveport</city>
        <state>Louisiana</state>
        <zip>71101</zip>
        <country>United States</country>
      </address>
    </facility>
    <status>Recruiting</status>
  </location>
  <location>
    <facility>
      <name>Baltimore VA Medical Center</name>
      <address>
        <city>Baltimore</city>
        <state>Maryland</state>
        <zip>21201</zip>
        <country>United States</country>
      </address>
    </facility>
    <status>Recruiting</status>
  </location>
  <location>
    <facility>
      <name>Massachusetts General Hospital</name>
      <address>
        <city>Boston</city>
        <state>Massachusetts</state>
        <zip>02114</zip>
        <country>United States</country>
      </address>
    </facility>
    <status>Recruiting</status>
  </location>
  <location>
    <facility>
      <name>Brigham and Women's Hospital</name>
      <address>
        <city>Boston</city>
        <state>Massachusetts</state>
        <zip>02115</zip>
        <country>United States</country>
      </address>
    </facility>
    <status>Recruiting</status>
  </location>
  <location>
    <facility>
      <name>Boston Medical Center</name>
      <address>
        <city>Boston</city>
        <state>Massachusetts</state>
        <zip>02118</zip>
        <country>United States</country>
      </address>
    </facility>
    <status>Recruiting</status>
  </location>
  <location>
    <facility>
      <name>Henry Ford Hospital</name>
      <address>
        <city>Detroit</city>
        <state>Michigan</state>
        <zip>48202</zip>
        <country>United States</country>
      </address>
    </facility>
    <status>Recruiting</status>
  </location>
  <location>
    <facility>
      <name>Mayo Clinic Health System</name>
      <address>
        <city>Mankato</city>
        <state>Minnesota</state>
        <zip>56001</zip>
        <country>United States</country>
      </address>
    </facility>
    <status>Recruiting</status>
  </location>
  <location>
    <facility>
      <name>Mayo Clinic</name>
      <address>
        <city>Rochester</city>
        <state>Minnesota</state>
        <zip>55905</zip>
        <country>United States</country>
      </address>
    </facility>
    <status>Recruiting</status>
  </location>
  <location>
    <facility>
      <name>Washington University School of Medicine</name>
      <address>
        <city>Saint Louis</city>
        <state>Missouri</state>
        <zip>63110</zip>
        <country>United States</country>
      </address>
    </facility>
    <status>Recruiting</status>
  </location>
  <location>
    <facility>
      <name>NYU Langone Health Center</name>
      <address>
        <city>New York</city>
        <state>New York</state>
        <zip>10016</zip>
        <country>United States</country>
      </address>
    </facility>
    <status>Recruiting</status>
  </location>
  <location>
    <facility>
      <name>Icahn School of Medicine at Mount Sinai</name>
      <address>
        <city>New York</city>
        <state>New York</state>
        <zip>10029</zip>
        <country>United States</country>
      </address>
    </facility>
    <status>Recruiting</status>
  </location>
  <location>
    <facility>
      <name>Westchester Medical Center</name>
      <address>
        <city>Valhalla</city>
        <state>New York</state>
        <zip>10595</zip>
        <country>United States</country>
      </address>
    </facility>
    <status>Recruiting</status>
  </location>
  <location>
    <facility>
      <name>Medical University of South Carolina</name>
      <address>
        <city>Charleston</city>
        <state>South Carolina</state>
        <zip>29425</zip>
        <country>United States</country>
      </address>
    </facility>
    <status>Recruiting</status>
  </location>
  <location>
    <facility>
      <name>Houston Methodist Hospital</name>
      <address>
        <city>Houston</city>
        <state>Texas</state>
        <zip>77030</zip>
        <country>United States</country>
      </address>
    </facility>
    <status>Recruiting</status>
  </location>
  <location>
    <facility>
      <name>Mayo Clinic Health System in Eau Claire</name>
      <address>
        <city>Eau Claire</city>
        <state>Wisconsin</state>
        <zip>54703</zip>
        <country>United States</country>
      </address>
    </facility>
    <status>Recruiting</status>
  </location>
  <location>
    <facility>
      <name>Mayo Clinic Health System</name>
      <address>
        <city>La Crosse</city>
        <state>Wisconsin</state>
        <zip>54601</zip>
        <country>United States</country>
      </address>
    </facility>
    <status>Recruiting</status>
  </location>
  <location>
    <facility>
      <name>Hôpital Raymond Poincaré</name>
      <address>
        <city>Garches</city>
        <state>Hauts De Seine</state>
        <zip>92380</zip>
        <country>France</country>
      </address>
    </facility>
    <status>Recruiting</status>
  </location>
  <location>
    <facility>
      <name>Hôpital Henri Mondor</name>
      <address>
        <city>Créteil</city>
        <state>Val De Marne</state>
        <zip>94000</zip>
        <country>France</country>
      </address>
    </facility>
    <status>Recruiting</status>
  </location>
  <location>
    <facility>
      <name>Hôpital Bicêtre</name>
      <address>
        <city>Le Kremlin-Bicêtre cedex</city>
        <state>Val De Marne</state>
        <zip>94275</zip>
        <country>France</country>
      </address>
    </facility>
    <status>Recruiting</status>
  </location>
  <location>
    <facility>
      <name>Hôpital Saint-Louis</name>
      <address>
        <city>Paris cedex</city>
        <zip>75475</zip>
        <country>France</country>
      </address>
    </facility>
    <status>Recruiting</status>
  </location>
  <location>
    <facility>
      <name>Medical Hospital, Tokyo Medical and Dental University</name>
      <address>
        <city>Bunkyō-Ku</city>
        <state>Tokyo-To</state>
        <zip>113-8519</zip>
        <country>Japan</country>
      </address>
    </facility>
    <status>Recruiting</status>
  </location>
  <location>
    <facility>
      <name>Hospital Universitari de Bellvitge</name>
      <address>
        <city>L'Hospitalet De Llobregat</city>
        <state>Barcelona</state>
        <zip>08907</zip>
        <country>Spain</country>
      </address>
    </facility>
    <status>Recruiting</status>
  </location>
  <location>
    <facility>
      <name>Hospital Universitario Puerta de Hierro Majadahonda</name>
      <address>
        <city>Majadahonda</city>
        <state>Madrid</state>
        <zip>28222</zip>
        <country>Spain</country>
      </address>
    </facility>
    <status>Recruiting</status>
  </location>
  <location>
    <facility>
      <name>Hospital Universitari Vall d'Hebron</name>
      <address>
        <city>Barcelona</city>
        <zip>08035</zip>
        <country>Spain</country>
      </address>
    </facility>
    <status>Recruiting</status>
  </location>
  <location>
    <facility>
      <name>Hospital Clinic de Barcelona</name>
      <address>
        <city>Barcelona</city>
        <zip>08036</zip>
        <country>Spain</country>
      </address>
    </facility>
    <status>Recruiting</status>
  </location>
  <location>
    <facility>
      <name>Hospital Universitario Ramon y Cajal</name>
      <address>
        <city>Madrid</city>
        <zip>28034</zip>
        <country>Spain</country>
      </address>
    </facility>
    <status>Recruiting</status>
  </location>
  <location>
    <facility>
      <name>King's College Hospital</name>
      <address>
        <city>London</city>
        <state>Greater London</state>
        <zip>SE5 9RS</zip>
        <country>United Kingdom</country>
      </address>
    </facility>
    <status>Recruiting</status>
  </location>
  <location>
    <facility>
      <name>Hammersmith Hospital</name>
      <address>
        <city>London</city>
        <state>Greater London</state>
        <zip>W12 0HS</zip>
        <country>United Kingdom</country>
      </address>
    </facility>
    <status>Recruiting</status>
  </location>
  <location>
    <facility>
      <name>Royal Liverpool University Hospital</name>
      <address>
        <city>Liverpool</city>
        <state>Merseyside</state>
        <zip>L7 8XP</zip>
        <country>United Kingdom</country>
      </address>
    </facility>
    <status>Recruiting</status>
  </location>
  <location>
    <facility>
      <name>Queen Elizabeth Hospital</name>
      <address>
        <city>Birmingham</city>
        <state>West Midlands</state>
        <zip>B15 2TH</zip>
        <country>United Kingdom</country>
      </address>
    </facility>
    <status>Recruiting</status>
  </location>
  <location>
    <facility>
      <name>St James's University Hospital</name>
      <address>
        <city>Leeds</city>
        <state>West Yorkshire</state>
        <zip>LS9 7TF</zip>
        <country>United Kingdom</country>
      </address>
    </facility>
    <status>Recruiting</status>
  </location>
  <location_countries>
    <country>France</country>
    <country>Japan</country>
    <country>Spain</country>
    <country>United Kingdom</country>
    <country>United States</country>
  </location_countries>
  <reference>
    <citation>WHO. Clinical management of severe acute respiratory infection when novel coronavirus (2019-nCoV) infection is suspected. Interim guidance, 28 January 2020.</citation>
  </reference>
  <verification_date>August 2020</verification_date>
  <study_first_submitted>April 28, 2020</study_first_submitted>
  <study_first_submitted_qc>April 28, 2020</study_first_submitted_qc>
  <study_first_posted type="Actual">April 30, 2020</study_first_posted>
  <last_update_submitted>September 4, 2020</last_update_submitted>
  <last_update_submitted_qc>September 4, 2020</last_update_submitted_qc>
  <last_update_posted type="Estimate">September 7, 2020</last_update_posted>
  <responsible_party>
    <responsible_party_type>Sponsor</responsible_party_type>
  </responsible_party>
  <keyword>acute lung injury</keyword>
  <keyword>acute respiratory distress syndrome</keyword>
  <keyword>antibodies, monoclonal, humanized</keyword>
  <keyword>COVID-19</keyword>
  <keyword>hospitalization</keyword>
  <keyword>pneumonia</keyword>
  <keyword>severe pneumonia</keyword>
  <keyword>severe acute respiratory syndrome</keyword>
  <keyword>severe acute respiratory syndrome coronavirus 2</keyword>
  <keyword>randomized controlled study</keyword>
  <keyword>ravulizumab</keyword>
  <keyword>respiratory distress syndrome, adult</keyword>
  <keyword>Ultomiris</keyword>
  <keyword>viral</keyword>
  <condition_browse>
    <!-- CAUTION:  The following MeSH terms are assigned with an imperfect algorithm            -->
    <mesh_term>Pneumonia, Viral</mesh_term>
    <mesh_term>Pneumonia</mesh_term>
    <mesh_term>Respiratory Distress Syndrome, Newborn</mesh_term>
    <mesh_term>Respiratory Distress Syndrome, Adult</mesh_term>
    <mesh_term>Acute Lung Injury</mesh_term>
    <mesh_term>Lung Injury</mesh_term>
    <mesh_term>Syndrome</mesh_term>
  </condition_browse>
  <intervention_browse>
    <!-- CAUTION:  The following MeSH terms are assigned with an imperfect algorithm            -->
    <mesh_term>Ravulizumab</mesh_term>
  </intervention_browse>
  <patient_data>
    <sharing_ipd>No</sharing_ipd>
  </patient_data>
  <!-- Results have not yet been posted for this study                                          -->
</clinical_study>

