<?xml version="1.0" encoding="UTF-8"?>
<clinical_study rank="1779">
  <!-- This xml conforms to an XML Schema at:
    https://clinicaltrials.gov/ct2/html/images/info/public.xsd -->
  <required_header>
    <download_date>ClinicalTrials.gov processed this data on September 22, 2020</download_date>
    <link_text>Link to the current ClinicalTrials.gov record.</link_text>
    <url>https://clinicaltrials.gov/show/NCT04418193</url>
  </required_header>
  <id_info>
    <org_study_id>20-08</org_study_id>
    <nct_id>NCT04418193</nct_id>
  </id_info>
  <brief_title>Patient Preference Trial for COVID-19 (PPT-COVID)</brief_title>
  <acronym>PPT-COVID</acronym>
  <official_title>Therapeutic Management in Patients With COVID-19 Infection at Risk of Secondary Aggravation: Patient Preference Trial Comparing Routine Care, Treatment With Hydroxychloroquine or Treatment With Hydroxychloroquine Plus Azithromycin</official_title>
  <sponsors>
    <lead_sponsor>
      <agency>Centre Hospitalier Princesse Grace</agency>
      <agency_class>Other</agency_class>
    </lead_sponsor>
  </sponsors>
  <source>Centre Hospitalier Princesse Grace</source>
  <oversight_info>
    <has_dmc>No</has_dmc>
    <is_fda_regulated_drug>No</is_fda_regulated_drug>
    <is_fda_regulated_device>No</is_fda_regulated_device>
  </oversight_info>
  <brief_summary>
    <textblock>
      To date no treatment has proven its effectiveness in the caring of patients infected with
      type 2 Coronavirus. The Centre Hospitalier Princesse Grace (CHPG) has decided to only propose
      randomized double-blind placebo-controlled clinical trials to patients at the early and
      symptomatic stages of the disease. Data from the literature show in vitro results on the
      potential clinical benefit of some treatments such as chloroquine or hydroxychloroquine
      (HXCQ). Observational data suggest a potential benefit of this treatment alone or in
      combination with azithromycin (HXCQ + AZ). These data were advertised or led to a request
      from ambulatory medicine and patients to have access to these treatments despite their poor
      level of evidence. This leads to a decrease in the number of patients recruitable for
      clinical trials because they refuse the concept of control arms or they wish active treatment
      (CQ, HXCQ or HXCQ + AZ) from the start.

      In this context, we propose to conduct in parallel with randomized trials, a so-called
      &quot;patient preference&quot; protocol which, after patients information, gives them the choice,
      either to participate in the trial or to choose between treatment with HXCQ, treatment with
      HXCQ + AZ or standard of care without medication. The patients follow-up and the main
      endpoint will be the same under the patient preference protocol as for the randomized trial.

      The advantage of this approach is to offer a common follow-up to all patients, to take into
      account patients who refuse to participate in the clinical trial, to obtain external validity
      data, to reduce selection bias and to increase the heterogeneity of patients exposed to
      treatment options.

      The expected objective is to see if the patient preference protocol leads to observe the same
      effects as in the randomized trial.
    </textblock>
  </brief_summary>
  <detailed_description>
    <textblock>
      Conduct of the research

        -  Pre-selection / Recruitment It is proposed to participate in the study to patients who
           cannot or do not wish to participate in a randomized therapeutic trial.

        -  Inclusion procedure During the inclusion visit, if the patient meets the study selection
           criteria, the investigator delivers oral and written information and responds to any
           patient questions.

        -  Follow-up of people suitable for research

             1. Inclusion visit The treatment chosen by the patient is administered.
                Socio-demographic, history, clinical and biological data are collected.

             2. Visit on day 3 ± 1 Hydroxychloroquinemia is dosed.

             3. Visit on day 5 ± 1 A nasopharyngeal swab sample is collected during the routine
                visit. This sampling is only performed for patients for whom the diagnosis of
                COVID-19 has been made by RT-PCR.

             4. Visit on day 10 ± 1 A nasopharyngeal swab sample is collected during the routine
                visit. This sampling is only performed for patients for whom the diagnosis of
                COVID-19 has been made by RT-PCR. Hydroxychloroquinemia is dosed.

             5. Visit on day 14 A visit or a telephone call is made to gather the occurrence of
                clinical events of interest on day 14. The treatments received during the last 14
                days are collected.

             6. Visit on day 28 A visit or a telephone call is made to gather the occurrence of
                clinical events of interest on day 28.

      The treatments received during the last 14 days are collected.
    </textblock>
  </detailed_description>
  <overall_status>Recruiting</overall_status>
  <start_date type="Actual">April 6, 2020</start_date>
  <completion_date type="Anticipated">September 1, 2020</completion_date>
  <primary_completion_date type="Anticipated">September 1, 2020</primary_completion_date>
  <study_type>Observational</study_type>
  <has_expanded_access>No</has_expanded_access>
  <study_design_info>
    <observational_model>Cohort</observational_model>
    <time_perspective>Other</time_perspective>
  </study_design_info>
  <primary_outcome>
    <measure>Number of death from any cause, or the need for intubation and mechanical ventilation during the 14 days following inclusion and start of treatment.</measure>
    <time_frame>day 14</time_frame>
    <description>Number of death from any cause, or the need for intubation and mechanical ventilation during the 14 days following inclusion and start of treatment.</description>
  </primary_outcome>
  <secondary_outcome>
    <measure>Number of death from any cause, or the need for intubation and mechanical ventilation during the 28 days following inclusion and start of treatment.</measure>
    <time_frame>day 28</time_frame>
    <description>Number of death from any cause, or the need for intubation and mechanical ventilation during the 28 days following inclusion and start of treatment.</description>
  </secondary_outcome>
  <secondary_outcome>
    <measure>Clinical evolution on the World Health Organisation (WHO) Ordinal Scale for Clinical Improvement (OSCI) for COVID-19 between day 0 and day 14</measure>
    <time_frame>day 14</time_frame>
    <description>Clinical evolution on the World Health Organisation (WHO) Ordinal Scale for Clinical Improvement (OSCI) for COVID-19 between day 0 and day 14. Score is between 0 and 8, 8 being the worst.</description>
  </secondary_outcome>
  <secondary_outcome>
    <measure>Clinical evolution on the WHO Ordinal Scale for Clinical Improvement for COVID-19 between day 0 and day 28.</measure>
    <time_frame>day 28</time_frame>
    <description>Clinical evolution on the WHO Ordinal Scale for Clinical Improvement for COVID-19 between day 0 and day 28. Score is between 0 and 8, 8 being the worst.</description>
  </secondary_outcome>
  <secondary_outcome>
    <measure>Number of all-cause mortality at day 14</measure>
    <time_frame>day 14</time_frame>
    <description>Number of all-cause mortality at day 14</description>
  </secondary_outcome>
  <secondary_outcome>
    <measure>Number of all-cause mortality at day 28</measure>
    <time_frame>day 28</time_frame>
    <description>Number of all-cause mortality at day 28</description>
  </secondary_outcome>
  <secondary_outcome>
    <measure>Rate of positive severe acute respiratory syndrome (SARS)-coronavirus 2 (CoV-2) Reverse Transcriptase (RT) - Polymerase Chain Reaction (PCR) on nasopharyngeal samples at day 5</measure>
    <time_frame>day 5</time_frame>
    <description>Rate of positive severe acute respiratory syndrome (SARS)-coronavirus 2 (CoV-2) Reverse Transcriptase (RT) - Polymerase Chain Reaction (PCR) on nasopharyngeal samples at day 5</description>
  </secondary_outcome>
  <secondary_outcome>
    <measure>Rate of positive SARS-CoV-2 RT-PCR on nasopharyngeal samples at day 10</measure>
    <time_frame>day 10</time_frame>
    <description>Rate of positive SARS-CoV-2 RT-PCR on nasopharyngeal samples at day 10</description>
  </secondary_outcome>
  <secondary_outcome>
    <measure>The rate of venous thromboembolic events at day 28, documented and confirmed by an adjudication committee.</measure>
    <time_frame>day 28</time_frame>
    <description>The rate of venous thromboembolic events at day 28, documented and confirmed by an adjudication committee.</description>
  </secondary_outcome>
  <secondary_outcome>
    <measure>Number of all-cause mortality at day 28 in patients aged 75 and older</measure>
    <time_frame>day 28</time_frame>
    <description>Number of all-cause mortality at day 28 in patients aged 75 and older</description>
  </secondary_outcome>
  <secondary_outcome>
    <measure>Clinical evolution on the WHO OSCI scale for COVID-19 between day 0 and day 28 for patients aged 75 or older</measure>
    <time_frame>day 28</time_frame>
    <description>Clinical evolution on the WHO OSCI scale for COVID-19 between day 0 and day 28 for patients aged 75 or older. Score is between 0 and 8, 8 being the worst.</description>
  </secondary_outcome>
  <secondary_outcome>
    <measure>Rate of severe adverse events at day 28</measure>
    <time_frame>day 28</time_frame>
    <description>Rate of severe adverse events at day 28</description>
  </secondary_outcome>
  <secondary_outcome>
    <measure>Number of all-cause mortality at day 14 in patients aged 75 and older</measure>
    <time_frame>day 14</time_frame>
    <description>Number of all-cause mortality at day 14 in patients aged 75 and older</description>
  </secondary_outcome>
  <enrollment type="Anticipated">100</enrollment>
  <condition>Coronavirus</condition>
  <eligibility>
    <study_pop>
      <textblock>
        Adult patients with COVID-19 infection diagnosed by positive RT-PCR SARS-CoV-2 or, if not
        performed, by thorax CT-scan suggesting viral pneumonia of peripheral predominance in a
        clinically significant context that can't or don't want to participate to a randomized
        clinical trial
      </textblock>
    </study_pop>
    <sampling_method>Non-Probability Sample</sampling_method>
    <criteria>
      <textblock>
        Inclusion Criteria:

          -  Adult patients (18+)

          -  Infection with COVID-19 diagnosed by positive RT-PCR SARS-CoV-2 or, if not performed,
             by thorax CT-scan suggesting viral pneumonia of peripheral predominance in a
             clinically significant context.

          -  Diagnosed within the previous 48 hours.

          -  Having at least one of the following two risk factors for complications:

          -  age ≥75 years old

          -  Peripheral oxygen saturation (SpO2) ≤ 94% while breathing ambient air, or a partial
             oxygen pressure (PaO2) to fraction of inspired oxygen (FiO2) ratio ≤ 300 mmHg.

          -  Patients affiliated with or benefitting from a social security scheme

          -  Written and signed consent of the patient or a relative or, if not possible, emergency
             inclusion procedure

          -  Electrocardiogram showing absence of QT prolongation greater than 440 ms in men and
             460 ms in women.

          -  Patient that can't or don't want to participate to a randomized clinical trial

        Exclusion Criteria:

          -  Age below 18-year of age

          -  Negative RT-PCR SARS-CoV-2

          -  Peripheral capillary oxygen saturation less than or equal to 94% (SpO2≤94%) despite
             oxygen therapy greater than or equal to 3 L/min (≥ 3 L/min)

          -  Organ failure requiring admission to a resuscitation or high dependency unit

          -  Comorbidity that is life-threatening in the short-term (life expectancy &lt;3 months)

          -  Any reason that makes follow-up at day 28 impossible

          -  Current treatment with hydroxychloroquine or hydroxychloroquine plus azithromycin

          -  Absolute contraindication to treatment with hydroxychloroquine (known
             hypersensitivity, concomitant treatment with risk of torsades de pointe) or
             azithromycin (known hypersensitivity to azithromycin, erythromycin, other macrolide,
             ketolide, in association with rye ergot alkaloids, cisapride, colchicine or severe
             hepatic failure)

          -  glucose-6-phosphate dehydrogenase (G6PD) known deficit

          -  Porphyria

          -  Hypokaliemia &lt; 3.5 mmol/L

          -  Electrocardiogram showing corrected QT prolongation greater than 440 ms in men and 460
             ms in women

          -  Child C liver cirrhosis

          -  Chronic kidney failure with estimated glomerular filtration rate (GFR) ≤ 30 ml/min

          -  Pregnant, lactating or parturient women

          -  Patient included in a randomized clinical trial
      </textblock>
    </criteria>
    <gender>All</gender>
    <minimum_age>18 Years</minimum_age>
    <maximum_age>99 Years</maximum_age>
    <healthy_volunteers>No</healthy_volunteers>
  </eligibility>
  <overall_contact>
    <last_name>Atul PATHAK, MD PhD</last_name>
    <phone>+377 97 98 97 74</phone>
    <email>atul.pathak@chpg.mc</email>
  </overall_contact>
  <overall_contact_backup>
    <last_name>Celine DUGOURD</last_name>
    <phone>+377 97 98 84 29</phone>
    <email>recherche.clinique@chpg.mc</email>
  </overall_contact_backup>
  <location>
    <facility>
      <name>Centre Hospitalier Princesse Grace</name>
      <address>
        <city>Monaco</city>
        <zip>98000</zip>
        <country>Monaco</country>
      </address>
    </facility>
    <status>Recruiting</status>
    <contact>
      <last_name>Celine DUGOURD</last_name>
      <phone>+377 97 98 84 29</phone>
      <email>recherche.clinique@chpg.mc</email>
    </contact>
    <investigator>
      <last_name>Atul PATHAK, MD PhD</last_name>
      <role>Principal Investigator</role>
    </investigator>
  </location>
  <location_countries>
    <country>Monaco</country>
  </location_countries>
  <verification_date>June 2020</verification_date>
  <study_first_submitted>June 2, 2020</study_first_submitted>
  <study_first_submitted_qc>June 4, 2020</study_first_submitted_qc>
  <study_first_posted type="Actual">June 5, 2020</study_first_posted>
  <last_update_submitted>June 5, 2020</last_update_submitted>
  <last_update_submitted_qc>June 5, 2020</last_update_submitted_qc>
  <last_update_posted type="Actual">June 9, 2020</last_update_posted>
  <responsible_party>
    <responsible_party_type>Sponsor</responsible_party_type>
  </responsible_party>
  <condition_browse>
    <!-- CAUTION:  The following MeSH terms are assigned with an imperfect algorithm            -->
    <mesh_term>Coronavirus Infections</mesh_term>
  </condition_browse>
  <!-- Results have not yet been posted for this study                                          -->
</clinical_study>

