<?xml version="1.0" encoding="UTF-8"?>
<clinical_study rank="815">
  <!-- This xml conforms to an XML Schema at:
    https://clinicaltrials.gov/ct2/html/images/info/public.xsd -->
  <required_header>
    <download_date>ClinicalTrials.gov processed this data on September 22, 2020</download_date>
    <link_text>Link to the current ClinicalTrials.gov record.</link_text>
    <url>https://clinicaltrials.gov/show/NCT04347408</url>
  </required_header>
  <id_info>
    <org_study_id>282617</org_study_id>
    <nct_id>NCT04347408</nct_id>
  </id_info>
  <brief_title>Seroprevalence of SARS-Cov-2 Antibodies in Children</brief_title>
  <official_title>Seroprevalence of SARS-Cov-2 Antibodies in Children - a Prospective Multicentre Cohort Study</official_title>
  <sponsors>
    <lead_sponsor>
      <agency>Queen's University, Belfast</agency>
      <agency_class>Other</agency_class>
    </lead_sponsor>
    <collaborator>
      <agency>Belfast Health and Social Care Trust</agency>
      <agency_class>Other</agency_class>
    </collaborator>
  </sponsors>
  <source>Queen's University, Belfast</source>
  <oversight_info>
    <has_dmc>No</has_dmc>
    <is_fda_regulated_drug>No</is_fda_regulated_drug>
    <is_fda_regulated_device>No</is_fda_regulated_device>
  </oversight_info>
  <brief_summary>
    <textblock>
      It is unknown what proportion of healthy children have been exposed to SARS-Cov-2 and how
      many have antibodies. The aim of this study is to follow a cohort of healthy children over
      six months and measure their antibodies to SARS-CoV-2.
    </textblock>
  </brief_summary>
  <detailed_description>
    <textblock>
      Coronaviruses are non-segmented positive-stranded RNA viruses with a roughly 30 kb genome.
      The majority of coronaviruses cause disease in a specific host species but some have infected
      humans by cross-species transmission. This process has led to a number of severe outbreaks of
      human disease including severe acute respiratory syndrome (SARS) in 2003 and Middle East
      respiratory syndrome (MERS) in 2012.

      From December 2019 a novel infection &quot;severe acute respiratory syndrome coronavirus 2&quot;
      (SARS-CoV-2) was identified in the Wuhan region of China. The infection was identified as the
      causal factor in a growing number of severe cases of pneumonia. This disease was subsequently
      named coronavirus disease 2019 (COVID-19) by World Health Organisation (WHO). SARS-CoV-2 has
      been shown to cause severe disease similar to the previous SARS coronavirus from 2003. Severe
      disease is associated with pneumonia and damage to vital organs including lung, heart, liver,
      and kidney.

      Fortunately SARS-CoV-2 appears to cause only mild, or no, symptoms in children.

      The social distancing measures in the United Kingdom include the closure of schools and the
      cancelling of routine paediatric clinics. These drastic, but necessary, steps are likely to
      have a profound effect on the well-being of children.

      This study is required to determine what proportion of children have been exposed to
      SARS-Cov-2 and how many, if any, have neutralizing antibodies. The findings from this study
      could be used to inform public health decisions regarding the re-opening of schools and other
      services vital to the well-being of children.
    </textblock>
  </detailed_description>
  <overall_status>Recruiting</overall_status>
  <start_date type="Actual">May 6, 2020</start_date>
  <completion_date type="Anticipated">December 13, 2020</completion_date>
  <primary_completion_date type="Anticipated">December 13, 2020</primary_completion_date>
  <study_type>Observational</study_type>
  <has_expanded_access>No</has_expanded_access>
  <study_design_info>
    <observational_model>Cohort</observational_model>
    <time_perspective>Prospective</time_perspective>
  </study_design_info>
  <primary_outcome>
    <measure>Immunoglobulins (G and M) to SARS-Cov2 in plasma</measure>
    <time_frame>6 months</time_frame>
  </primary_outcome>
  <number_of_groups>1</number_of_groups>
  <enrollment type="Anticipated">1000</enrollment>
  <condition>COVID</condition>
  <condition>Corona Virus Infection</condition>
  <arm_group>
    <arm_group_label>Healthy Children</arm_group_label>
    <description>Healthy children of healthcare workers between 2 and 15 years of age</description>
  </arm_group>
  <intervention>
    <intervention_type>Diagnostic Test</intervention_type>
    <intervention_name>Covid-19 Antibody testing (IgG and IgM)</intervention_name>
    <description>Antibody testing for previous exposure to Covid-19</description>
    <arm_group_label>Healthy Children</arm_group_label>
  </intervention>
  <biospec_retention>Samples Without DNA</biospec_retention>
  <biospec_descr>
    <textblock>
      Blood plasma
    </textblock>
  </biospec_descr>
  <eligibility>
    <study_pop>
      <textblock>
        Healthy children aged from 0 to 15 who are resident in the United Kingdom
      </textblock>
    </study_pop>
    <sampling_method>Non-Probability Sample</sampling_method>
    <criteria>
      <textblock>
        Healthy children of healthcare professionals.

        Exclusion Criteria:

        Not currently receiving antibiotics, not admitted to hospital within the last seven days,
        not receiving immunosuppressive drugs and never diagnosed with a malignancy.
      </textblock>
    </criteria>
    <gender>All</gender>
    <minimum_age>2 Years</minimum_age>
    <maximum_age>15 Years</maximum_age>
    <healthy_volunteers>Accepts Healthy Volunteers</healthy_volunteers>
  </eligibility>
  <overall_official>
    <last_name>Thomas Waterfield, BMBCh</last_name>
    <role>Principal Investigator</role>
    <affiliation>Queen's University, Belfast</affiliation>
  </overall_official>
  <overall_contact>
    <last_name>Thomas Waterfield, BMBCh</last_name>
    <phone>07872990521</phone>
    <email>t.waterfield@qub.ac.uk</email>
  </overall_contact>
  <overall_contact_backup>
    <last_name>Sharon Christie, PhD</last_name>
    <phone>07899913551</phone>
    <email>sharon.christie@belfasttrust.hscni.net</email>
  </overall_contact_backup>
  <location>
    <facility>
      <name>Royal Belfast Hospital for Sick Children</name>
      <address>
        <city>Belfast</city>
        <zip>BT126BA</zip>
        <country>United Kingdom</country>
      </address>
    </facility>
    <status>Recruiting</status>
    <contact>
      <last_name>Thomas Waterfield, BMBCh</last_name>
      <phone>07872990521</phone>
      <email>t.waterfield@qub.ac.uk</email>
    </contact>
    <contact_backup>
      <last_name>Sharon Christie, PhD</last_name>
      <phone>07899913551</phone>
      <email>sharon-christie@belfasttrust.hscni.net</email>
    </contact_backup>
  </location>
  <location>
    <facility>
      <name>University Hospital of Wales</name>
      <address>
        <city>Cardiff</city>
        <country>United Kingdom</country>
      </address>
    </facility>
    <status>Not yet recruiting</status>
    <contact>
      <last_name>Jennifer Evans</last_name>
    </contact>
  </location>
  <location>
    <facility>
      <name>Royal Hospital for Children</name>
      <address>
        <city>Glasgow</city>
        <country>United Kingdom</country>
      </address>
    </facility>
    <status>Recruiting</status>
    <contact>
      <last_name>Steven Foster</last_name>
    </contact>
  </location>
  <location>
    <facility>
      <name>Public Health England</name>
      <address>
        <city>London</city>
        <country>United Kingdom</country>
      </address>
    </facility>
    <status>Recruiting</status>
    <contact>
      <last_name>Shamez Ladhani</last_name>
    </contact>
  </location>
  <location>
    <facility>
      <name>Public Health England</name>
      <address>
        <city>Manchester</city>
        <country>United Kingdom</country>
      </address>
    </facility>
    <status>Recruiting</status>
    <contact>
      <last_name>Shazaad Ahmad</last_name>
    </contact>
  </location>
  <location_countries>
    <country>United Kingdom</country>
  </location_countries>
  <verification_date>June 2020</verification_date>
  <study_first_submitted>April 7, 2020</study_first_submitted>
  <study_first_submitted_qc>April 11, 2020</study_first_submitted_qc>
  <study_first_posted type="Actual">April 15, 2020</study_first_posted>
  <last_update_submitted>June 12, 2020</last_update_submitted>
  <last_update_submitted_qc>June 12, 2020</last_update_submitted_qc>
  <last_update_posted type="Actual">June 16, 2020</last_update_posted>
  <responsible_party>
    <responsible_party_type>Principal Investigator</responsible_party_type>
    <investigator_affiliation>Queen's University, Belfast</investigator_affiliation>
    <investigator_full_name>Thomas Waterfield</investigator_full_name>
    <investigator_title>Chief Investigator and Academic Clinical Lecturer</investigator_title>
  </responsible_party>
  <keyword>antibodies</keyword>
  <condition_browse>
    <!-- CAUTION:  The following MeSH terms are assigned with an imperfect algorithm            -->
    <mesh_term>Coronavirus Infections</mesh_term>
    <mesh_term>Severe Acute Respiratory Syndrome</mesh_term>
  </condition_browse>
  <intervention_browse>
    <!-- CAUTION:  The following MeSH terms are assigned with an imperfect algorithm            -->
    <mesh_term>Antibodies</mesh_term>
  </intervention_browse>
  <!-- Results have not yet been posted for this study                                          -->
</clinical_study>

