<?xml version="1.0" encoding="UTF-8"?>
<clinical_study rank="2910">
  <!-- This xml conforms to an XML Schema at:
    https://clinicaltrials.gov/ct2/html/images/info/public.xsd -->
  <required_header>
    <download_date>ClinicalTrials.gov processed this data on September 22, 2020</download_date>
    <link_text>Link to the current ClinicalTrials.gov record.</link_text>
    <url>https://clinicaltrials.gov/show/NCT04269525</url>
  </required_header>
  <id_info>
    <org_study_id>2020002</org_study_id>
    <nct_id>NCT04269525</nct_id>
  </id_info>
  <brief_title>Umbilical Cord(UC)-Derived Mesenchymal Stem Cells(MSCs) Treatment for the 2019-novel Coronavirus(nCOV) Pneumonia</brief_title>
  <official_title>Clinical Research Regarding the Availability and Safety of UC-MSCs Treatment for Serious Pneumonia and Critical Pneumonia Caused by the 2019-nCOV Infection</official_title>
  <sponsors>
    <lead_sponsor>
      <agency>ZhiYong Peng</agency>
      <agency_class>Other</agency_class>
    </lead_sponsor>
    <collaborator>
      <agency>Tuohua Biological Technology Co. Ltd</agency>
      <agency_class>Other</agency_class>
    </collaborator>
  </sponsors>
  <source>Zhongnan Hospital</source>
  <oversight_info>
    <is_fda_regulated_drug>No</is_fda_regulated_drug>
    <is_fda_regulated_device>No</is_fda_regulated_device>
  </oversight_info>
  <brief_summary>
    <textblock>
      Serious Pneumonia and Critical Pneumonia caused by the 2019-nCOV infection greatly threats
      patients' life, UC-MSCs treatment has been proved to play a role in curing multiple diseases.
      And this study is conducted to find out whether or not it will function in 2019-nCOV
      infection Pneumonia.
    </textblock>
  </brief_summary>
  <detailed_description>
    <textblock>
      Serious Pneumonia and Critical Pneumonia caused by the 2019-nCOV infection greatly threats
      patients' life, UC-MSCs treatment has been proved to play a role in curing multiple diseases.
      And this study is conducted to find out whether or not it will function in 2019-nCOV
      infection Pneumonia. And we are going to get the permission of the enrolled patients. Besides
      the present clinical treatment, UC-MSCs treatment will be applied to those fulfilling the
      enrollment. After a period of UC-MSCs treatment, the analysis of UC-MSCs treatment will be
      completed from related aspects.
    </textblock>
  </detailed_description>
  <overall_status>Recruiting</overall_status>
  <start_date type="Actual">February 6, 2020</start_date>
  <completion_date type="Anticipated">December 30, 2020</completion_date>
  <primary_completion_date type="Anticipated">December 1, 2020</primary_completion_date>
  <phase>Phase 2</phase>
  <study_type>Interventional</study_type>
  <has_expanded_access>No</has_expanded_access>
  <study_design_info>
    <allocation>N/A</allocation>
    <intervention_model>Single Group Assignment</intervention_model>
    <intervention_model_description>reaching the criteria of pneumonia according to Diagnosis and Clinical Management of Pneumonia caused by 2019-nCoV Infection(Trial Version 4)</intervention_model_description>
    <primary_purpose>Prevention</primary_purpose>
    <masking>None (Open Label)</masking>
  </study_design_info>
  <primary_outcome>
    <measure>Oxygenation index</measure>
    <time_frame>on the day 14 after enrollment</time_frame>
    <description>partial arterial oxygen pressure (PaO2) / oxygen concentration (FiO2)</description>
  </primary_outcome>
  <secondary_outcome>
    <measure>28 day mortality</measure>
    <time_frame>on the day 28 after enrollment</time_frame>
    <description>whether the patient survives</description>
  </secondary_outcome>
  <secondary_outcome>
    <measure>Hospital stay</measure>
    <time_frame>up to 6 months</time_frame>
    <description>days of the patients in hospital</description>
  </secondary_outcome>
  <secondary_outcome>
    <measure>2019-nCoV antibody test</measure>
    <time_frame>on the day 7,14,28 after enrollment</time_frame>
    <description>whether or not the 2019-nCoV antibody is positive</description>
  </secondary_outcome>
  <secondary_outcome>
    <measure>2019-nCoV nucleic acid test</measure>
    <time_frame>on the day 7,14,28 after enrollment</time_frame>
    <description>whether or not the 2019-nCoV nucleic acid test is positive</description>
  </secondary_outcome>
  <secondary_outcome>
    <measure>Improvement of lung imaging examinations</measure>
    <time_frame>on the day 7,14,28 after enrollment</time_frame>
    <description>whether lung imaging examinations show the improvement of the pneumonia</description>
  </secondary_outcome>
  <secondary_outcome>
    <measure>White blood cell count</measure>
    <time_frame>on the day 7,14,28 after enrollment</time_frame>
    <description>counts of white blood cell in a litre of blood</description>
  </secondary_outcome>
  <secondary_outcome>
    <measure>Lymphocyte count</measure>
    <time_frame>on the day 7,14,28 after enrollment</time_frame>
    <description>counts of lymphocyte in a litre (L) of blood</description>
  </secondary_outcome>
  <secondary_outcome>
    <measure>Procalcitonin</measure>
    <time_frame>on the day 7,14,28 after enrollment</time_frame>
    <description>procalcitonin in microgram(ug)/L</description>
  </secondary_outcome>
  <secondary_outcome>
    <measure>interleukin(IL)-2</measure>
    <time_frame>on the day 7,14,28 after enrollment</time_frame>
    <description>IL-2 in picogram(pg)/millilitre(mL)</description>
  </secondary_outcome>
  <secondary_outcome>
    <measure>IL-4</measure>
    <time_frame>on the day 7,14,28 after enrollment</time_frame>
    <description>IL-4 in pg/mL</description>
  </secondary_outcome>
  <secondary_outcome>
    <measure>IL-6</measure>
    <time_frame>on the day 7,14,28 after enrollment</time_frame>
    <description>IL-6 in pg/mL</description>
  </secondary_outcome>
  <secondary_outcome>
    <measure>IL-10</measure>
    <time_frame>on the day 7,14,28 after enrollment</time_frame>
    <description>IL-10 in pg/mL</description>
  </secondary_outcome>
  <secondary_outcome>
    <measure>tumor necrosis factor(TNF)-α</measure>
    <time_frame>on the day 7,14,28 after enrollment</time_frame>
    <description>TNF-α in nanogram(ng)/L</description>
  </secondary_outcome>
  <secondary_outcome>
    <measure>γ-interferon(IFN)</measure>
    <time_frame>on the day 7,14,28 after enrollment</time_frame>
    <description>γ-IFN in a thousand unit (KU)/L</description>
  </secondary_outcome>
  <secondary_outcome>
    <measure>C-reactive protein(CRP)</measure>
    <time_frame>on the day 7,14,28 after enrollment</time_frame>
    <description>CRP in microgram（μg）/L</description>
  </secondary_outcome>
  <secondary_outcome>
    <measure>CD4+ T-Lymphocytopenia</measure>
    <time_frame>on the day 7,14,28 after enrollment</time_frame>
    <description>counts of CD4+ T-Lymphocytopenia in litre</description>
  </secondary_outcome>
  <secondary_outcome>
    <measure>CD8+ T-Lymphocytopenia</measure>
    <time_frame>on the day 7,14,28 after enrollment</time_frame>
    <description>counts of CD8+ T-Lymphocytopenia in a litre</description>
  </secondary_outcome>
  <secondary_outcome>
    <measure>natural killer cell(NK)</measure>
    <time_frame>on the day 7,14,28 after enrollment</time_frame>
    <description>counts of NK in a litre</description>
  </secondary_outcome>
  <number_of_arms>1</number_of_arms>
  <enrollment type="Anticipated">16</enrollment>
  <condition>Pneumonia, Viral</condition>
  <condition>Pneumonia, Ventilator-Associated</condition>
  <arm_group>
    <arm_group_label>pneumonia</arm_group_label>
    <arm_group_type>Experimental</arm_group_type>
    <description>According to Diagnosis and Clinical Management of Pneumonia caused by 2019-nCoV Infection(Trial Version 4), patients enrolled will be divided to serious pneumonia group or critical pneumonia group. All subjects will receive UC-MSCs 3.3 * 107 cell number / 50ml / bag, 3 bags each time. And UC-MSCs will be infused intravenously on the 1st, 3rd, 5th, and 7th days after enrollment, 1 time each day. The efficacy and safety of the treatment, patients' adverse reactions will be monitored.</description>
  </arm_group>
  <intervention>
    <intervention_type>Biological</intervention_type>
    <intervention_name>UC-MSCs</intervention_name>
    <description>After enrollment, each subject will receive UC-MSCs infusion intravenously on day 1, day 3, day 5, and day 7.</description>
    <arm_group_label>pneumonia</arm_group_label>
  </intervention>
  <eligibility>
    <criteria>
      <textblock>
        Inclusion Criteria:

          -  18-80 years old ,no gender restriction

          -  According to Diagnosis and Clinical Management of Pneumonia caused by 2019-nCoV
             infection(Trial Version 6), patients are diagnosed with severe or critical 2019-nCoV
             pneumonia

          -  Women of childbearing age should have a negative blood pregnancy test before the start
             of dosing and agree to take effective contraceptive measures during the trial until
             the last follow-up (28 days)

          -  Previous detection of Nucleotide or antibody of 2019-nCoV pneumonia was positive

          -  Voluntarily participate in this clinical study and sign a written informed consent. If
             the patient cannot obtain informed consent, he can authorize his legal representative.

        Exclusion Criteria:

          -  Liver SOFA score of more than 3 points;

          -  HIV positive

          -  Highly allergic constitution or history of severe allergies;

          -  Pregnant and lactating women;

          -  Patients with malignant tumors;

          -  Patients with previous history of pulmonary embolism;

          -  Participating in clinical trials of other drugs within 3 months before enrollment.

          -  be thought by researchers to be inappropriate to participate in this clinical study.
      </textblock>
    </criteria>
    <gender>All</gender>
    <minimum_age>18 Years</minimum_age>
    <maximum_age>80 Years</maximum_age>
    <healthy_volunteers>No</healthy_volunteers>
  </eligibility>
  <overall_official>
    <last_name>XingHuan Wang, professor</last_name>
    <role>Study Chair</role>
    <affiliation>Wuhan University</affiliation>
  </overall_official>
  <overall_contact>
    <last_name>XingHuan Wang, professor</last_name>
    <phone>18971387168</phone>
    <email>znyylcsy@126.com</email>
  </overall_contact>
  <overall_contact_backup>
    <last_name>ZhiYong Peng, professor</last_name>
    <phone>18672396028</phone>
    <email>pengzy5@hotmail.com</email>
  </overall_contact_backup>
  <location>
    <facility>
      <name>Zhongnan Hospital of Wuhan University</name>
      <address>
        <city>Wuhan</city>
        <state>Hubei</state>
        <zip>430000</zip>
        <country>China</country>
      </address>
    </facility>
    <status>Recruiting</status>
    <contact>
      <last_name>XingHuan Wang, professor</last_name>
    </contact>
    <contact_backup>
      <last_name>ZhiYong Peng, professor</last_name>
    </contact_backup>
    <investigator>
      <last_name>XingHuan Wang</last_name>
      <role>Principal Investigator</role>
    </investigator>
    <investigator>
      <last_name>ZhiYong Peng</last_name>
      <role>Principal Investigator</role>
    </investigator>
  </location>
  <location_countries>
    <country>China</country>
  </location_countries>
  <verification_date>June 2020</verification_date>
  <study_first_submitted>February 7, 2020</study_first_submitted>
  <study_first_submitted_qc>February 12, 2020</study_first_submitted_qc>
  <study_first_posted type="Actual">February 13, 2020</study_first_posted>
  <last_update_submitted>June 29, 2020</last_update_submitted>
  <last_update_submitted_qc>June 29, 2020</last_update_submitted_qc>
  <last_update_posted type="Actual">July 1, 2020</last_update_posted>
  <responsible_party>
    <responsible_party_type>Sponsor-Investigator</responsible_party_type>
    <investigator_affiliation>Zhongnan Hospital</investigator_affiliation>
    <investigator_full_name>ZhiYong Peng</investigator_full_name>
    <investigator_title>professor</investigator_title>
  </responsible_party>
  <keyword>2019-nCOV infection</keyword>
  <keyword>UC-MSCs Treatment</keyword>
  <condition_browse>
    <!-- CAUTION:  The following MeSH terms are assigned with an imperfect algorithm            -->
    <mesh_term>Pneumonia, Ventilator-Associated</mesh_term>
    <mesh_term>Pneumonia, Viral</mesh_term>
    <mesh_term>Pneumonia</mesh_term>
  </condition_browse>
  <patient_data>
    <sharing_ipd>No</sharing_ipd>
  </patient_data>
  <!-- Results have not yet been posted for this study                                          -->
</clinical_study>

