<?xml version="1.0" encoding="UTF-8"?>
<clinical_study rank="3165">
  <!-- This xml conforms to an XML Schema at:
    https://clinicaltrials.gov/ct2/html/images/info/public.xsd -->
  <required_header>
    <download_date>ClinicalTrials.gov processed this data on September 22, 2020</download_date>
    <link_text>Link to the current ClinicalTrials.gov record.</link_text>
    <url>https://clinicaltrials.gov/show/NCT04426318</url>
  </required_header>
  <id_info>
    <org_study_id>2020-0533</org_study_id>
    <secondary_id>A171600</secondary_id>
    <secondary_id>EDUC/COUNSELING PSYCH</secondary_id>
    <secondary_id>Protocol Approval 6/4/2020</secondary_id>
    <nct_id>NCT04426318</nct_id>
  </id_info>
  <brief_title>COVID-19 and the Healthy Minds Program for Educators</brief_title>
  <acronym>CAHMP-ED</acronym>
  <official_title>COVID-19 and the Healthy Minds Program for Educators</official_title>
  <sponsors>
    <lead_sponsor>
      <agency>University of Wisconsin, Madison</agency>
      <agency_class>Other</agency_class>
    </lead_sponsor>
    <collaborator>
      <agency>Chan Zuckerberg Initiative</agency>
      <agency_class>Other</agency_class>
    </collaborator>
    <collaborator>
      <agency>Healthy Minds Innovations</agency>
      <agency_class>Other</agency_class>
    </collaborator>
    <collaborator>
      <agency>Center for Healthy Minds</agency>
      <agency_class>Other</agency_class>
    </collaborator>
  </sponsors>
  <source>University of Wisconsin, Madison</source>
  <oversight_info>
    <has_dmc>No</has_dmc>
    <is_fda_regulated_drug>No</is_fda_regulated_drug>
    <is_fda_regulated_device>No</is_fda_regulated_device>
  </oversight_info>
  <brief_summary>
    <textblock>
      This study is a randomized controlled trial (RCT) of the four-week Healthy Minds Program
      (HMP) app Foundations training in employees of a mid-size urban school district in the United
      States during the summer of 2020, in the midst of the novel coronavirus pandemic. A 3-month
      follow-up in the fall of 2020 will also be conducted.

      Participants will be recruited via email and mailed postcards, and will first complete an
      online screen. Eligible participants will then enter a waiting zone for between 2-days and
      2-weeks before they are sent the online pre-test. Upon completion of the pre-test,
      participants will be assigned to condition via a simple random number generator. If assigned
      to the intervention (i.e., the Healthy Minds Program App), participants will receive
      instructions and support in downloading and activating the app. Every 7-days over the 4-week
      intervention period participants in both conditions will complete the same set of measures. A
      full battery of measures will be administered a second time post-test, following the 4-week
      intervention period. Three-months after post-test, a follow-up assessment will be conducted.

      The investigators predict that participants assigned to the intervention will demonstrate
      significantly reduced psychological distress after the intervention, and these decreases will
      persist at the 3-month follow-up. Further, it is hypothesized that baseline participant
      characteristics and early experience of the intervention will predict treatment adherence,
      study drop-out and outcomes, and that treatment engagement will moderate outcomes.
    </textblock>
  </brief_summary>
  <overall_status>Recruiting</overall_status>
  <start_date type="Actual">June 14, 2020</start_date>
  <completion_date type="Anticipated">June 30, 2022</completion_date>
  <primary_completion_date type="Anticipated">January 30, 2021</primary_completion_date>
  <phase>N/A</phase>
  <study_type>Interventional</study_type>
  <has_expanded_access>No</has_expanded_access>
  <study_design_info>
    <allocation>Randomized</allocation>
    <intervention_model>Parallel Assignment</intervention_model>
    <intervention_model_description>Random parallel assignment</intervention_model_description>
    <primary_purpose>Treatment</primary_purpose>
    <masking>Single (Investigator)</masking>
    <masking_description>There is no outcome assessor - all assessments will be conducted online by participants. Investigators will be blind to group assignment during data analysis. Analysis of hypotheses related to baseline characteristics, adherence and dosage cannot be blinded.</masking_description>
  </study_design_info>
  <primary_outcome>
    <measure>Change from baseline on an aggregate measure of Psychological distress that averages the Patient-Reported Outcomes Measurement Information System (PROMIS) Anxiety and Depressive Measures and the NIH Perceived Stress Scale</measure>
    <time_frame>baseline, after weeks 1, 2, and 3 of the intervention, 4 weeks (post intervention), 16 weeks (3 months post-intervention)</time_frame>
    <description>Psychological distress will be assessed by aggregating 3 measures: PROMIS anxiety and PROMIS depression, and the NIH Toolbox Perceived Stress Scale. Averages will be z-scored with a mean of 0 and a standard deviation 1. Higher scores indicate increased psychological distress.</description>
  </primary_outcome>
  <secondary_outcome>
    <measure>Change from baseline on the Five Facet Mindfulness Questionnaire Act with Awareness subscale</measure>
    <time_frame>baseline, after weeks 1, 2, and 3 of the intervention, 4 weeks (post intervention), 16 weeks (3 months post-intervention)</time_frame>
    <description>A measure of acting with mindful awareness. The total possible range in scores is 8-40, with higher scores indicating greater levels of this facet of mindfulness.</description>
  </secondary_outcome>
  <secondary_outcome>
    <measure>Change from baseline on the Drexel Defusion Scale (DDS)</measure>
    <time_frame>baseline, after weeks 1, 2, and 3 of the intervention, 4 weeks (post intervention), 16 weeks (3 months post-intervention)</time_frame>
    <description>Psychological distancing (i.e., defusion) will be assessed with the 10-item Drexel Defusion Scale (DDS). The total possible range in scores is 0-50, with higher scores indicating greater levels of psychological distancing.</description>
  </secondary_outcome>
  <secondary_outcome>
    <measure>Change from baseline on the Meaning in Life Questionnaire</measure>
    <time_frame>baseline, after weeks 1, 2, and 3 of the intervention, 4 weeks (post intervention), 16 weeks (3 months post-intervention)</time_frame>
    <description>The Meaning in Life Questionnaire Presence subscale will be used to measure perceptions of meaning and purpose in life. The total possible range in scores is 5 - 35 with higher scores indicating greater levels of meaning.</description>
  </secondary_outcome>
  <secondary_outcome>
    <measure>Change from baseline on the NIH Toolbox Loneliness scale</measure>
    <time_frame>baseline, after weeks 1, 2, and 3 of the intervention, 4 weeks (post intervention), 16 weeks (3 months post-intervention)</time_frame>
    <description>A measure of loneliness (i.e, lack of social connectedness). The total possible range in scores is 1-5, representing the average across all items; higher scores indicate greater levels of loneliness.</description>
  </secondary_outcome>
  <secondary_outcome>
    <measure>Change from baseline on the Conway COVID Questionnaire</measure>
    <time_frame>baseline, 4 weeks (post intervention), 16 weeks (3 months post-intervention)</time_frame>
    <description>The Conway COVID Questionnaire is a new, 16-tem measure of coronavirus related distress and related experiences. The perceived coronavirus threat, coronavirus impacts questionnaire, and coronavirus experiences subscales will be summed. The total possible range in scores is 7 - 112 with higher scores representing greater perceived threat.</description>
  </secondary_outcome>
  <secondary_outcome>
    <measure>Change from baseline on the Self-Compassion Scale Short Form</measure>
    <time_frame>baseline, 4 weeks (post intervention), 16 weeks (3 months post-intervention)</time_frame>
    <description>The Self-Compassion Scale Short Form will be used to measure self-compassion. The total possible range in scores is 12-60, with higher scores indicating greater levels of self-compassion.</description>
  </secondary_outcome>
  <secondary_outcome>
    <measure>Change from baseline on the Perseverative Thought Questionnaire</measure>
    <time_frame>baseline, 4 weeks (post intervention), 16 weeks (3 months post-intervention)</time_frame>
    <description>Negative ruminative thinking will be measured with the Perseverative Thought Questionnaire. The total possible range in scores is 0-60, with higher scores indicating greater levels negative ruminative thinking.</description>
  </secondary_outcome>
  <secondary_outcome>
    <measure>Change from baseline on the World Health Organization 5-item (WHO-5) well-being scale</measure>
    <time_frame>baseline, 4 weeks (post intervention), 16 weeks (3 months post-intervention)</time_frame>
    <description>Well-being with be measured using the WHO-5. The total possible range in scores is 0-25, with higher scores indicating greater levels of well-being.</description>
  </secondary_outcome>
  <secondary_outcome>
    <measure>Change from baseline on the Neutral Face Rating task</measure>
    <time_frame>baseline, 4 weeks (post intervention), 16 weeks (3 months post-intervention)</time_frame>
    <description>The Neutral Face Rating task is a novel measure of prosocial construal (average likability ratings) and race bias (average liking of white faces minus the average liking of black faces). Total score for both prosocial construal and bias range from 1 to 7, with higher scores representing greater prosocial construal and bias favoring white faces (negative scores on the bias measure indicate bias for liking black faces more than white faces).</description>
  </secondary_outcome>
  <secondary_outcome>
    <measure>Change from baseline on the Growth Mindset Scale for Well-Being</measure>
    <time_frame>baseline, 4 weeks (post intervention)</time_frame>
    <description>A measure of fixed versus incremental mindset regarding well-being. The average across items for a possible range in scores from 1-6 will be measured, with higher scores indicating greater levels of incremental views on well-being (i.e., it can be learned).</description>
  </secondary_outcome>
  <other_outcome>
    <measure>Slope across time on Practice quality and mood items</measure>
    <time_frame>Every other day when participant completes a practice (up to 4 weeks)</time_frame>
    <description>4-tems following each app-based practice for treatment participants that ask about perceive quality of the practice, (1 poor, 9 very good), and mood (1 poor, 5 good).</description>
  </other_outcome>
  <other_outcome>
    <measure>Digital working alliance</measure>
    <time_frame>After weeks 1, 2, and 3 during the intervention, 4 weeks (post intervention), 16 weeks (3 months post-intervention) - Intervention group only</time_frame>
    <description>A measure of working alliance in a digital environment that will be averaged across all items for a score range from 1 to 7, with higher scores reflecting higher levels of alliance.</description>
  </other_outcome>
  <number_of_arms>2</number_of_arms>
  <enrollment type="Anticipated">400</enrollment>
  <condition>Anxiety</condition>
  <condition>Depression</condition>
  <condition>Psychological Stress</condition>
  <condition>Psychological Distress</condition>
  <condition>Well-being</condition>
  <arm_group>
    <arm_group_label>Healthy Minds Program Foundations Training</arm_group_label>
    <arm_group_type>Experimental</arm_group_type>
    <description>Healthy Minds Program (HMP) Description:
The HMP app was developed by Healthy Minds Innovations at the UW Center for Healthy Minds, and is based on the work of Richard Davidson, PhD. HMP is designed to promote and protect psychological well-being through sustainable skills training. The program is grounded in constituents of psychological well-being identified in empirical literature. HMP provides core content, with instruction administered through a curriculum of high-quality guided practices. HMP is based on research on eudaimonic well-being (e.g., environmental mastery, purpose) and brain-based skills that underlie these qualities (e.g., regulation of attention, mental flexibility). HMP has &gt;100 guided audio practices that address 4 constituents of well-being: awareness, connection, insight, and purpose.</description>
  </arm_group>
  <arm_group>
    <arm_group_label>Wait-list control</arm_group_label>
    <arm_group_type>No Intervention</arm_group_type>
    <description>Participants assigned to the wait-list control will not receive treatment for the intervention and follow-up period. They will be provided access to the HMP Foundations training after completing follow-up testing.</description>
  </arm_group>
  <intervention>
    <intervention_type>Behavioral</intervention_type>
    <intervention_name>Healthy Minds Program Foundations Training</intervention_name>
    <description>The HMP is a novel, smartphone-based app that provides a series of guided meditation practices on four primary constituents of well-being: Awareness, Connection, Insight, and Purpose. The program is unique in several ways. First, all program elements are introduced with a summary of the scientific evidence supporting its constituent elements (e.g., Awareness and well-being). Second, in addition to standard sitting meditation practices found in many meditation-based behavioral interventions, the HMP offers active practices in which participants can develop the same skills but while embedding practice into activities they already do in their normal daily routine.</description>
    <arm_group_label>Healthy Minds Program Foundations Training</arm_group_label>
    <other_name>meditation</other_name>
    <other_name>mindfulness</other_name>
  </intervention>
  <eligibility>
    <criteria>
      <textblock>
        Inclusion Criteria:

          -  Ages 18 years old and up

          -  School district employee

          -  Smartphone or device that can download apps from Google Play or the iTunes app store

        Exclusion Criteria:

          -  Individuals under 18 years old

          -  Significant meditation experience:

               1. Meditation retreat experience (meditation retreat or yoga/body practice retreat
                  with significant meditation component),

               2. Regular meditation practice weekly for over 1 year OR daily practice within the
                  previous 6 months; or

               3. Previous use of the HMP app.

          -  Patient-Reported Outcomes Measurement Information System (PROMIS) depression score &gt;
             70
      </textblock>
    </criteria>
    <gender>All</gender>
    <minimum_age>18 Years</minimum_age>
    <maximum_age>N/A</maximum_age>
    <healthy_volunteers>Accepts Healthy Volunteers</healthy_volunteers>
  </eligibility>
  <overall_contact>
    <last_name>Simon B Goldberg, PhD</last_name>
    <phone>(608)265-8986</phone>
    <email>sbgoldberg@wisc.edu</email>
  </overall_contact>
  <overall_contact_backup>
    <last_name>Corrina Frye</last_name>
    <phone>(608)890-3073</phone>
    <email>cfrye@wisc.edu</email>
  </overall_contact_backup>
  <location>
    <facility>
      <name>University of Wisconsin</name>
      <address>
        <city>Madison</city>
        <state>Wisconsin</state>
        <zip>53705</zip>
        <country>United States</country>
      </address>
    </facility>
    <status>Recruiting</status>
    <contact>
      <last_name>Simon Goldberg, PhD</last_name>
      <email>sbgoldberg@wisc.edu</email>
    </contact>
  </location>
  <location_countries>
    <country>United States</country>
  </location_countries>
  <verification_date>June 2020</verification_date>
  <study_first_submitted>June 9, 2020</study_first_submitted>
  <study_first_submitted_qc>June 9, 2020</study_first_submitted_qc>
  <study_first_posted type="Actual">June 11, 2020</study_first_posted>
  <last_update_submitted>June 29, 2020</last_update_submitted>
  <last_update_submitted_qc>June 29, 2020</last_update_submitted_qc>
  <last_update_posted type="Actual">July 1, 2020</last_update_posted>
  <responsible_party>
    <responsible_party_type>Sponsor</responsible_party_type>
  </responsible_party>
  <condition_browse>
    <!-- CAUTION:  The following MeSH terms are assigned with an imperfect algorithm            -->
    <mesh_term>Stress, Psychological</mesh_term>
  </condition_browse>
  <patient_data>
    <sharing_ipd>Yes</sharing_ipd>
    <ipd_description>Data will be de-identified and listed in public data registries (i.e., osf) based on the publication of preregistered study hypotheses on a manuscript by manuscript basis.</ipd_description>
    <ipd_info_type>Study Protocol</ipd_info_type>
    <ipd_info_type>Statistical Analysis Plan (SAP)</ipd_info_type>
    <ipd_info_type>Analytic Code</ipd_info_type>
    <ipd_time_frame>Data will be de-identified and made publicly available based on the publication of preregistered study hypotheses following peer review.</ipd_time_frame>
    <ipd_access_criteria>Researcher consent. Any reasonable request will be granted.</ipd_access_criteria>
  </patient_data>
  <!-- Results have not yet been posted for this study                                          -->
</clinical_study>

