<?xml version="1.0" encoding="UTF-8"?>
<clinical_study rank="2262">
  <!-- This xml conforms to an XML Schema at:
    https://clinicaltrials.gov/ct2/html/images/info/public.xsd -->
  <required_header>
    <download_date>ClinicalTrials.gov processed this data on September 22, 2020</download_date>
    <link_text>Link to the current ClinicalTrials.gov record.</link_text>
    <url>https://clinicaltrials.gov/show/NCT04551768</url>
  </required_header>
  <id_info>
    <org_study_id>BHC-RIB-5401-GL</org_study_id>
    <nct_id>NCT04551768</nct_id>
  </id_info>
  <brief_title>Study to Evaluate the Safety and Efficacy of VIRAZOLE® in Hospitalized Adult Participants With Respiratory Distress Due to COVID-19</brief_title>
  <official_title>An Open-Label Study to Evaluate the Safety and Efficacy of VIRAZOLE® (RIBAVIRIN FOR INHALATION SOLUTION, USP) in Hospitalized Adult Participants With Respiratory Distress Due to COVID-19</official_title>
  <sponsors>
    <lead_sponsor>
      <agency>Bausch Health Americas, Inc.</agency>
      <agency_class>Industry</agency_class>
    </lead_sponsor>
  </sponsors>
  <source>Bausch Health Americas, Inc.</source>
  <oversight_info>
    <has_dmc>No</has_dmc>
    <is_fda_regulated_drug>No</is_fda_regulated_drug>
    <is_fda_regulated_device>No</is_fda_regulated_device>
    <is_us_export>No</is_us_export>
  </oversight_info>
  <brief_summary>
    <textblock>
      This study is a Phase 1, open label, non-randomized, two-arm interventional clinical trial to
      evaluate the safety and efficacy of Virazole® in hospitalized adult patients who have tested
      positive for COVID-19 and, as a result, have significant respiratory distress (PaO2/FiO2
      ratio &lt;300 mmHg).
    </textblock>
  </brief_summary>
  <overall_status>Not yet recruiting</overall_status>
  <start_date type="Anticipated">September 2020</start_date>
  <completion_date type="Anticipated">April 2021</completion_date>
  <primary_completion_date type="Anticipated">April 2021</primary_completion_date>
  <phase>Phase 1</phase>
  <study_type>Interventional</study_type>
  <has_expanded_access>No</has_expanded_access>
  <study_design_info>
    <allocation>Non-Randomized</allocation>
    <intervention_model>Parallel Assignment</intervention_model>
    <primary_purpose>Treatment</primary_purpose>
    <masking>None (Open Label)</masking>
  </study_design_info>
  <primary_outcome>
    <measure>Change in the clinical status severity (CSS) rating from the first dose date up to the completion of treatment</measure>
    <time_frame>7 days</time_frame>
    <description>The severity rating will be based on the ordinal scale of clinical status as follows:
Death.
Hospitalized, on invasive mechanical ventilation or extracorporeal membrane oxygenation (ECMO).
Hospitalized, on non-invasive ventilation or high flow oxygen devices.
Hospitalized, requiring supplemental oxygen.
Hospitalized, not requiring supplemental oxygen.
Not hospitalized, limitation on activities.
Not hospitalized, no limitations on activities.</description>
  </primary_outcome>
  <secondary_outcome>
    <measure>Time to recover gas exchange to a PaO2/FiO2 ≥300 for at least 24 hours.</measure>
    <time_frame>7 days</time_frame>
  </secondary_outcome>
  <secondary_outcome>
    <measure>Time to reach peripheral capillary oxygen saturation (Sp02) &gt;94% for at least 24 hours.</measure>
    <time_frame>7 days</time_frame>
  </secondary_outcome>
  <number_of_arms>2</number_of_arms>
  <enrollment type="Anticipated">50</enrollment>
  <condition>COVID19</condition>
  <arm_group>
    <arm_group_label>50 mg/mL Virazole</arm_group_label>
    <arm_group_type>Experimental</arm_group_type>
    <description>50 mg/mL Virazole aerosolized and administered over 1 hour twice a day for up to 6 days.</description>
  </arm_group>
  <arm_group>
    <arm_group_label>100 mg/mL Virazole</arm_group_label>
    <arm_group_type>Experimental</arm_group_type>
    <description>100 mg/mL Virazole aerosolized and administered over 30 minutes twice a day for up to 6 days.</description>
  </arm_group>
  <intervention>
    <intervention_type>Drug</intervention_type>
    <intervention_name>50 mg/mL Virazole</intervention_name>
    <description>50 mg/mL Virazole aerosolized and administered over 1 hour twice a day for up to 6 days.</description>
    <arm_group_label>50 mg/mL Virazole</arm_group_label>
  </intervention>
  <intervention>
    <intervention_type>Drug</intervention_type>
    <intervention_name>100 mg/mL Virazole</intervention_name>
    <description>100 mg/mL Virazole aerosolized and administered over 30 minutes twice a day for up to 6 days.</description>
    <arm_group_label>100 mg/mL Virazole</arm_group_label>
  </intervention>
  <eligibility>
    <criteria>
      <textblock>
        Inclusion Criteria:

          1. Male or non-pregnant female ≥ 18 years of age.

          2. Willing and able to provide written informed consent (or provided by a proxy).

          3. Currently hospitalized with laboratory confirmed COVID-19 novel coronavirus infection.

          4. PaO2/FiO2 ratio &lt;300 mmHg.

          5. Illness of any duration, and at least one of the following:

               -  Radiographic infiltrates by imaging (chest x-ray, CT scan, etc.), OR

               -  Clinical assessment (evidence of rales/crackles on exam) AND SpO2 ≤94% on room
                  air, OR

               -  Requiring mechanical ventilation and/or supplemental oxygen.

          6. Once released from the hospital, women of childbearing potential (WOCBP) and all men
             must agree to use at contraception methods for 9 months.

        Exclusion Criteria:

          1. Pregnant or breast feeding.

          2. Respiratory distress for reasons other than COVID-19 infection (e.g., congestive heart
             failure (CHF), bacterial pneumonia, etc.).

          3. Presence of secondary bacterial pneumonia.

          4. Presence of significant pulmonary fibrosis.

          5. Hypotension (need for hemodynamic pressors to maintain blood pressure).

          6. Greater than 7 days on mechanical ventilation.

          7. Anemia defined as hemoglobin or RBC &lt;75% of the institutional lower limit of normal
             for race, age and gender.

          8. History of COPD or bronchospasm prior to COVID-19 infection.

          9. History of hypersensitivity to ribavirin.

         10. Any condition that could cause noncompliance with treatment or may otherwise
             contraindicate the subject's participation in the study

         11. Subject is currently participating in any drug or device clinical investigation.

         12. Subject has received an investigational agent or approved drug that, in the
             Investigator's judgement, may have a chemical or pharmacological interaction with
             Virazole if administered within 5 half-lives or 30 days of the Baseline Visit.
      </textblock>
    </criteria>
    <gender>All</gender>
    <minimum_age>18 Years</minimum_age>
    <maximum_age>N/A</maximum_age>
    <healthy_volunteers>No</healthy_volunteers>
  </eligibility>
  <overall_official>
    <last_name>Anya Loncaric</last_name>
    <role>Study Director</role>
    <affiliation>Bausch Health</affiliation>
  </overall_official>
  <overall_contact>
    <last_name>Francisco Figueroa</last_name>
    <phone>(+52) 55-50624190</phone>
    <email>francisco.figueroa@bauschhealth.com</email>
  </overall_contact>
  <verification_date>September 2020</verification_date>
  <study_first_submitted>September 15, 2020</study_first_submitted>
  <study_first_submitted_qc>September 15, 2020</study_first_submitted_qc>
  <study_first_posted type="Estimate">September 16, 2020</study_first_posted>
  <last_update_submitted>September 15, 2020</last_update_submitted>
  <last_update_submitted_qc>September 15, 2020</last_update_submitted_qc>
  <last_update_posted type="Estimate">September 16, 2020</last_update_posted>
  <responsible_party>
    <responsible_party_type>Sponsor</responsible_party_type>
  </responsible_party>
  <intervention_browse>
    <!-- CAUTION:  The following MeSH terms are assigned with an imperfect algorithm            -->
    <mesh_term>Ribavirin</mesh_term>
  </intervention_browse>
  <patient_data>
    <sharing_ipd>Undecided</sharing_ipd>
  </patient_data>
  <!-- Results have not yet been posted for this study                                          -->
</clinical_study>

