<?xml version="1.0" encoding="UTF-8"?>
<clinical_study rank="2677">
  <!-- This xml conforms to an XML Schema at:
    https://clinicaltrials.gov/ct2/html/images/info/public.xsd -->
  <required_header>
    <download_date>ClinicalTrials.gov processed this data on September 22, 2020</download_date>
    <link_text>Link to the current ClinicalTrials.gov record.</link_text>
    <url>https://clinicaltrials.gov/show/NCT04381936</url>
  </required_header>
  <id_info>
    <org_study_id>NDPHRECOVERY</org_study_id>
    <secondary_id>2020-001113-21</secondary_id>
    <secondary_id>ISRCTN50189673</secondary_id>
    <nct_id>NCT04381936</nct_id>
  </id_info>
  <brief_title>Randomised Evaluation of COVID-19 Therapy</brief_title>
  <acronym>RECOVERY</acronym>
  <official_title>Randomised Evaluation of COVID-19 Therapy</official_title>
  <sponsors>
    <lead_sponsor>
      <agency>University of Oxford</agency>
      <agency_class>Other</agency_class>
    </lead_sponsor>
    <collaborator>
      <agency>UK Research and Innovation</agency>
      <agency_class>Other</agency_class>
    </collaborator>
    <collaborator>
      <agency>National Institute for Health Research, United Kingdom</agency>
      <agency_class>Other</agency_class>
    </collaborator>
    <collaborator>
      <agency>Wellcome</agency>
      <agency_class>Other</agency_class>
    </collaborator>
    <collaborator>
      <agency>Bill and Melinda Gates Foundation</agency>
      <agency_class>Other</agency_class>
    </collaborator>
    <collaborator>
      <agency>Department for International Development, United Kingdom</agency>
      <agency_class>Other</agency_class>
    </collaborator>
    <collaborator>
      <agency>Health Data Research UK</agency>
      <agency_class>Other</agency_class>
    </collaborator>
    <collaborator>
      <agency>Medical Research Council Population Health Research Unit</agency>
      <agency_class>Other</agency_class>
    </collaborator>
    <collaborator>
      <agency>NIHR Clinical Trials Unit Support Funding</agency>
      <agency_class>Other</agency_class>
    </collaborator>
  </sponsors>
  <source>University of Oxford</source>
  <oversight_info>
    <has_dmc>Yes</has_dmc>
    <is_fda_regulated_drug>No</is_fda_regulated_drug>
    <is_fda_regulated_device>No</is_fda_regulated_device>
    <is_us_export>No</is_us_export>
  </oversight_info>
  <brief_summary>
    <textblock>
      RECOVERY is a randomised trial investigating whether treatment with either
      Lopinavir-Ritonavir, Hydroxychloroquine, Corticosteroids, Azithromycin, Convalescent plasma
      or Tocilizumab prevents death in patients with COVID-19.
    </textblock>
  </brief_summary>
  <detailed_description>
    <textblock>
      The RECOVERY trial has already shown that dexamethasone (a type of steroid) reduces the risk
      of dying for patients hospitalised with COVID-19 receiving oxygen. The trial also concluded
      that there is no beneficial effect of hydroxychloroquine or lopinavir-ritonavir in patients
      hospitalised with COVID-19, and these arms have been closed to recruitment.

      BACKGROUND: In early 2020, as this protocol was being developed, there were no approved
      treatments for COVID-19, a disease induced by the novel coronavirus SARSCoV-2 that emerged in
      China in late 2019. The UK New and Emerging Respiratory Virus Threats Advisory Group
      (NERVTAG) advised that several possible treatments should be evaluated, including
      Lopinavir-Ritonavir, low-dose corticosteroids, and Hydroxychloroquine. These groups also
      advised that other treatments will soon emerge that require evaluation. A World Health
      Organization (WHO) expert group issued broadly similar advice.

      ELIGIBILITY AND RANDOMISATION: This protocol describes a randomised trial among patients
      hospitalised for COVID-19. All eligible patients are randomly allocated between several
      treatment arms, each to be given in addition to the usual standard of care in the
      participating hospital: No additional treatment vs Low-dose Corticosteroids (children only)
      vs Azithromycin vs intravenous immunoglobulin (children only). In a factorial design,
      eligible patients are allocated simultaneously to no additional treatment vs convalescent
      plasma. The study allows a subsequent randomisation for patients with progressive COVID-19
      (evidence of hyper-inflammatory state): No additional treatment vs Tocilizumab. For patients
      for whom not all the trial arms are appropriate or at locations where not all are available,
      randomisation will be between fewer arms.

      ADAPTIVE DESIGN: The interim trial results will be monitored by an independent Data
      Monitoring Committee (DMC). The most important task for the DMC will be to assess whether the
      randomised comparisons in the study have provided evidence on mortality that is strong enough
      (with a range of uncertainty around the results that is narrow enough) to affect national and
      global treatment strategies. In such a circumstance, the DMC will inform the Trial Steering
      Committee who will make the results available to the public and amend the trial arms
      accordingly. New trial arms can be added as evidence emerges that other candidate
      therapeutics should be evaluated.

      OUTCOMES: The main outcomes will be death, discharge, need for ventilation and need for renal
      replacement therapy. For the main analyses, follow-up will be censored at 28 days after
      randomisation. Additional information on longer term outcomes may be collected through review
      of medical records or linkage to medical databases such as those managed by NHS Digital and
      equivalent organisations in the devolved nations.

      SIMPLICITY OF PROCEDURES: To facilitate collaboration, even in hospitals that suddenly become
      overloaded, patient enrolment (via the internet) and all other trial procedures are greatly
      streamlined. Informed consent is simple and data entry is minimal. Randomisation via the
      internet is simple and quick, at the end of which the allocated treatment is displayed on the
      screen and can be printed or downloaded. Follow-up information is recorded at a single
      timepoint and may be ascertained by contacting participants in person, by phone or
      electronically, or by review of medical records and databases.

      DATA TO BE RECORDED: At randomisation, information will be collected on the identity of the
      randomising clinician and of the patient, age, sex, major co-morbidity, pregnancy, COVID-19
      onset date and severity, and any contraindications to the study treatments. The main outcomes
      will be death (with date and probable cause), discharge (with date), need for ventilation
      (with number of days recorded) and need for renal replacement therapy. Reminders will be sent
      if outcome data have not been recorded by 28 days after randomisation. Suspected Unexpected
      Serious Adverse Reactions (SUSARs) to one of the study medication (eg, Stevens-Johnson
      syndrome, anaphylaxis, aplastic anaemia) will be collected and reported in an expedited
      fashion. Other adverse events will not be recorded but may be available through linkage to
      medical databases.

      NUMBERS TO BE RANDOMISED: The larger the number randomised the more accurate the results will
      be, but the numbers that can be randomised will depend critically on how large the epidemic
      becomes. If substantial numbers are hospitalised in the participating centres then it may be
      possible to randomise several thousand with mild disease and a few thousand with severe
      disease, but realistic, appropriate sample sizes could not be estimated at the start of the
      trial.

      HETEROGENEITY BETWEEN POPULATIONS: If sufficient numbers are studied, it may be possible to
      generate reliable evidence in certain patient groups (e.g. those with major comorbidity or
      who are older). To this end, data from this study may be combined with data from other trials
      of treatments for COVID-19, such as those being planned by the WHO.

      ADD-ON STUDIES: Particular countries or groups of hospitals, may well want to collaborate in
      adding further measurements or observations, such as serial virology, serial blood gases or
      chemistry, serial lung imaging, or serial documentation of other aspects of disease status.
      While well-organised additional research studies of the natural history of the disease or of
      the effects of the trial treatments could well be valuable (although the lack of placebo
      control may bias the assessment of subjective side-effects, such as gastrointestinal
      problems), they are not core requirements.
    </textblock>
  </detailed_description>
  <overall_status>Recruiting</overall_status>
  <start_date type="Actual">March 19, 2020</start_date>
  <completion_date type="Anticipated">December 2031</completion_date>
  <primary_completion_date type="Anticipated">December 2021</primary_completion_date>
  <phase>Phase 2/Phase 3</phase>
  <study_type>Interventional</study_type>
  <has_expanded_access>No</has_expanded_access>
  <study_design_info>
    <allocation>Randomized</allocation>
    <intervention_model>Factorial Assignment</intervention_model>
    <intervention_model_description>Main randomisation (part A): Eligible patients will be randomly allocated between the available 7 treatment arms.
Main randomisation (part B): Simultaneously, eligible patients will be randomly allocated between convalescent plasma or no additional treatment.
Subsequent randomisation: Participants with progressive COVID-19 (as evidenced by hypoxia and an inflammatory state) may undergo an optional second randomisation.</intervention_model_description>
    <primary_purpose>Treatment</primary_purpose>
    <masking>None (Open Label)</masking>
  </study_design_info>
  <primary_outcome>
    <measure>All-cause mortality</measure>
    <time_frame>Within 28 days after randomisation</time_frame>
    <description>For each pairwise comparison with the 'no additional treatment' arm, the primary objective is to provide reliable estimates of the effect of study treatments on all-cause mortality.</description>
  </primary_outcome>
  <secondary_outcome>
    <measure>Duration of hospital stay</measure>
    <time_frame>Within 28 days and up to 6 months after the main randomisation</time_frame>
    <description>To assess the effects of study treatment on number of days stay in hospital</description>
  </secondary_outcome>
  <secondary_outcome>
    <measure>Composite endpoint of death or need for mechanical ventilation or ECMO</measure>
    <time_frame>Within 28 days and up to 6 months after the main randomisation</time_frame>
    <description>Among patients not on mechanical ventilation at baseline, the number of patients with a composite endpoint of death or need for mechanical ventilation or ECMO.</description>
  </secondary_outcome>
  <other_outcome>
    <measure>Need for (and duration of) ventilation</measure>
    <time_frame>Within 28 days and up to 6 months after the main randomisation</time_frame>
    <description>To assess the effects of study treatment on number of patients who needed ventilation and the number of days it was required</description>
  </other_outcome>
  <other_outcome>
    <measure>Need for renal replacement</measure>
    <time_frame>Within 28 days and up to 6 months after the main randomisation</time_frame>
    <description>To assess the effects of study treatment on number of patients who needed renal replacement therapy</description>
  </other_outcome>
  <other_outcome>
    <measure>Development of new major cardiac arrythmias</measure>
    <time_frame>Within 28 days and up to 6 months after the main randomisation</time_frame>
    <description>To assess the effects of study treatment on number of patients who develop new major cardiac arrythmias</description>
  </other_outcome>
  <number_of_arms>8</number_of_arms>
  <enrollment type="Anticipated">15000</enrollment>
  <condition>Severe Acute Respiratory Syndrome</condition>
  <arm_group>
    <arm_group_label>Standard Care</arm_group_label>
    <arm_group_type>No Intervention</arm_group_type>
    <description>Patient receives usual hospital care</description>
  </arm_group>
  <arm_group>
    <arm_group_label>Low dose corticosteroids</arm_group_label>
    <arm_group_type>Active Comparator</arm_group_type>
    <description>First (main) randomisation part A [This arm is now closed to adult recruitment]</description>
  </arm_group>
  <arm_group>
    <arm_group_label>Hydroxychloroquine</arm_group_label>
    <arm_group_type>Active Comparator</arm_group_type>
    <description>First (main) randomisation part A [This arm is now closed to recruitment]</description>
  </arm_group>
  <arm_group>
    <arm_group_label>Lopinavir-Ritonavir</arm_group_label>
    <arm_group_type>Active Comparator</arm_group_type>
    <description>First (main) randomisation part A [This arm is now closed to recruitment]</description>
  </arm_group>
  <arm_group>
    <arm_group_label>Azithromycin</arm_group_label>
    <arm_group_type>Active Comparator</arm_group_type>
    <description>First (main) randomisation part A</description>
  </arm_group>
  <arm_group>
    <arm_group_label>Convalescent plasma</arm_group_label>
    <arm_group_type>Active Comparator</arm_group_type>
    <description>First (main) randomisation part B</description>
  </arm_group>
  <arm_group>
    <arm_group_label>Tocilizumab</arm_group_label>
    <arm_group_type>Active Comparator</arm_group_type>
    <description>Participants with progressive COVID-19 (as evidenced by hypoxia and an inflammatory state) may undergo an optional subsequent randomisation between Tocilizumab and no additional treatment.</description>
  </arm_group>
  <arm_group>
    <arm_group_label>Intravenous Immunoglobulin</arm_group_label>
    <arm_group_type>Active Comparator</arm_group_type>
    <description>First (main) randomisation part A (open to children only)</description>
  </arm_group>
  <intervention>
    <intervention_type>Drug</intervention_type>
    <intervention_name>Lopinavir-Ritonavir</intervention_name>
    <description>Lopinavir 400mg-Ritonavir 100mg by mouth (or nasogastric tube) every 12 hours for 10 days.</description>
    <arm_group_label>Lopinavir-Ritonavir</arm_group_label>
  </intervention>
  <intervention>
    <intervention_type>Drug</intervention_type>
    <intervention_name>Corticosteroid</intervention_name>
    <description>Corticosteroid in the form of dexamethasone administered as an oral (liquid or tablets) or intravenous preparation 6 mg once daily for 10 days. In pregnancy or breastfeeding women, prednisolone 40 mg administered by mouth (or intravenous hydrocortisone 80 mg twice daily) should be used instead of dexamethasone. Corticosteroid (in children ≤44 weeks gestational age, or &gt;44 weeks gestational age with PIMS-TS only) in the form of Hydrocortisone or Methylprednisolone sodium succinate (see Protocol for timing and dosage)</description>
    <arm_group_label>Low dose corticosteroids</arm_group_label>
  </intervention>
  <intervention>
    <intervention_type>Drug</intervention_type>
    <intervention_name>Hydroxychloroquine</intervention_name>
    <description>Hydroxychloroquine by mouth for a total of 10 days (see Protocol for timing and dosage).</description>
    <arm_group_label>Hydroxychloroquine</arm_group_label>
  </intervention>
  <intervention>
    <intervention_type>Drug</intervention_type>
    <intervention_name>Azithromycin</intervention_name>
    <description>Azithromycin 500mg by mouth (or nasogastric tube) or intravenously once daily for 10 days.</description>
    <arm_group_label>Azithromycin</arm_group_label>
  </intervention>
  <intervention>
    <intervention_type>Biological</intervention_type>
    <intervention_name>Convalescent plasma</intervention_name>
    <description>Single unit of ABO compatible convalescent plasma (275mls +/- 75 mls) intravenous per day on study days 1 (as soon as possible after randomisation) and 2 (with a minimum of 12 hour interval between 1st and 2nd units).</description>
    <arm_group_label>Convalescent plasma</arm_group_label>
  </intervention>
  <intervention>
    <intervention_type>Drug</intervention_type>
    <intervention_name>Tocilizumab</intervention_name>
    <description>Tocilizumab by intravenous infusion with the dose determined by body weight (see Protocol for dosage)</description>
    <arm_group_label>Tocilizumab</arm_group_label>
  </intervention>
  <intervention>
    <intervention_type>Biological</intervention_type>
    <intervention_name>Immunoglobulin</intervention_name>
    <description>Intravenous immunoglobulin (IVIg) for children &gt;44 weeks gestational age and &lt;18 years with PIMS-TS only (see Protocol for dosage)</description>
    <arm_group_label>Intravenous Immunoglobulin</arm_group_label>
  </intervention>
  <eligibility>
    <criteria>
      <textblock>
        Inclusion Criteria:

          -  (i) Hospitalised

          -  (ii) SARS-CoV-2 infection (clinically suspected or laboratory confirmed)

          -  (iii) No medical history that might, in the opinion of the attending clinician, put
             the patient at significant risk if he/she were to participate in the trial

        Exclusion Criteria:

          -  If the attending clinician believes that there is a specific contra-indication to one
             of the active drug treatment arms (see Protocol Appendix 2; section 8.2 and Appendix
             3; section 8.3 for children) or that the patient should definitely be receiving one of
             the active drug treatment arms then that arm will not be available for randomisation
             for that patient. For patients who lack capacity, an advanced directive or behaviour
             that clearly indicates that they would not wish to participate in the trial would be
             considered sufficient reason to exclude them from the trial.
      </textblock>
    </criteria>
    <gender>All</gender>
    <minimum_age>N/A</minimum_age>
    <maximum_age>N/A</maximum_age>
    <healthy_volunteers>No</healthy_volunteers>
  </eligibility>
  <overall_official>
    <last_name>Peter W Horby</last_name>
    <role>Principal Investigator</role>
    <affiliation>University of Oxford</affiliation>
  </overall_official>
  <overall_contact>
    <last_name>Richard Haynes</last_name>
    <phone>+44 (0)1865 743743</phone>
    <email>recoverytrial@ndph.ox.ac.uk</email>
  </overall_contact>
  <location>
    <facility>
      <name>Nuffield Department of Population Health, University of Oxford</name>
      <address>
        <city>Oxford</city>
        <zip>OX3 7LF</zip>
        <country>United Kingdom</country>
      </address>
    </facility>
    <status>Recruiting</status>
    <contact>
      <last_name>Peter W Horby</last_name>
      <email>recoverytrial@ndph.ox.ac.uk</email>
    </contact>
    <investigator>
      <last_name>Peter W Horby</last_name>
      <role>Principal Investigator</role>
    </investigator>
    <investigator>
      <last_name>Martin Landray</last_name>
      <role>Principal Investigator</role>
    </investigator>
    <investigator>
      <last_name>Wei Shen Lim</last_name>
      <role>Principal Investigator</role>
    </investigator>
    <investigator>
      <last_name>Kenneth Baillie</last_name>
      <role>Principal Investigator</role>
    </investigator>
    <investigator>
      <last_name>Richard Haynes</last_name>
      <role>Principal Investigator</role>
    </investigator>
    <investigator>
      <last_name>Ed Juszczak</last_name>
      <role>Principal Investigator</role>
    </investigator>
    <investigator>
      <last_name>Thomas Jaki</last_name>
      <role>Principal Investigator</role>
    </investigator>
  </location>
  <location_countries>
    <country>United Kingdom</country>
  </location_countries>
  <link>
    <url>https://www.recoverytrial.net/</url>
    <description>RECOVERY Trial website (preliminary results, the Protocol, the Statistical Analysis Plan, and other trial documents can be downloaded from this website)</description>
  </link>
  <results_reference>
    <citation>RECOVERY Collaborative Group, Horby P, Lim WS, Emberson JR, Mafham M, Bell JL, Linsell L, Staplin N, Brightling C, Ustianowski A, Elmahi E, Prudon B, Green C, Felton T, Chadwick D, Rege K, Fegan C, Chappell LC, Faust SN, Jaki T, Jeffery K, Montgomery A, Rowan K, Juszczak E, Baillie JK, Haynes R, Landray MJ. Dexamethasone in Hospitalized Patients with Covid-19 - Preliminary Report. N Engl J Med. 2020 Jul 17. doi: 10.1056/NEJMoa2021436. [Epub ahead of print]</citation>
    <PMID>32678530</PMID>
  </results_reference>
  <verification_date>August 2020</verification_date>
  <study_first_submitted>May 7, 2020</study_first_submitted>
  <study_first_submitted_qc>May 7, 2020</study_first_submitted_qc>
  <study_first_posted type="Actual">May 11, 2020</study_first_posted>
  <last_update_submitted>August 24, 2020</last_update_submitted>
  <last_update_submitted_qc>August 24, 2020</last_update_submitted_qc>
  <last_update_posted type="Actual">August 27, 2020</last_update_posted>
  <responsible_party>
    <responsible_party_type>Sponsor</responsible_party_type>
  </responsible_party>
  <keyword>COVID-19</keyword>
  <keyword>SARS-CoV-2</keyword>
  <keyword>SARS coronavirus 2</keyword>
  <keyword>SARS</keyword>
  <condition_browse>
    <!-- CAUTION:  The following MeSH terms are assigned with an imperfect algorithm            -->
    <mesh_term>Severe Acute Respiratory Syndrome</mesh_term>
    <mesh_term>Coronavirus Infections</mesh_term>
  </condition_browse>
  <intervention_browse>
    <!-- CAUTION:  The following MeSH terms are assigned with an imperfect algorithm            -->
    <mesh_term>Ritonavir</mesh_term>
    <mesh_term>Lopinavir</mesh_term>
    <mesh_term>Azithromycin</mesh_term>
    <mesh_term>Hydroxychloroquine</mesh_term>
    <mesh_term>Immunoglobulins</mesh_term>
    <mesh_term>Immunoglobulins, Intravenous</mesh_term>
    <mesh_term>Antibodies</mesh_term>
  </intervention_browse>
  <patient_data>
    <sharing_ipd>Yes</sharing_ipd>
    <ipd_description>The data-sharing plans for this study will be made available at a later date.</ipd_description>
    <ipd_info_type>Study Protocol</ipd_info_type>
    <ipd_info_type>Statistical Analysis Plan (SAP)</ipd_info_type>
    <ipd_info_type>Informed Consent Form (ICF)</ipd_info_type>
    <ipd_access_criteria>Proposals for substudies must be approved by the Trial Steering Committee. Procedures for accessing the data for this study are available on https://www.ndph.ox.ac.uk/data-access</ipd_access_criteria>
    <ipd_url>https://www.ndph.ox.ac.uk/data-access</ipd_url>
  </patient_data>
  <!-- Results have not yet been posted for this study                                          -->
</clinical_study>

