<?xml version="1.0" encoding="UTF-8"?>
<clinical_study rank="2630">
  <!-- This xml conforms to an XML Schema at:
    https://clinicaltrials.gov/ct2/html/images/info/public.xsd -->
  <required_header>
    <download_date>ClinicalTrials.gov processed this data on September 22, 2020</download_date>
    <link_text>Link to the current ClinicalTrials.gov record.</link_text>
    <url>https://clinicaltrials.gov/show/NCT04445246</url>
  </required_header>
  <id_info>
    <org_study_id>MRC-05-026</org_study_id>
    <nct_id>NCT04445246</nct_id>
  </id_info>
  <brief_title>Inhaled Iloprost for Suspected COVID-19 Respiratory Failure</brief_title>
  <acronym>ILOCOVID</acronym>
  <official_title>Inhaled Iloprost for the Treatment of Suspected COVID-19 Respiratory Failure</official_title>
  <sponsors>
    <lead_sponsor>
      <agency>Hamad Medical Corporation</agency>
      <agency_class>Industry</agency_class>
    </lead_sponsor>
  </sponsors>
  <source>Hamad Medical Corporation</source>
  <oversight_info>
    <has_dmc>Yes</has_dmc>
    <is_fda_regulated_drug>Yes</is_fda_regulated_drug>
    <is_fda_regulated_device>No</is_fda_regulated_device>
    <is_us_export>Yes</is_us_export>
  </oversight_info>
  <brief_summary>
    <textblock>
      Acute respiratory distress syndrome (ARDS) is a type of respiratory failure characterized by
      the rapid onset of widespread inflammation in the lungs. ARDS is thought to be the main cause
      of respiratory failure in COVID-19 patients. Research is still ongoing to further elucidate
      the different ARDS subtypes that may exist in COVID-19. It is crucial to find new targets for
      treatment and support of COVID-19 patients with respiratory failure.
    </textblock>
  </brief_summary>
  <detailed_description>
    <textblock>
      The investigators hypothesize that inhaled prostacyclins (Iloprost in this study) may improve
      inflammation and oxygenation in suspected or confirmed COVID-19 patients with respiratory
      failure.

      Research participants: Suspected or confirmed COVID-19 patients presenting to the emergency
      department (ED) of intensive care units (ICU) with Hypoxemic respiratory failure.

      Intervention: Inhaled Iloprost (Tradename Ventavis by Actelion Pharmaceuticals US, Inc.)
      three times daily for 5 days Methods: patients will be screened in ED and ICU for inclusion
      and exclusion criteria and then consent will be obtained. The intervention will be started
      within 48 hours of presentation. Baseline parameters on oxygenation, inflammatory markers,
      hemodynamics will be obtained and followed serially over the period of the intervention.
      Additional data about time to intubation, time on mechanical ventilation, lung mechanics, and
      need for prone positioning will also be collected.

      Data will be analyzed for percentage improvement in oxygenation (Oxygen saturation and
      PaO2/FiO2 ratio), trends of inflammatory markers, and hemodynamic stability while Iloprost is
      administered.

      Based on previous studies of Iloprost on ARDS patients, the investigators anticipate an
      improvement in oxygenation and inflammatory parameters and possible prevention of intubation
      with shorter mechanical ventilation times. Iloprost showed a safe profile with stable
      hemodynamics during administration.
    </textblock>
  </detailed_description>
  <overall_status>Recruiting</overall_status>
  <start_date type="Actual">May 23, 2020</start_date>
  <completion_date type="Anticipated">May 31, 2021</completion_date>
  <primary_completion_date type="Anticipated">May 31, 2021</primary_completion_date>
  <phase>Phase 2</phase>
  <study_type>Interventional</study_type>
  <has_expanded_access>No</has_expanded_access>
  <study_design_info>
    <allocation>N/A</allocation>
    <intervention_model>Single Group Assignment</intervention_model>
    <primary_purpose>Treatment</primary_purpose>
    <masking>None (Open Label)</masking>
  </study_design_info>
  <primary_outcome>
    <measure>change in oxygenation parameters</measure>
    <time_frame>5 days</time_frame>
    <description>change in oxygen saturation and PaO2/FiO2 ratio by 20% on day 6 compared to baseline values prior to Iloprost initiation.</description>
  </primary_outcome>
  <secondary_outcome>
    <measure>Rates of endotracheal intubation</measure>
    <time_frame>28 days</time_frame>
    <description>likelihood to require intubation in the cohort treated with Iloprost</description>
  </secondary_outcome>
  <secondary_outcome>
    <measure>Invasive ventilation duration</measure>
    <time_frame>28 days</time_frame>
    <description>in days in the cohort treated with Iloprost</description>
  </secondary_outcome>
  <secondary_outcome>
    <measure>ICU length of stay</measure>
    <time_frame>28 days</time_frame>
    <description>in days in the cohort treated with Iloprost</description>
  </secondary_outcome>
  <secondary_outcome>
    <measure>Hospital Length of stay</measure>
    <time_frame>28 days</time_frame>
    <description>in days in the cohort treated with Iloprost</description>
  </secondary_outcome>
  <secondary_outcome>
    <measure>Rates of proning therapy</measure>
    <time_frame>28 days</time_frame>
    <description>likelihood to require proning in the cohort treated with Iloprost</description>
  </secondary_outcome>
  <secondary_outcome>
    <measure>Rates of ECMO cannulation</measure>
    <time_frame>28 days</time_frame>
    <description>likelihood to require ECMO cannulation in the cohort treated with Iloprost</description>
  </secondary_outcome>
  <secondary_outcome>
    <measure>Mortality</measure>
    <time_frame>28 days</time_frame>
    <description>likelihood to die of any cause within 28 days of initial hospital presentation</description>
  </secondary_outcome>
  <number_of_arms>1</number_of_arms>
  <enrollment type="Anticipated">40</enrollment>
  <condition>COVID-19</condition>
  <condition>ARDS, Human</condition>
  <condition>Hypoxemic Respiratory Failure</condition>
  <arm_group>
    <arm_group_label>Inhaled Iloprost therapy</arm_group_label>
    <arm_group_type>Experimental</arm_group_type>
    <description>Inhaled Iloprost 20 mcg every 8 hours for 5 days only delivered by nebulization</description>
  </arm_group>
  <intervention>
    <intervention_type>Drug</intervention_type>
    <intervention_name>Inhaled ILOPROST</intervention_name>
    <description>Inhaled Iloprost 20 mcg every 8 hours for 5 days only delivered by nebulization.</description>
    <arm_group_label>Inhaled Iloprost therapy</arm_group_label>
    <other_name>Ventavis by Actelion Pharmaceuticals US, Inc.</other_name>
  </intervention>
  <eligibility>
    <criteria>
      <textblock>
        Inclusion Criteria:

          1. Suspected or confirmed COVID-19 patient by PCR

          2. O2 saturation =&lt;92% on 5 or more l/min of O2 by NC or Face mask

          3. On CPAP, HFNC or Invasive ventilation

          4. Enrollment within 48h of onset of hypoxemia

        Exclusion Criteria:

          1. Age &lt;18

          2. Pregnancy or Positive pregnancy test at the time of screening

          3. Clinical evidence of left atrial hypertension or known chronic CHF

          4. Persistent Hypotension SBP&lt;85 on presentation

          5. Mechanical ventilation &gt;7 days

          6. Patients who received iloprost treatment for any indication within 48 hours prior to
             enrollment in the clinical trial or patients who were on thrombin inhibitors, or
             nitric oxide within the previous 24 h before study randomization are also excluded.

          7. Patients with contraindication for ilioprost
      </textblock>
    </criteria>
    <gender>All</gender>
    <minimum_age>18 Years</minimum_age>
    <maximum_age>N/A</maximum_age>
    <healthy_volunteers>No</healthy_volunteers>
  </eligibility>
  <overall_official>
    <last_name>Nadir Kharma, MD</last_name>
    <role>Principal Investigator</role>
    <affiliation>Hamad Medical Corporation</affiliation>
  </overall_official>
  <overall_contact>
    <last_name>Nadir Kharma, MD</last_name>
    <phone>+97444396298</phone>
    <email>nkharma@hamad.qa</email>
  </overall_contact>
  <overall_contact_backup>
    <last_name>Ali AitHssain, MD</last_name>
    <phone>+97444396298</phone>
    <email>AHssain@hamad.qa</email>
  </overall_contact_backup>
  <location>
    <facility>
      <name>Hamad Medical Corporation</name>
      <address>
        <city>Doha</city>
        <country>Qatar</country>
      </address>
    </facility>
    <status>Recruiting</status>
    <contact>
      <last_name>Nadir Kharma, MD</last_name>
      <phone>+97444396298</phone>
      <email>nkharma@hamad.qa</email>
    </contact>
  </location>
  <location_countries>
    <country>Qatar</country>
  </location_countries>
  <verification_date>May 2020</verification_date>
  <study_first_submitted>June 9, 2020</study_first_submitted>
  <study_first_submitted_qc>June 23, 2020</study_first_submitted_qc>
  <study_first_posted type="Actual">June 24, 2020</study_first_posted>
  <last_update_submitted>June 23, 2020</last_update_submitted>
  <last_update_submitted_qc>June 23, 2020</last_update_submitted_qc>
  <last_update_posted type="Actual">June 24, 2020</last_update_posted>
  <responsible_party>
    <responsible_party_type>Sponsor</responsible_party_type>
  </responsible_party>
  <keyword>Iloprost</keyword>
  <keyword>prostacyclins</keyword>
  <keyword>inhaled nitric oxide</keyword>
  <keyword>pulmonary vasodilators</keyword>
  <condition_browse>
    <!-- CAUTION:  The following MeSH terms are assigned with an imperfect algorithm            -->
    <mesh_term>Respiratory Insufficiency</mesh_term>
    <mesh_term>Respiratory Distress Syndrome, Adult</mesh_term>
  </condition_browse>
  <intervention_browse>
    <!-- CAUTION:  The following MeSH terms are assigned with an imperfect algorithm            -->
    <mesh_term>Iloprost</mesh_term>
  </intervention_browse>
  <!-- Results have not yet been posted for this study                                          -->
</clinical_study>

