<?xml version="1.0" encoding="UTF-8"?>
<clinical_study rank="31">
  <!-- This xml conforms to an XML Schema at:
    https://clinicaltrials.gov/ct2/html/images/info/public.xsd -->
  <required_header>
    <download_date>ClinicalTrials.gov processed this data on September 22, 2020</download_date>
    <link_text>Link to the current ClinicalTrials.gov record.</link_text>
    <url>https://clinicaltrials.gov/show/NCT04386109</url>
  </required_header>
  <id_info>
    <org_study_id>14905</org_study_id>
    <nct_id>NCT04386109</nct_id>
  </id_info>
  <brief_title>Neonatal Complications of Coronavirus Disease (COVID-19)</brief_title>
  <official_title>Neonatal Complications of Coronavirus Disease (COVID-19)</official_title>
  <sponsors>
    <lead_sponsor>
      <agency>University of Oxford</agency>
      <agency_class>Other</agency_class>
    </lead_sponsor>
    <collaborator>
      <agency>Imperial College London</agency>
      <agency_class>Other</agency_class>
    </collaborator>
    <collaborator>
      <agency>University of Leicester</agency>
      <agency_class>Other</agency_class>
    </collaborator>
    <collaborator>
      <agency>University of Nottingham</agency>
      <agency_class>Other</agency_class>
    </collaborator>
    <collaborator>
      <agency>University of Glasgow</agency>
      <agency_class>Other</agency_class>
    </collaborator>
    <collaborator>
      <agency>University Hospital of Wales</agency>
      <agency_class>Other</agency_class>
    </collaborator>
    <collaborator>
      <agency>Public Health England</agency>
      <agency_class>Other</agency_class>
    </collaborator>
    <collaborator>
      <agency>St George's, University of London</agency>
      <agency_class>Other</agency_class>
    </collaborator>
  </sponsors>
  <source>University of Oxford</source>
  <oversight_info>
    <has_dmc>No</has_dmc>
    <is_fda_regulated_drug>No</is_fda_regulated_drug>
    <is_fda_regulated_device>No</is_fda_regulated_device>
  </oversight_info>
  <brief_summary>
    <textblock>
      There is an evidence gap in relation to the incidence, impact and severity of COVID-19 in
      newborn babies. International data are very limited, we have no robust estimates of incidence
      and no UK-based data with which to inform policy, clinical care, service delivery or advice
      to pregnant women.

      The research aims are to investigate the three mains ways in which COVID-19 might affect
      newborns and babies that need neonatal care:

        1. Newborn babies might catch COVID-19 before, during or soon after birth and this may lead
           to problems with breathing or feeding that need support in hospital.

        2. COVID-19 could affect babies that are already on neonatal units with other medical
           conditions (like being very premature) that place them at greater risk of severe
           COVID-19.

        3. COVID-19 might affect that way that pregnant women are looked after in pregnancy, labour
           or bith which could lead to problems for some babies, even if they do not themselves
           become infected with COVID-19.
    </textblock>
  </brief_summary>
  <detailed_description>
    <textblock>
      The investigators have established a national (UK-wide) active surveillance study using the
      standard British Paediatric Surveillance Unit (BPSU) approach.

      Since the 1st April 2020 case notifications are being collected using the BPSU 'orange eCard'
      approach. Eligible babies are: neonatal COVID-19 in babies (&lt;29 days old) in neonatal units,
      paediatric intensive care units and other in-patient locations and where neonates are born to
      COVID-19 mothers and require neonatal care. Notification cards are being sent weekly rather
      than the usual monthly pattern, this is so we are able to monitor case returns in
      'real-time'. When paediatricians notify a case they are sent a data collection sheet which is
      returned complete to the BPSU-COVID-19 team at the NPEU.

      The primary data collected in the study will also be cross-linking with data from: a parallel
      NIHR funded study of COVID-19 mothers being carried out using the UK Obstetric Surveillance
      System (UKOSS); MBRRACE-UK, the national surveillance of perinatal deaths; the Paediatric
      Intensive Care Audit Network (PICANet); and PHE England, PHS Scotland, PHS Wales and the HSC
      Public Health Agency Northern Ireland. This is to ensure complete case ascertainment. A later
      linkage will be carried out with the National Neonatal Research Database (NNRD) in order to
      collect more detailed clinical information.

      As data are weekly reports of the findings will be generated to inform the development of
      policy and practice. The findings will be sent together with the UKOSS findings to: the
      decision makers responsible for the COVID-19 control policy at NHSE, DHSC, the Scottish,
      Welsh and NI governments, as well as the Royal Colleges of Paediatrics and Child Health and
      Obstetricians and Gynaecologists (RCPCH &amp; RCOG respectively), and the British Association of
      Perinatal Medicine (BAPM). This will ensure that policy, advice to pregnant women and parents
      and guidance for practice benefits from the most up to date information.

      Follow-up at 3 months post-notification will be carried out in order to collect the final
      outcomes for each baby as the first data collection will be completed when a substantial
      proportion of babies will still be in-patients.

      Data will also be shared (subject to appropriate approvals and data sharing agreements) with
      the COVID-19 registries that are being developed in the UK and across Europe.
    </textblock>
  </detailed_description>
  <overall_status>Recruiting</overall_status>
  <start_date type="Actual">April 1, 2020</start_date>
  <completion_date type="Anticipated">September 30, 2021</completion_date>
  <primary_completion_date type="Anticipated">March 31, 2021</primary_completion_date>
  <study_type>Observational</study_type>
  <has_expanded_access>No</has_expanded_access>
  <study_design_info>
    <observational_model>Cohort</observational_model>
    <time_perspective>Prospective</time_perspective>
  </study_design_info>
  <primary_outcome>
    <measure>Incidence of neonatal COVID-19</measure>
    <time_frame>April 2020 to March 2021</time_frame>
    <description>Number of neonatal participants with COVID-19 divided by the total number of live births in the population</description>
  </primary_outcome>
  <primary_outcome>
    <measure>Incidence of vertically transmitted COVID-19</measure>
    <time_frame>April 2020 to March 2021</time_frame>
    <description>Number of neonatal participants with COVID-19 following vertically transmission of the Coronavirus divided by the total number of live births in the population</description>
  </primary_outcome>
  <secondary_outcome>
    <measure>Presentation and natural history of neonatal COVID-19</measure>
    <time_frame>April 2020 to March 2021</time_frame>
    <description>Questionnaire data</description>
  </secondary_outcome>
  <secondary_outcome>
    <measure>Presentation of neonates with COVID-19 positive mothers</measure>
    <time_frame>April 2020 to March 2021</time_frame>
    <description>Questionnaire data</description>
  </secondary_outcome>
  <secondary_outcome>
    <measure>Outcomes for neonates with COVID-19</measure>
    <time_frame>April 2020 to March 2021</time_frame>
    <description>Proportion of neonate participants who died and the proportion who were discharged home alive.</description>
  </secondary_outcome>
  <secondary_outcome>
    <measure>Clinical treatment of neonatal COVID-19</measure>
    <time_frame>April 2020 to March 2021</time_frame>
    <description>Questionnaire data</description>
  </secondary_outcome>
  <secondary_outcome>
    <measure>Neonatal secondary impacts of maternal COVID-19</measure>
    <time_frame>April 2020 to March 2021</time_frame>
    <description>Questionnaire data</description>
  </secondary_outcome>
  <number_of_groups>2</number_of_groups>
  <enrollment type="Anticipated">500</enrollment>
  <condition>Neonatal COVID-19 Disease</condition>
  <arm_group>
    <arm_group_label>Neonates COVID-19 positive</arm_group_label>
    <description>1. Neonatal COVID-19 in babies (&lt;29 days old) in neonatal units, paediatric intensive care units and other in-patient locations.</description>
  </arm_group>
  <arm_group>
    <arm_group_label>Neonates born to COVID-19 positive mothers</arm_group_label>
    <description>2. Neonates (&lt;29 days old) born to COVID-19 positive mothers requiring neonatal care</description>
  </arm_group>
  <intervention>
    <intervention_type>Other</intervention_type>
    <intervention_name>No intervention - exposure is to COVID-19</intervention_name>
    <description>No intervention - exposure is to COVID-19</description>
    <arm_group_label>Neonates COVID-19 positive</arm_group_label>
    <arm_group_label>Neonates born to COVID-19 positive mothers</arm_group_label>
  </intervention>
  <eligibility>
    <study_pop>
      <textblock>
        Babies admitted for neonatal care in: a neonatal unit, a paediatric intensive care unit or
        an in-patient ward.
      </textblock>
    </study_pop>
    <sampling_method>Probability Sample</sampling_method>
    <criteria>
      <textblock>
        Inclusion Criteria:

          -  Any baby:

               1. That has a diagnosis of COVID-19 made on a sample taken before 29 days of age and
                  receives inpatient care for COVID-19 (this includes postnatal ward, neonatal
                  unit, paediatric inpatient wards, PICU) OR

               2. Where the mother had confirmed COVID-19 at the time of birth or suspected
                  COVID-19 at the time of birth that has subsequently been confirmed, and the baby
                  was admitted for neonatal care

                  Exclusion Criteria:
      </textblock>
    </criteria>
    <gender>All</gender>
    <minimum_age>N/A</minimum_age>
    <maximum_age>29 Days</maximum_age>
    <healthy_volunteers>No</healthy_volunteers>
  </eligibility>
  <overall_official>
    <last_name>Professor J Kurinczuk, MBChB,MSc,MD</last_name>
    <role>Principal Investigator</role>
    <affiliation>University of Oxford</affiliation>
  </overall_official>
  <overall_official>
    <last_name>Dr C Gale, MBBS,MSc,PhD</last_name>
    <role>Principal Investigator</role>
    <affiliation>Imperial College London</affiliation>
  </overall_official>
  <overall_contact>
    <last_name>Professor J Kurinczuk, MBChB,MSc,MD</last_name>
    <phone>int+ 44 (0)7775516686</phone>
    <email>jenny.kurinczuk@npeu.ox.ac.uk</email>
  </overall_contact>
  <overall_contact_backup>
    <last_name>Dr C Gale, MBBS,MSc,PhD</last_name>
    <phone>int + 44 (0)20 3315 3519</phone>
    <email>christoper.gale@imperial.ac.uk</email>
  </overall_contact_backup>
  <location>
    <facility>
      <name>Imperial College</name>
      <address>
        <city>London</city>
        <country>United Kingdom</country>
      </address>
    </facility>
    <status>Recruiting</status>
    <contact>
      <last_name>Dr C Gale, MBBS,MSc,PhD</last_name>
      <phone>int + 44 (0) 202 3315 3519</phone>
      <email>christopher.gale@imperial.ac.uk</email>
    </contact>
  </location>
  <location_countries>
    <country>United Kingdom</country>
  </location_countries>
  <verification_date>April 2020</verification_date>
  <study_first_submitted>April 15, 2020</study_first_submitted>
  <study_first_submitted_qc>May 12, 2020</study_first_submitted_qc>
  <study_first_posted type="Actual">May 13, 2020</study_first_posted>
  <last_update_submitted>May 12, 2020</last_update_submitted>
  <last_update_submitted_qc>May 12, 2020</last_update_submitted_qc>
  <last_update_posted type="Actual">May 13, 2020</last_update_posted>
  <responsible_party>
    <responsible_party_type>Sponsor</responsible_party_type>
  </responsible_party>
  <condition_browse>
    <!-- CAUTION:  The following MeSH terms are assigned with an imperfect algorithm            -->
    <mesh_term>Coronavirus Infections</mesh_term>
  </condition_browse>
  <patient_data>
    <sharing_ipd>Yes</sharing_ipd>
    <ipd_description>Share relevant data to international registries of neonatal COVID-19 which are being developed.</ipd_description>
    <ipd_info_type>Study Protocol</ipd_info_type>
    <ipd_info_type>Clinical Study Report (CSR)</ipd_info_type>
    <ipd_time_frame>Within 6 months of the study start</ipd_time_frame>
    <ipd_access_criteria>Funded registry with appropriate approvals to receive data</ipd_access_criteria>
  </patient_data>
  <!-- Results have not yet been posted for this study                                          -->
</clinical_study>

