<?xml version="1.0" encoding="UTF-8"?>
<clinical_study rank="868">
  <!-- This xml conforms to an XML Schema at:
    https://clinicaltrials.gov/ct2/html/images/info/public.xsd -->
  <required_header>
    <download_date>ClinicalTrials.gov processed this data on September 22, 2020</download_date>
    <link_text>Link to the current ClinicalTrials.gov record.</link_text>
    <url>https://clinicaltrials.gov/show/NCT04331600</url>
  </required_header>
  <id_info>
    <org_study_id>WROCLAW CORONA STUDY 2020</org_study_id>
    <nct_id>NCT04331600</nct_id>
  </id_info>
  <brief_title>Chloroquine as Antiviral Treatment in Coronavirus Infection 2020</brief_title>
  <official_title>Multicenter, Randomized, Open-label, Non-commercial, Investigator-initiated Study to Evaluate the Efficacy and Safety of Chloroquine Phosphate in Combination With Telemedicine Care in the Risk Reduction of COVID-19 Related Hospitalization or Death, in Ambulatory Patients With COVID-19 Being at Risk of Serious Complications</official_title>
  <sponsors>
    <lead_sponsor>
      <agency>Wroclaw Medical University</agency>
      <agency_class>Other</agency_class>
    </lead_sponsor>
  </sponsors>
  <source>Wroclaw Medical University</source>
  <oversight_info>
    <has_dmc>Yes</has_dmc>
    <is_fda_regulated_drug>No</is_fda_regulated_drug>
    <is_fda_regulated_device>No</is_fda_regulated_device>
    <is_us_export>No</is_us_export>
  </oversight_info>
  <brief_summary>
    <textblock>
      The aim of the study is to evaluate whether the therapy with chloroquine phosphate (CQ, in
      combination with telemedical approach) in addition to standard care is effective and safe in
      reducing composite endpoint of COVID-19-related hospitalization or all cause death, in
      ambulatory patients with SARS-SoV-2 infection at particular risk of serious complications due
      to advanced age and/or comorbid conditions (in comparison with subjects not treated with CQ
      but receiving standard care and supervised telemedically).
    </textblock>
  </brief_summary>
  <detailed_description>
    <textblock>
      Until now there are no evidence-based, good-quality data from sufficiently powered clinical
      trials supporting the use of any antiviral medicines or immunomodulatory therapies in the
      management or prophylaxis of COVID-19; however there are currently being initiated studies in
      Europe and U.S., and a few registered studies are ongoing in China. Currently two groups of
      medicines are hypothesized to be effective therapeutic options in COVID-19: (1) classical
      antiviral drugs interfering with pathogen dissemination / replication, and (2) compounds
      inhibiting host inflammatory reactions, especially (and potentially selectively) in
      respiratory tract / system (cytokine inhibitors and specific antibodies). Special hopes are
      placed in quinoline derivatives such as chloroquine (CQ), based on some unpublished data from
      China and a few experiments in vitro. CQ is an old antimalarial drug that has been used for
      more than 50 years in the therapy and prevention of this parasitosis. Anti-inflammatory
      features of quinolone derivatives such as CQ or hydroxychloroquine have also been used in
      rheumatology (for the therapy of lupus erythematosus or rheumatoid arthritis) due to the
      inhibition of the production of proinflammatory cytokines. The effectiveness (and safety) of
      CQ in COVID-19 has not been investigated in sufficiently powered RCTs until now.
    </textblock>
  </detailed_description>
  <overall_status>Recruiting</overall_status>
  <start_date type="Actual">April 16, 2020</start_date>
  <completion_date type="Anticipated">December 31, 2020</completion_date>
  <primary_completion_date type="Anticipated">September 30, 2020</primary_completion_date>
  <phase>Phase 4</phase>
  <study_type>Interventional</study_type>
  <has_expanded_access>No</has_expanded_access>
  <study_design_info>
    <allocation>Randomized</allocation>
    <intervention_model>Parallel Assignment</intervention_model>
    <primary_purpose>Treatment</primary_purpose>
    <masking>None (Open Label)</masking>
  </study_design_info>
  <primary_outcome>
    <measure>COVID-19-related hospitalization or all-cause death</measure>
    <time_frame>15 days</time_frame>
    <description>Composite endpoint of COVID-19-related hospitalization or all-cause death</description>
  </primary_outcome>
  <secondary_outcome>
    <measure>Decrease in COVID-19 symptoms</measure>
    <time_frame>15 days and 42 days</time_frame>
    <description>Decrease in self-reported symptoms of novel coronavirus infection. Non-dichotomous symptoms (e.g. syncope is dichotomous - yes or no) such as dyspnoea will be self-evaluated by patients using the 0-3 scale with the severity increasing with the punctation (0-no symptoms, 1-mild symptoms, 2-moderate symptoms, 3-severe symptoms).</description>
  </secondary_outcome>
  <secondary_outcome>
    <measure>Development of pneumonia</measure>
    <time_frame>42 days</time_frame>
    <description>Based on X-ray, microbiology and laboratory results</description>
  </secondary_outcome>
  <secondary_outcome>
    <measure>Development of coronavirus infection-related complications</measure>
    <time_frame>42 days</time_frame>
    <description>Acute respiratory distress syndrome, bacterial infection, shock, sepsis, etc</description>
  </secondary_outcome>
  <number_of_arms>2</number_of_arms>
  <enrollment type="Anticipated">400</enrollment>
  <condition>COVID-19</condition>
  <arm_group>
    <arm_group_label>CHLOROQUINE</arm_group_label>
    <arm_group_type>Experimental</arm_group_type>
    <description>Standard of care + chloroquine phosphate + telemedical approach.</description>
  </arm_group>
  <arm_group>
    <arm_group_label>CONTROL GROUP</arm_group_label>
    <arm_group_type>Other</arm_group_type>
    <description>Standard of care + telemedical approach.</description>
  </arm_group>
  <intervention>
    <intervention_type>Drug</intervention_type>
    <intervention_name>Chloroquine phosphate</intervention_name>
    <description>Oral chloroquine phosphate for 14 days</description>
    <arm_group_label>CHLOROQUINE</arm_group_label>
  </intervention>
  <intervention>
    <intervention_type>Other</intervention_type>
    <intervention_name>Telemedicine</intervention_name>
    <description>Telemedical supervision for 42 days</description>
    <arm_group_label>CHLOROQUINE</arm_group_label>
    <arm_group_label>CONTROL GROUP</arm_group_label>
  </intervention>
  <eligibility>
    <criteria>
      <textblock>
        INCLUSION CRITERIA

          1. age &gt;=60 years OR age 18-59 years with one of the following conditions:

               1. chronic lung disease

               2. chronic cardiovascular disease

               3. diabetes

               4. malignancy diagnosed within 5 years prior to enrollment

               5. history of chronic kidney disease

               6. atrial fibrillation

               7. past haemorrhagic stroke, ischemic stroke or transient CNS ischemia

               8. obesity defined as BMI ≥ 30 kg / m2

               9. 10-year risk of fatal cardiovascular disease

          2. SARS-CoV-2 infection confirmed in RT-PCR (nasopharyngeal swab)

          3. Hospitalization not required based on clinical judgement

          4. Ability to participate in telemedical care

        EXCLUSION CRITERIA

          1. Lack of written informed consent

          2. Possible failure to comply with the protocol

          3. Chloroquine, hydroxychloroquine therapy within 30 days prior to enrollment

          4. Antiviral therapy within 14 days prior to enrollment

          5. Contraindications to chloroquine (pregnancy, breast-feeding, severe renal
             insufficiency, amiodarone therapy, alcohol disease, haematological disorders,
             epilepsia, porphyria, liver disease/cirrhosis, retinopathy, fainting/syncope,
             myasthenia)

          6. Hypersensitivity to chloroquine or drug excipients

          7. HIV infection

          8. Other relevant circumstances/conditions based on clinical judgement

          9. Concurrent participation in another interventional clinical trial
      </textblock>
    </criteria>
    <gender>All</gender>
    <minimum_age>18 Years</minimum_age>
    <maximum_age>N/A</maximum_age>
    <healthy_volunteers>No</healthy_volunteers>
  </eligibility>
  <overall_contact>
    <last_name>Marta Duda-Sikula, MBA</last_name>
    <phone>48 71 784 00 34</phone>
    <email>marta.duda-sikula@umed.wroc.pl</email>
  </overall_contact>
  <location>
    <facility>
      <name>Uniwersytecki Szpital Kliniczny</name>
      <address>
        <city>Wrocław</city>
        <state>Ul. Borowska 213</state>
        <zip>50-556</zip>
        <country>Poland</country>
      </address>
    </facility>
    <status>Recruiting</status>
  </location>
  <location>
    <facility>
      <name>Wielospecjalistyczny Szpital Miejski</name>
      <address>
        <city>Poznań</city>
        <state>Ul. Szwajcarska 3</state>
        <zip>61-285</zip>
        <country>Poland</country>
      </address>
    </facility>
    <status>Recruiting</status>
  </location>
  <location_countries>
    <country>Poland</country>
  </location_countries>
  <verification_date>May 2020</verification_date>
  <study_first_submitted>March 30, 2020</study_first_submitted>
  <study_first_submitted_qc>April 1, 2020</study_first_submitted_qc>
  <study_first_posted type="Actual">April 2, 2020</study_first_posted>
  <last_update_submitted>May 21, 2020</last_update_submitted>
  <last_update_submitted_qc>May 21, 2020</last_update_submitted_qc>
  <last_update_posted type="Actual">May 22, 2020</last_update_posted>
  <responsible_party>
    <responsible_party_type>Sponsor</responsible_party_type>
  </responsible_party>
  <keyword>COVID-19</keyword>
  <intervention_browse>
    <!-- CAUTION:  The following MeSH terms are assigned with an imperfect algorithm            -->
    <mesh_term>Chloroquine</mesh_term>
    <mesh_term>Chloroquine diphosphate</mesh_term>
  </intervention_browse>
  <patient_data>
    <sharing_ipd>No</sharing_ipd>
  </patient_data>
  <!-- Results have not yet been posted for this study                                          -->
</clinical_study>

