<?xml version="1.0" encoding="UTF-8"?>
<clinical_study rank="2805">
  <!-- This xml conforms to an XML Schema at:
    https://clinicaltrials.gov/ct2/html/images/info/public.xsd -->
  <required_header>
    <download_date>ClinicalTrials.gov processed this data on September 22, 2020</download_date>
    <link_text>Link to the current ClinicalTrials.gov record.</link_text>
    <url>https://clinicaltrials.gov/show/NCT04291729</url>
  </required_header>
  <id_info>
    <org_study_id>ASC-CTP-NC-01</org_study_id>
    <nct_id>NCT04291729</nct_id>
  </id_info>
  <brief_title>Evaluation of Ganovo （Danoprevir ） Combined With Ritonavir in the Treatment of SARS-CoV-2 Infection</brief_title>
  <official_title>An Open Clinical Trial to Evaluate Ganovo（Danoprevir ） Combined With Ritonavir in the Treatment of SARS-CoV-2 Infection</official_title>
  <sponsors>
    <lead_sponsor>
      <agency>The Ninth Hospital of Nanchang</agency>
      <agency_class>Other</agency_class>
    </lead_sponsor>
    <collaborator>
      <agency>Ascletis Pharmaceuticals Co., Ltd.</agency>
      <agency_class>Industry</agency_class>
    </collaborator>
  </sponsors>
  <source>The Ninth Hospital of Nanchang</source>
  <oversight_info>
    <has_dmc>No</has_dmc>
    <is_fda_regulated_drug>No</is_fda_regulated_drug>
    <is_fda_regulated_device>No</is_fda_regulated_device>
  </oversight_info>
  <brief_summary>
    <textblock>
      Evaluation of the efficacy and safety of Ganovo combined with ritonavir for patients infected
      with SARS-CoV-2.
    </textblock>
  </brief_summary>
  <detailed_description>
    <textblock>
      Given no specific antiviral therapies for new coronavirus pneumonia approved yet and Ganovo,
      an oral Hepatitis C virus protease inhibitor, approved in China in June 2018 , this open,
      controlled trial will evaluate the efficacy and safety of Ganovo in hospitalized patients
      infected with SARS-CoV-2.
    </textblock>
  </detailed_description>
  <overall_status>Completed</overall_status>
  <start_date type="Actual">February 17, 2020</start_date>
  <completion_date type="Actual">March 19, 2020</completion_date>
  <primary_completion_date type="Actual">March 19, 2020</primary_completion_date>
  <phase>Phase 4</phase>
  <study_type>Interventional</study_type>
  <has_expanded_access>No</has_expanded_access>
  <study_design_info>
    <allocation>N/A</allocation>
    <intervention_model>Single Group Assignment</intervention_model>
    <primary_purpose>Treatment</primary_purpose>
    <masking>None (Open Label)</masking>
  </study_design_info>
  <primary_outcome>
    <measure>Rate of composite adverse outcomes</measure>
    <time_frame>14 days</time_frame>
    <description>Defined as SPO2≤ 93% without oxygen supplementation, PaO2/FiO2 ≤300mmHg or a respiratory rate ≥30 breaths per min without supplemental oxygen</description>
  </primary_outcome>
  <secondary_outcome>
    <measure>Time to recovery</measure>
    <time_frame>14 days</time_frame>
    <description>Clinical recovery was defined as sustained (48 hours) alleviation of illness based on symptom scores (fever, cough, diarrhea, myalgia, dyspnea) all being absent and no evidence for progression (newly-presented dyspnea, SpO2 decline ≥3%, respiratory rate ≥ 24 breaths per min without supplemental oxygen).</description>
  </secondary_outcome>
  <secondary_outcome>
    <measure>Rate of no fever</measure>
    <time_frame>14 days</time_frame>
    <description>Rate of no fever</description>
  </secondary_outcome>
  <secondary_outcome>
    <measure>Rate of no cough</measure>
    <time_frame>14 days</time_frame>
    <description>Rate of no cough</description>
  </secondary_outcome>
  <secondary_outcome>
    <measure>Rate of no dyspnea</measure>
    <time_frame>14 days</time_frame>
    <description>Rate of no dyspnea</description>
  </secondary_outcome>
  <secondary_outcome>
    <measure>Rate of no requiring supplemental oxygen</measure>
    <time_frame>14 days</time_frame>
    <description>Rate of no requiring supplemental oxygen</description>
  </secondary_outcome>
  <secondary_outcome>
    <measure>Rate of undetectable New coronavirus pathogen nucleic acid</measure>
    <time_frame>14 days</time_frame>
    <description>Rate of undetectable New coronavirus pathogen nucleic acid</description>
  </secondary_outcome>
  <secondary_outcome>
    <measure>Rate of mechanical ventilation</measure>
    <time_frame>14 days</time_frame>
    <description>Rate of mechanical ventilation</description>
  </secondary_outcome>
  <secondary_outcome>
    <measure>Rate of ICU admission</measure>
    <time_frame>14 days</time_frame>
    <description>Rate of ICU admission</description>
  </secondary_outcome>
  <secondary_outcome>
    <measure>Rate of serious adverse event</measure>
    <time_frame>14 days</time_frame>
    <description>Rate of serious adverse event</description>
  </secondary_outcome>
  <number_of_arms>1</number_of_arms>
  <enrollment type="Actual">11</enrollment>
  <condition>COVID-19</condition>
  <arm_group>
    <arm_group_label>Ganovo+ritonavir with or without interferon nebulization</arm_group_label>
    <arm_group_type>Experimental</arm_group_type>
  </arm_group>
  <intervention>
    <intervention_type>Drug</intervention_type>
    <intervention_name>Ganovo+ritonavir+/-Interferon nebulization</intervention_name>
    <description>Ganovo one tablet (100mg / tablet) at a time, twice a day, up to 14 days. Ritonavir one tablet(100mg / tablet) at a time, twice a day, up to 14 days.With or without spray inhalation of interferon, 50μg / time for adults, twice a day up to 14 days.</description>
    <arm_group_label>Ganovo+ritonavir with or without interferon nebulization</arm_group_label>
  </intervention>
  <eligibility>
    <criteria>
      <textblock>
        Inclusion Criteria:

          -  Aged 18-75 years old;

          -  Pneumonia patients with new coronavirus infection were confirmed to be positive by
             RT-PCR and clinical manifestations. The diagnosis standard refers to the diagnosis and
             treatment plan for pneumonia with new coronavirus infection (Current Trial Version);

          -  Patients with newly diagnosed respiratory system discomfort who have been hospitalized
             (the diagnosis time of respiratory system discomfort shall not exceed 7 days);

          -  Women and their partners who have no planned pregnancy for nearly half a year and are
             willing to take effective contraceptive measures within 30 days from the first
             administration of the study drug to the last administration;

          -  Agree not to participate in other clinical research within 30 days from the first
             administration of the study drug to the last administration;

          -  Patients who voluntarily sign informed consent.

        Exclusion Criteria:

          -  The pneumonia patients with severe new coronavirus infection met one of the following
             conditions: respiratory distress, RR &gt;= 30 times / min; or SaO2 / SpO2 &lt;93% in resting
             state; or arterial partial pressure of oxygen (PaO2) / concentration of oxygen (FiO2)
             &lt;300MMHG (1mmhg = 0.133kpa);

          -  Pneumonia patients with severe new coronavirus infection meet one of the following
             conditions: respiratory failure and need mechanical ventilation; or shock; or other
             organ failure combined with ICU monitoring treatment;

          -  Severe liver disease (such as child Pugh score &gt;=C, AST &gt; 5 times upper limit);

          -  Patients with contraindications specified in the instructions of ritonavir tablets;

          -  The pregnancy test of female subjects in the screening period was positive;

          -  The researchers judged that it was not suitable to participate in this clinical trial
             (for example, patients who may be transferred to another hospital during the study
             period; patients with multiple basic diseases, etc.).
      </textblock>
    </criteria>
    <gender>All</gender>
    <minimum_age>18 Years</minimum_age>
    <maximum_age>75 Years</maximum_age>
    <healthy_volunteers>No</healthy_volunteers>
  </eligibility>
  <overall_official>
    <last_name>Yahong Chen, MD</last_name>
    <role>Study Director</role>
    <affiliation>Ascletis Pharmaceuticals Co., Ltd.</affiliation>
  </overall_official>
  <location>
    <facility>
      <name>The Ninth Hospital of Nanchang</name>
      <address>
        <city>Nanchang</city>
        <state>Jiangxi</state>
        <zip>330000</zip>
        <country>China</country>
      </address>
    </facility>
  </location>
  <location_countries>
    <country>China</country>
  </location_countries>
  <verification_date>March 2020</verification_date>
  <study_first_submitted>February 27, 2020</study_first_submitted>
  <study_first_submitted_qc>February 28, 2020</study_first_submitted_qc>
  <study_first_posted type="Actual">March 2, 2020</study_first_posted>
  <last_update_submitted>April 9, 2020</last_update_submitted>
  <last_update_submitted_qc>April 9, 2020</last_update_submitted_qc>
  <last_update_posted type="Actual">April 13, 2020</last_update_posted>
  <responsible_party>
    <responsible_party_type>Sponsor</responsible_party_type>
  </responsible_party>
  <condition_browse>
    <!-- CAUTION:  The following MeSH terms are assigned with an imperfect algorithm            -->
    <mesh_term>Infection</mesh_term>
  </condition_browse>
  <intervention_browse>
    <!-- CAUTION:  The following MeSH terms are assigned with an imperfect algorithm            -->
    <mesh_term>Interferons</mesh_term>
    <mesh_term>Ritonavir</mesh_term>
  </intervention_browse>
  <patient_data>
    <sharing_ipd>Undecided</sharing_ipd>
  </patient_data>
  <!-- Results have not yet been posted for this study                                          -->
</clinical_study>

