<?xml version="1.0" encoding="UTF-8"?>
<clinical_study rank="2486">
  <!-- This xml conforms to an XML Schema at:
    https://clinicaltrials.gov/ct2/html/images/info/public.xsd -->
  <required_header>
    <download_date>ClinicalTrials.gov processed this data on September 22, 2020</download_date>
    <link_text>Link to the current ClinicalTrials.gov record.</link_text>
    <url>https://clinicaltrials.gov/show/NCT04321174</url>
  </required_header>
  <id_info>
    <org_study_id>CORIPREV-1</org_study_id>
    <nct_id>NCT04321174</nct_id>
  </id_info>
  <brief_title>COVID-19 Ring-based Prevention Trial With Lopinavir/Ritonavir</brief_title>
  <acronym>CORIPREV-LR</acronym>
  <official_title>COVID-19 Ring-based Prevention Trial With Lopinavir/Ritonavir</official_title>
  <sponsors>
    <lead_sponsor>
      <agency>Darrell Tan</agency>
      <agency_class>Other</agency_class>
    </lead_sponsor>
  </sponsors>
  <source>St. Michael's Hospital, Toronto</source>
  <oversight_info>
    <has_dmc>Yes</has_dmc>
    <is_fda_regulated_drug>Yes</is_fda_regulated_drug>
    <is_fda_regulated_device>No</is_fda_regulated_device>
    <is_us_export>Yes</is_us_export>
  </oversight_info>
  <brief_summary>
    <textblock>
      COVID-19 has rapidly evolved into a generalized global pandemic. Post-exposure prophylaxis
      (PEP) against on COVID-19 was identified as an urgent research priority by the WHO, and
      lopinavir/ritonavir (LPV/r) is a promising candidate for both COVID-19 treatment and PEP,
      with a good safety profile and global availability. This is a cluster randomized controlled
      trial (RCT) of oral LPV/r as PEP against COVID-19, that will address the immediate need for
      preventive interventions, generate key data on COVID-19 transmission, and serve as a research
      platform for future vaccines and preventive agents.
    </textblock>
  </brief_summary>
  <overall_status>Recruiting</overall_status>
  <start_date type="Actual">April 17, 2020</start_date>
  <completion_date type="Anticipated">March 31, 2022</completion_date>
  <primary_completion_date type="Anticipated">March 31, 2021</primary_completion_date>
  <phase>Phase 3</phase>
  <study_type>Interventional</study_type>
  <has_expanded_access>No</has_expanded_access>
  <study_design_info>
    <allocation>Randomized</allocation>
    <intervention_model>Parallel Assignment</intervention_model>
    <primary_purpose>Prevention</primary_purpose>
    <masking>Single (Outcomes Assessor)</masking>
  </study_design_info>
  <primary_outcome>
    <measure>Microbiologic evidence of infection</measure>
    <time_frame>14 days</time_frame>
    <description>The primary outcome is microbiologically confirmed COVID-19 infection, ie. detection of viral RNA in a respiratory specimen (mid-turbinate swab, nasopharyngeal swab, sputum specimen, saliva specimen, oral swab, endotracheal aspirate, bronchoalveolar lavage specimen) by day 14 of the study.</description>
  </primary_outcome>
  <secondary_outcome>
    <measure>Adverse events</measure>
    <time_frame>90 days</time_frame>
    <description>a) Adverse events: as defined using the DAIDS Table for Grading the Severity of Adverse Events, at 7, 14, 28 &amp; 90 days</description>
  </secondary_outcome>
  <secondary_outcome>
    <measure>Symptomatic COVID-19 disease</measure>
    <time_frame>14 days</time_frame>
    <description>fever, cough or other respiratory/ systemic symptoms (including but not limited to fatigue, myalgias, arthralgias, shortness of breath, sore throat, headache, chills, coryza, nausea, vomiting, diarrhea) by day 14 in a patient with laboratory confirmed infection, combined with microbiologic confirmation of COVID-19 infection in the participant.</description>
  </secondary_outcome>
  <secondary_outcome>
    <measure>Seropositivity</measure>
    <time_frame>28 days</time_frame>
    <description>Reactive serology to SARS-CoV-2</description>
  </secondary_outcome>
  <secondary_outcome>
    <measure>Days of hospitalization attributable to COVID-19 disease</measure>
    <time_frame>90 days</time_frame>
    <description>The number of days (or partial days) spent admitted to an acute care hospital will be tabulated both at day 28 and day 90</description>
  </secondary_outcome>
  <secondary_outcome>
    <measure>Respiratory failure requiring ventilatory support attributable to COVID-19 disease</measure>
    <time_frame>90 days</time_frame>
    <description>The number of days (or partial days) requiring i) non-invasive and ii) endotracheal intubation with ventilation will be tabulated both at day 28 and day 90.</description>
  </secondary_outcome>
  <secondary_outcome>
    <measure>Mortality</measure>
    <time_frame>90 days</time_frame>
    <description>Death attributable to COVID-19 disease and all-cause mortality</description>
  </secondary_outcome>
  <secondary_outcome>
    <measure>Short-term psychological impact of exposure to COVID-19 disease</measure>
    <time_frame>28 days</time_frame>
    <description>Short-term psychological distress will be measured using the K10, with a standard cutoff score of ≥16.</description>
  </secondary_outcome>
  <secondary_outcome>
    <measure>Long-term psychological impact of exposure to COVID-19 disease</measure>
    <time_frame>90 days</time_frame>
    <description>Long-term impact will be measured at day 90 using the Impact of Event Scale, a validated measure of traumatic stress response, using a standard cutoff score of ≥26</description>
  </secondary_outcome>
  <secondary_outcome>
    <measure>Health-related quality of life</measure>
    <time_frame>90 days</time_frame>
    <description>Health-related quality of life will be measured using the EQ-5D-5L (EuroQol-5D). The EQ-5D consists of two pages: the EQ-5D descriptive system and the EQ visual analogue scale (EQ VAS). The descriptive system comprises five dimensions: mobility, self-care, usual activities, pain/discomfort and anxiety/depression. The tool will be administered to participants at 1, 14, 28 and 90 days.</description>
  </secondary_outcome>
  <number_of_arms>2</number_of_arms>
  <enrollment type="Anticipated">1220</enrollment>
  <condition>Coronavirus Infections</condition>
  <condition>Post-exposure Prophylaxis</condition>
  <arm_group>
    <arm_group_label>Lopinavir/ritonavir</arm_group_label>
    <arm_group_type>Experimental</arm_group_type>
    <description>This arm will receive oral lopinavir/ritonavir 400/100 mg (or equivalent weight-based dosing) twice daily for 14 days.</description>
  </arm_group>
  <arm_group>
    <arm_group_label>Control</arm_group_label>
    <arm_group_type>No Intervention</arm_group_type>
    <description>This arm will receive no intervention.</description>
  </arm_group>
  <intervention>
    <intervention_type>Drug</intervention_type>
    <intervention_name>Lopinavir/ritonavir</intervention_name>
    <description>The intervention is a 14-day course of LPV/r 400/100 mg orally twice daily, or equivalent weight-based dosing, to be initiated as soon as possible (within 1-7 days) after the last exposure.</description>
    <arm_group_label>Lopinavir/ritonavir</arm_group_label>
    <other_name>Kaletra</other_name>
    <other_name>Aluvia</other_name>
  </intervention>
  <eligibility>
    <criteria>
      <textblock>
        Inclusion Criteria:

          1. High risk close contact with a confirmed COVID-19 case during their symptomatic
             period, including one day before symptom onset, within the past 1-7 days. High risk
             close contact is defined as any of the following exposures without the consistent
             appropriate use of recommended personal protective equipment:

               1. Provided direct care for the index case

               2. Had close physical contact with the index case

               3. Lived with the index case

               4. Had close contact (within 2 metres), without direct physical contact, for a
                  prolonged period of time

               5. Had direct contact with infectious body fluids, including oral secretions,
                  respiratory secretions, or stool.

          2. Successfully contacted by the study team within 24 hours of study team notification of
             the relevant index COVID-19 case. This time window is necessary because the efficacy
             of PEP may be dependent on the timing of its initiation, and because randomization of
             a ring cannot be delayed while awaiting response from contacts that cannot be rapidly
             reached.

          3. Age ≥6 months, since the safety and pharmacokinetic profiles of LPV/r in pediatric
             patients below the age of 6 months have not been established.

          4. Ability to communicate with study staff in English

        Exclusion Criteria:

          1. Known hypersensitivity/allergy to lopinavir or ritonavir.

          2. Current use of LPV/r for the treatment or prevention of HIV infection.

          3. Receipt of LPV/r in the context of this trial or any other trial of COVID-19 PEP
             within 2 days or less prior to the last known contact with the index COVID-19 case.
             The two day time window is intended to ensure that exposure would not have occurred in
             the presence of clinically relevant drug levels (five times the elimination half-life
             of LPV/r, which is estimated at 4-6 hours with prolonged use).

          4. Baseline respiratory tract specimen positive for COVID-19. Randomized participants
             whose baseline samples subsequently show COVID-19 will have study drug discontinued
             but still remain under observation.

          5. Current breastfeeding, due to potential for serious adverse reactions in nursing
             infants exposed to LPV/r

          6. Concomitant medications with prohibited drug interactions with LPV/r that cannot be
             temporarily suspended/replaced, including but not restricted to: 37

               -  alfuzosin (e.g. Xatral®)

               -  amiodarone (e.g. Cordarone™)

               -  apalutamide (e.g. Erleada™)

               -  astemizole*, terfenadine*

               -  cisapride*

               -  colchicine, when used in patients with renal and/or hepatic impairment

               -  dronedarone (e.g., Multaq®)

               -  elbasvir/grazoprevir (e.g., ZepatierTM)

               -  ergotamine* (e.g. Cafergot®*), dihydroergotamine (e.g. Migranal®), ergonovine,
                  methylergonovine*

               -  fusidic acid (e.g., Fucidin®), systemic*

               -  lurasidone (e.g., Latuda®), pimozide (e.g., Orap®*)

               -  neratinib (e.g., Nerlynx®)

               -  sildenafil (e.g., Revatio®)

               -  triazolam (e.g. Halcion®), midazolam oral*

               -  rifampin (e.g. Rimactane®*, Rifadin®, Rifater®*, Rifamate®*)

               -  St. John's Wort

               -  Tadalafil (e.g. Adcirca®)

               -  venetoclax (e.g. Venclexta®)

               -  lovastatin (e.g., Mevacor®*), lomitapide (e.g., JuxtapidTM) or simvastatin (e.g.,
                  Zocor®)

               -  vardenafil (e.g., Levitra® or Staxyn®)

               -  salmeterol (e.g., Advair® or Serevent®)

                    -  denotes products not marketed in Canada
      </textblock>
    </criteria>
    <gender>All</gender>
    <minimum_age>18 Months</minimum_age>
    <maximum_age>N/A</maximum_age>
    <healthy_volunteers>No</healthy_volunteers>
  </eligibility>
  <overall_official>
    <last_name>Darrell Tan, MD FRCPC PhD</last_name>
    <role>Principal Investigator</role>
    <affiliation>St. Michael's Hospital, Toronto</affiliation>
  </overall_official>
  <overall_contact>
    <last_name>Attia Qamar, BEng</last_name>
    <phone>416-864-6060</phone>
    <phone_ext>77325</phone_ext>
    <email>Attia.Qamar@unityhealth.to</email>
  </overall_contact>
  <overall_contact_backup>
    <last_name>Alex Schnubb</last_name>
    <phone>4168646060</phone>
    <phone_ext>77105</phone_ext>
    <email>Alexandre.Schnubb@unityhealth.to</email>
  </overall_contact_backup>
  <location>
    <facility>
      <name>St. Paul's Hospital</name>
      <address>
        <city>Vancouver</city>
        <state>British Columbia</state>
        <zip>V6Z 1Y6</zip>
        <country>Canada</country>
      </address>
    </facility>
    <status>Not yet recruiting</status>
    <contact>
      <last_name>Natasha Press, MD</last_name>
      <phone>604-806-8642</phone>
      <email>npress@cfenet.ubc.ca</email>
    </contact>
  </location>
  <location>
    <facility>
      <name>Sunnybrook Hospital</name>
      <address>
        <city>Toronto</city>
        <state>Ontario</state>
        <zip>M4N 3M5</zip>
        <country>Canada</country>
      </address>
    </facility>
    <status>Not yet recruiting</status>
    <contact>
      <last_name>Adrienne Chan, MD MPH FRCPC</last_name>
      <email>adrienne.chan@sunnybrook.ca</email>
    </contact>
  </location>
  <location>
    <facility>
      <name>St. Michael's Hospital</name>
      <address>
        <city>Toronto</city>
        <state>Ontario</state>
        <zip>M5B 1W8</zip>
        <country>Canada</country>
      </address>
    </facility>
    <status>Recruiting</status>
    <contact>
      <last_name>Darrell Tan, MD PhD FRCPC</last_name>
      <phone>416-864-5568</phone>
    </contact>
    <investigator>
      <last_name>Darrell Tan, MD PhD FRCPC</last_name>
      <role>Principal Investigator</role>
    </investigator>
  </location>
  <location>
    <facility>
      <name>Toronto General Hospital</name>
      <address>
        <city>Toronto</city>
        <state>Ontario</state>
        <zip>M5G 2N2</zip>
        <country>Canada</country>
      </address>
    </facility>
    <status>Not yet recruiting</status>
    <contact>
      <last_name>Sharon Walmsley, MD</last_name>
      <phone>4163403871</phone>
      <email>sharon.walmsley@uhn.com</email>
    </contact>
    <investigator>
      <last_name>Sharon Walmsley, MD</last_name>
      <role>Principal Investigator</role>
    </investigator>
  </location>
  <location_countries>
    <country>Canada</country>
  </location_countries>
  <verification_date>April 2020</verification_date>
  <study_first_submitted>March 18, 2020</study_first_submitted>
  <study_first_submitted_qc>March 23, 2020</study_first_submitted_qc>
  <study_first_posted type="Actual">March 25, 2020</study_first_posted>
  <last_update_submitted>April 17, 2020</last_update_submitted>
  <last_update_submitted_qc>April 17, 2020</last_update_submitted_qc>
  <last_update_posted type="Actual">April 21, 2020</last_update_posted>
  <responsible_party>
    <responsible_party_type>Sponsor-Investigator</responsible_party_type>
    <investigator_affiliation>St. Michael's Hospital, Toronto</investigator_affiliation>
    <investigator_full_name>Darrell Tan</investigator_full_name>
    <investigator_title>Clinician-Scientist</investigator_title>
  </responsible_party>
  <condition_browse>
    <!-- CAUTION:  The following MeSH terms are assigned with an imperfect algorithm            -->
    <mesh_term>Coronavirus Infections</mesh_term>
    <mesh_term>Severe Acute Respiratory Syndrome</mesh_term>
  </condition_browse>
  <intervention_browse>
    <!-- CAUTION:  The following MeSH terms are assigned with an imperfect algorithm            -->
    <mesh_term>Ritonavir</mesh_term>
    <mesh_term>Lopinavir</mesh_term>
  </intervention_browse>
  <patient_data>
    <sharing_ipd>Undecided</sharing_ipd>
    <ipd_description>TBA</ipd_description>
  </patient_data>
  <!-- Results have not yet been posted for this study                                          -->
</clinical_study>

