<?xml version="1.0" encoding="UTF-8"?>
<clinical_study rank="3176">
  <!-- This xml conforms to an XML Schema at:
    https://clinicaltrials.gov/ct2/html/images/info/public.xsd -->
  <required_header>
    <download_date>ClinicalTrials.gov processed this data on September 22, 2020</download_date>
    <link_text>Link to the current ClinicalTrials.gov record.</link_text>
    <url>https://clinicaltrials.gov/show/NCT04388644</url>
  </required_header>
  <id_info>
    <org_study_id>TCHIRB-10904015-E</org_study_id>
    <nct_id>NCT04388644</nct_id>
  </id_info>
  <brief_title>Survey of Satisfaction on Traditional Chinese Medicine Jing-Guan-Fang (JGF) for COVID-19 Prevention</brief_title>
  <official_title>Department of Chinese Medicine, Branch of Linsen, Chinese Medicine, and Kunming, Taipei City Hospital, Taipei, Taiwan Institute of Traditional Medicine, National Yang-Ming University, Taipei, Taiwan.</official_title>
  <sponsors>
    <lead_sponsor>
      <agency>Taipei City Hospital</agency>
      <agency_class>Other</agency_class>
    </lead_sponsor>
    <collaborator>
      <agency>National Yang Ming University</agency>
      <agency_class>Other</agency_class>
    </collaborator>
  </sponsors>
  <source>Taipei City Hospital</source>
  <oversight_info>
    <has_dmc>No</has_dmc>
    <is_fda_regulated_drug>No</is_fda_regulated_drug>
    <is_fda_regulated_device>No</is_fda_regulated_device>
  </oversight_info>
  <brief_summary>
    <textblock>
      the retrospective observation study, the first line to care CAVID-19
    </textblock>
  </brief_summary>
  <detailed_description>
    <textblock>
      The satisfaction of using nature herbal medicine for frontline medical staffs to prevent
      COVID-19: a retrospective clinical study.

      The medical frontline staffs have the high risk to be infected during working. The stress and
      load were acuminated, especially when they got the similar symptoms as COVID-19. NHM has been
      used to early prevention for thousands of years9-12. It was well accept to take NHM for early
      prevention in many Asia-Pacific countries. Although many NHM remedies of COVID-19 treatment
      or prevention were reported, but the related study were lacking. To understand the pressure
      and the satisfaction of frontline medical staffs after taking JGF for early prevention we
      conducted this retrospective clinical study to explore the relationship in different groups.
    </textblock>
  </detailed_description>
  <overall_status>Recruiting</overall_status>
  <start_date type="Actual">February 20, 2020</start_date>
  <completion_date type="Anticipated">May 30, 2020</completion_date>
  <primary_completion_date type="Anticipated">May 20, 2020</primary_completion_date>
  <study_type>Observational</study_type>
  <has_expanded_access>No</has_expanded_access>
  <study_design_info>
    <observational_model>Case-Only</observational_model>
    <time_perspective>Retrospective</time_perspective>
  </study_design_info>
  <primary_outcome>
    <measure>the number confirmed COVID-19 cases</measure>
    <time_frame>8 weeks</time_frame>
    <description>The isolated person and first-line care person who taking JGF</description>
  </primary_outcome>
  <primary_outcome>
    <measure>The person with COVID-19 like symptoms</measure>
    <time_frame>8 weeks</time_frame>
    <description>The isolated person and first-line care person who taking JGF</description>
  </primary_outcome>
  <secondary_outcome>
    <measure>The improving rate of COVID-19 like symptoms</measure>
    <time_frame>8 weeks</time_frame>
    <description>The isolated person and first-line care person who taking JGF</description>
  </secondary_outcome>
  <secondary_outcome>
    <measure>The satisfaction% to taking JGF</measure>
    <time_frame>8 weeks</time_frame>
    <description>The isolated person and first-line care person who taking JGF</description>
  </secondary_outcome>
  <enrollment type="Anticipated">300</enrollment>
  <condition>Corona Virus Infection</condition>
  <eligibility>
    <study_pop>
      <textblock>
        The first-line medical staff who take care of COVID-19 patients in public hospital northern
        Taiwan., and the self-quarantine who have contacted with history.

        Some of the population will take natural herbal medicine to prevent COVID-19 infection.
      </textblock>
    </study_pop>
    <sampling_method>Non-Probability Sample</sampling_method>
    <criteria>
      <textblock>
        Inclusion Criteria:

          -  The person first-line medical staff in hospital

          -  the inspection personnel in airport

          -  self-quarantine at home.

          -  self-quarantine at office.

        Exclusion Criteria:

          -  no willing to participate

          -  allergy to herbal medicine

          -  severe illness evaluated by physician
      </textblock>
    </criteria>
    <gender>All</gender>
    <minimum_age>20 Years</minimum_age>
    <maximum_age>65 Years</maximum_age>
    <healthy_volunteers>Accepts Healthy Volunteers</healthy_volunteers>
  </eligibility>
  <overall_official>
    <last_name>Chung-HUa Hsu, PhD</last_name>
    <role>Study Director</role>
    <affiliation>Taipei City Hospital</affiliation>
  </overall_official>
  <overall_contact>
    <last_name>Chung Hua Hsu, PhD</last_name>
    <phone>886-2-23887088</phone>
    <phone_ext>3100</phone_ext>
    <email>dap63@tpech.gov.tw</email>
  </overall_contact>
  <location>
    <facility>
      <name>Branch of Chinese Medicine, Taipei City Hospital</name>
      <address>
        <city>Taipei</city>
        <zip>886</zip>
        <country>Taiwan</country>
      </address>
    </facility>
    <status>Recruiting</status>
    <contact>
      <last_name>Chung-Hua Hsu, MD, PhD</last_name>
      <phone>886-2-23887088</phone>
      <phone_ext>3828</phone_ext>
      <email>owlherbs@yahoo.com.tw</email>
    </contact>
    <contact_backup>
      <last_name>WEN-YING SUNG, MD, Master</last_name>
      <phone>886-939309393</phone>
      <email>tutu9396@gmail.com</email>
    </contact_backup>
  </location>
  <location>
    <facility>
      <name>Branch of Linsen Chinese Medicine and Kunming, Taipei City Hospital</name>
      <address>
        <city>Taipei</city>
        <zip>886</zip>
        <country>Taiwan</country>
      </address>
    </facility>
    <status>Recruiting</status>
    <contact>
      <last_name>Chung-Hua Hsu, MD, PhD</last_name>
      <phone>886-2-23887088</phone>
      <phone_ext>3828</phone_ext>
      <email>owlherbs@yahoo.com.tw</email>
    </contact>
    <contact_backup>
      <last_name>WEN-YING SUNG, MD, Master</last_name>
      <phone>886-939309393</phone>
      <email>tutu9396@gmail.com</email>
    </contact_backup>
  </location>
  <location>
    <facility>
      <name>Taipei City Hospital</name>
      <address>
        <city>Taipei</city>
        <zip>886</zip>
        <country>Taiwan</country>
      </address>
    </facility>
    <status>Recruiting</status>
    <contact>
      <last_name>Chung Hua Hsu, PhD</last_name>
      <phone>886979306857</phone>
      <email>dap63@tpech.gov.tw</email>
    </contact>
  </location>
  <location_countries>
    <country>Taiwan</country>
  </location_countries>
  <verification_date>February 2020</verification_date>
  <study_first_submitted>May 12, 2020</study_first_submitted>
  <study_first_submitted_qc>May 12, 2020</study_first_submitted_qc>
  <study_first_posted type="Actual">May 14, 2020</study_first_posted>
  <last_update_submitted>May 12, 2020</last_update_submitted>
  <last_update_submitted_qc>May 12, 2020</last_update_submitted_qc>
  <last_update_posted type="Actual">May 14, 2020</last_update_posted>
  <responsible_party>
    <responsible_party_type>Sponsor</responsible_party_type>
  </responsible_party>
  <keyword>natural herbal medicine</keyword>
  <keyword>Chinese medicine</keyword>
  <condition_browse>
    <!-- CAUTION:  The following MeSH terms are assigned with an imperfect algorithm            -->
    <mesh_term>Coronavirus Infections</mesh_term>
    <mesh_term>Severe Acute Respiratory Syndrome</mesh_term>
  </condition_browse>
  <patient_data>
    <sharing_ipd>No</sharing_ipd>
  </patient_data>
  <!-- Results have not yet been posted for this study                                          -->
</clinical_study>

