<?xml version="1.0" encoding="UTF-8"?>
<clinical_study rank="1404">
  <!-- This xml conforms to an XML Schema at:
    https://clinicaltrials.gov/ct2/html/images/info/public.xsd -->
  <required_header>
    <download_date>ClinicalTrials.gov processed this data on September 22, 2020</download_date>
    <link_text>Link to the current ClinicalTrials.gov record.</link_text>
    <url>https://clinicaltrials.gov/show/NCT04401410</url>
  </required_header>
  <id_info>
    <org_study_id>H-47739 BAT IT</org_study_id>
    <nct_id>NCT04401410</nct_id>
  </id_info>
  <brief_title>Anti-SARS Cov-2 T Cell Infusions for COVID 19</brief_title>
  <acronym>BATIT</acronym>
  <official_title>BAT IT: Banked Anti-SARS Cov-2 T Cell Infusions for Treatment of COVID 19</official_title>
  <sponsors>
    <lead_sponsor>
      <agency>Baylor College of Medicine</agency>
      <agency_class>Other</agency_class>
    </lead_sponsor>
    <collaborator>
      <agency>Center for Cell and Gene Therapy, Baylor College of Medicine</agency>
      <agency_class>Other</agency_class>
    </collaborator>
    <collaborator>
      <agency>The Methodist Hospital System</agency>
      <agency_class>Other</agency_class>
    </collaborator>
    <collaborator>
      <agency>AlloVir</agency>
      <agency_class>Industry</agency_class>
    </collaborator>
  </sponsors>
  <source>Baylor College of Medicine</source>
  <oversight_info>
    <has_dmc>Yes</has_dmc>
    <is_fda_regulated_drug>Yes</is_fda_regulated_drug>
    <is_fda_regulated_device>No</is_fda_regulated_device>
    <is_us_export>No</is_us_export>
  </oversight_info>
  <brief_summary>
    <textblock>
      This is a dose-finding safety trial followed by a randomized pilot trial comparing
      administration of SARS-CoV2-specific T cells (SARS-CoVSTs) to standard of care treatment in
      hospitalized patients with COVID19 who are at high risk of requiring mechanical ventilation.

      The SARS-CoVSTs lines have been made at Baylor College of Medicine from healthy donors who
      have made a full recovery from COVID19. These cell lines were frozen for later use and will
      be thawed and used to treat patients who meet the eligibility criteria.
    </textblock>
  </brief_summary>
  <detailed_description>
    <textblock>
      The first part of this study is to identify the maximum tolerated dose (MTD) of allogeneic
      SARS-CoV2-specific T cells (SARS-CoVSTs) for patients with COVID19 with high risk of
      progression to mechanical ventilation.

      The 3 dose levels (DL) are:

      DL1: 1x107 cells (flat dose) DL2: 2x107 cells (flat dose) DL3: 4x107 cells (flat dose)

      Enrollment to the dose escalation phase will be staggered. The first patient enrolled on each
      of the 3 dose levels (DL1, DL2 and DL3) will have to complete the 14-day toxicity monitoring
      window prior to enrollment of the next patients. Prior to dose escalation, all patients at a
      particular dose level should have completed the minimum 14-day toxicity monitoring window
      before enrolling to a higher dose level.

      After the dose finding phase is complete and the MTD established, a randomized trial will be
      conducted. Patient will be randomized 1:1 using the permuted block method with a block size
      of 4 (2 in the treatment arm and 2 in the control arm) to receive treatment with SARS-CoVSTs
      or routine treatment per institutional standards.

      All enrolled patients will undergo the following evaluations:

        -  Physical exam and history including height and weight

        -  SARS-CoV-2 test

        -  Blood tests

        -  Chest X-ray or chest CT Scan if not already done in the past 48 hours.

        -  A urine pregnancy test, when applicable

      Patients randomized to receive SARS-CoVSTs will be pre-medicated with Benadryl and Tylenol.
      The cells will be thawed and given through an intravenous line. Patients will be monitored
      for infusion side effects for up to 14 days or until infusion side effects have completely
      resolved, whichever is longer.

      Blood will be drawn before the infusion and then up to daily for 14 days or until the patient
      is discharged from the hospital . Optional blood samples will be drawn at 2, 3 and 6 months
      after infusion. Study participation will last 6 months after the date of infusion.
    </textblock>
  </detailed_description>
  <overall_status>Not yet recruiting</overall_status>
  <start_date type="Anticipated">October 30, 2020</start_date>
  <completion_date type="Anticipated">August 15, 2021</completion_date>
  <primary_completion_date type="Anticipated">August 15, 2021</primary_completion_date>
  <phase>Phase 1</phase>
  <study_type>Interventional</study_type>
  <has_expanded_access>No</has_expanded_access>
  <study_design_info>
    <allocation>Randomized</allocation>
    <intervention_model>Single Group Assignment</intervention_model>
    <primary_purpose>Treatment</primary_purpose>
    <masking>None (Open Label)</masking>
  </study_design_info>
  <primary_outcome>
    <measure>Graft versus Host Disease (GvHD)</measure>
    <time_frame>14 days post infusion or until treatment toxicity resolves</time_frame>
    <description>Incidence of ≥ Grade 3 acute GvHD; or Grade 2 acute GvHD persisting beyond 14 days.</description>
  </primary_outcome>
  <primary_outcome>
    <measure>Cytokine Release Syndrome (CRS)</measure>
    <time_frame>14 days post infusion or until treatment toxicity resolves</time_frame>
    <description>Incidence of ≥ Grade 3 persisting beyond 72 hours and worsens despite treatment.
If the first 2 patients treated at any dose level or any 2 consecutively treated patients that receive VSTs during the randomized phase experience grade ≥ 2 CRS that persists for 7 days or is non-responsive to 2 doses of tocilizumab/Anakinra irrespective of attribution.</description>
  </primary_outcome>
  <primary_outcome>
    <measure>Immune effector Cell-Associated Neurotoxicity Syndrome (ICANS)</measure>
    <time_frame>14 days or until treatment toxicity resolves</time_frame>
    <description>Incidence of ≥ Grade 3 persisting beyond 72 hours and worsens despite treatment. If the first 2 patients treated at any DL or any 2 consecutively treated patients that receive VSTs during the randomized phase experience grade ≥ 2 ICANS that persists for 7 days or is non-responsive to 2 doses of tocilizumab/Anakinra irrespective of attribution.</description>
  </primary_outcome>
  <primary_outcome>
    <measure>Adverse Events</measure>
    <time_frame>14 days post infusion or until treatment toxicity resolves</time_frame>
    <description>Incidence of any ≥ Grade 3 adverse event related to the T cell product [Treatment-related adverse events (tAE)] within 14 days of the VST infusion and not due to pre-existing conditions as defined by the NCI Common Terminology Criteria for Adverse Events (CTCAE), Version 5.</description>
  </primary_outcome>
  <primary_outcome>
    <measure>Clinical Response Assessment: World Health Organization (WHO) Ordinal Scale</measure>
    <time_frame>7 Days or at time of hospital discharge</time_frame>
    <description>Randomized Trial: Record the daily measurement of clinical response using the WHO Ordinal scale [Scored on a scale from 0 to 8; where 0 = Uninfected and 8 =Dead] or until patient is discharged. The proportion of patients in the treatment arm will be compared to the control arm who have a clinical response by day 7 post-randomization (measured by a decrease in 2 or more points on the WHO scale)</description>
  </primary_outcome>
  <number_of_arms>3</number_of_arms>
  <enrollment type="Anticipated">58</enrollment>
  <condition>SARS-CoV 2</condition>
  <condition>Viral Infection</condition>
  <condition>COVID 19</condition>
  <arm_group>
    <arm_group_label>Dose Finding Phase</arm_group_label>
    <arm_group_type>Experimental</arm_group_type>
    <description>This phase is designed to evaluate the maximum tolerated dose (MTD) of partially HLA-matched SARS-CoVSTs administered to hospitalized COVID19 patients with high risk of progression to mechanical ventilation.
The dose finding phase is a standard 3+3 safety study design. The 3 dose levels are:
DL1: 1x107 cells (flat dose) DL2: 2x107 cells (flat dose) DL3: 4x107 cells (flat dose)</description>
  </arm_group>
  <arm_group>
    <arm_group_label>Randomized Pilot - SARS-CoVSTs</arm_group_label>
    <arm_group_type>Experimental</arm_group_type>
    <description>Partially HLA-matched Virus Specific T cells (VSTs) will be given by intravenous injection.</description>
  </arm_group>
  <arm_group>
    <arm_group_label>Randomized Pilot - Routine Care</arm_group_label>
    <arm_group_type>Active Comparator</arm_group_type>
    <description>Hospitalized patients with COVID-19 will be treated per current institutional guidelines.</description>
  </arm_group>
  <intervention>
    <intervention_type>Biological</intervention_type>
    <intervention_name>Dose Finding Phase (MTD)</intervention_name>
    <description>Enrollment to the dose escalation phase will be staggered. The first patient enrolled on each of the 3 dose levels (DL1, DL2 and DL3) will have to complete the 14-day toxicity monitoring window prior to enrollment of the next patients. Prior to dose escalation, all patients at a particular dose level should have completed the minimum 14-day toxicity monitoring window before enrolling to a higher dose level.</description>
    <arm_group_label>Dose Finding Phase</arm_group_label>
  </intervention>
  <intervention>
    <intervention_type>Biological</intervention_type>
    <intervention_name>Partially HLA-matched SARS-CoVSTs</intervention_name>
    <description>Infusion of SARS-CoVSTs at the MTD level as determined in the Dose Finding Phase</description>
    <arm_group_label>Randomized Pilot - SARS-CoVSTs</arm_group_label>
  </intervention>
  <intervention>
    <intervention_type>Other</intervention_type>
    <intervention_name>Routine care (no SARS-CoVSTs)</intervention_name>
    <description>Patients receive routine care for COVID19 per institutional standards (including antivirals such as remdesivir or other FDA-EUA approved products and thromboprophylaxis).</description>
    <arm_group_label>Randomized Pilot - Routine Care</arm_group_label>
  </intervention>
  <eligibility>
    <criteria>
      <textblock>
        Inclusion Criteria

          1. SARS-CoV-2 infection confirmed by polymerase chain reaction assay (PCR) from a
             nasopharyngeal swab or other accepted specimen type. (If testing was performed ≥ 5
             days before enrollment, this must be repeated and accept only if positive again).

          2. Currently hospitalized adult patient (≥ 18 years of age) requiring medical care for
             COVID19

          3. Peripheral oxygen saturation (SpO2) ≥ 92% on room air

          4. Hgb ≥ 7.0 gm/dl

          5. Negative pregnancy test (if applicable)

          6. Patient or parent/guardian capable of providing informed consent (may be obtained
             electronically)

          7. Evidence of pulmonary infiltrates on chest imaging. Any chest imaging findings which
             would be consistent with COVID19 would qualify (Eg: ground glass opacities, multifocal
             infiltrates etc.)

          8. High risk of requiring mechanical ventilation as defined by at least two of the
             following:

               1. Age ≥ 65 years of age

               2. Hypertension (HTN)

               3. Chronic cardiovascular disease other than HTN (eg: Coronary artery disease,
                  congestive heart failure or cardiomyopathies).

               4. Diabetes Mellitus

               5. Obesity (BMI greater than 35)

               6. Active cancer diagnosis or ongoing (within 3 months) cytotoxic chemo/
                  radio-therapy for a cancer

               7. Post-hematopoeitic stem cell or solid organ transplantation status

               8. Immunodeficiency states (except those listed as exclusion criteria #1, #7 and
                  #10) as determined by the treating physician (eg: receiving immunosuppressive
                  therapy like rituximab or congenital immunodeficiency syndromes, prior treatment
                  with chemotherapy greater than 3 months ago but per investigators discretion
                  could have lingering effects on the immune system, eg: chemotherapy regimens for
                  lymphomas, ALL or AML etc.)

        Exclusion Criteria

          1. Received Anti-thymocyte globulin (ATG), Campath or other T cell immunosuppressive
             monoclonal antibodies in the 28 days prior to screening for enrollment

          2. Requiring mechanical ventilation at time of T cell infusion

          3. Alanine aminotransferase or aspartate aminotransferase greater than 5 x upper limit of
             normal

          4. If previously undergone an allogeneic hematopoietic stem cell transplant and have
             evidence of active acute GVHD greater than or equal to grade 2

          5. Uncontrolled relapse of malignancy

          6. Requiring vasopressors

          7. Evidence of prior HIV infection

          8. Known history of autoimmune disease except prior thyroiditis

          9. Is not suitable at the discretion of the treating physician

         10. Patients on 0.5mg/kg prednisone or equivalent

         11. Greater than grade 1 CRS per American Society for Transplantation and Cellular Therapy
             (ASTCT) criteria

         12. Patients should not be enrolled on any other interventional clinical trials for
             COVID19. Patients may receive routine care for COVID19 per institutional standards
             (including antivirals such as remdesivir or other FDA-EUA approved products and
             thromboprophylaxis).
      </textblock>
    </criteria>
    <gender>All</gender>
    <minimum_age>18 Years</minimum_age>
    <maximum_age>N/A</maximum_age>
    <healthy_volunteers>No</healthy_volunteers>
  </eligibility>
  <overall_official>
    <last_name>Premal Lulla</last_name>
    <role>Principal Investigator</role>
    <affiliation>Baylor College of Medicine</affiliation>
  </overall_official>
  <overall_contact>
    <last_name>Premal Lulla, MD</last_name>
    <phone>832-824-4847</phone>
    <email>lulla@bcm.edu</email>
  </overall_contact>
  <location>
    <facility>
      <name>Houston Methodist Hospital</name>
      <address>
        <city>Houston</city>
        <state>Texas</state>
        <zip>77030</zip>
        <country>United States</country>
      </address>
    </facility>
    <contact>
      <last_name>Premal Lulla, MD</last_name>
      <phone>832-824-4847</phone>
      <email>lulla@bcm.edu</email>
    </contact>
  </location>
  <location_countries>
    <country>United States</country>
  </location_countries>
  <verification_date>August 2020</verification_date>
  <study_first_submitted>May 21, 2020</study_first_submitted>
  <study_first_submitted_qc>May 21, 2020</study_first_submitted_qc>
  <study_first_posted type="Actual">May 26, 2020</study_first_posted>
  <last_update_submitted>August 28, 2020</last_update_submitted>
  <last_update_submitted_qc>August 28, 2020</last_update_submitted_qc>
  <last_update_posted type="Actual">September 1, 2020</last_update_posted>
  <responsible_party>
    <responsible_party_type>Principal Investigator</responsible_party_type>
    <investigator_affiliation>Baylor College of Medicine</investigator_affiliation>
    <investigator_full_name>Premal Lulla</investigator_full_name>
    <investigator_title>Assistant Professor</investigator_title>
  </responsible_party>
  <keyword>COVID 19</keyword>
  <keyword>SARS-CoV 2</keyword>
  <keyword>Viral infection</keyword>
  <keyword>Multivirus T cell</keyword>
  <condition_browse>
    <!-- CAUTION:  The following MeSH terms are assigned with an imperfect algorithm            -->
    <mesh_term>Virus Diseases</mesh_term>
  </condition_browse>
  <!-- Results have not yet been posted for this study                                          -->
</clinical_study>

