<?xml version="1.0" encoding="UTF-8"?>
<clinical_study rank="2596">
  <!-- This xml conforms to an XML Schema at:
    https://clinicaltrials.gov/ct2/html/images/info/public.xsd -->
  <required_header>
    <download_date>ClinicalTrials.gov processed this data on September 22, 2020</download_date>
    <link_text>Link to the current ClinicalTrials.gov record.</link_text>
    <url>https://clinicaltrials.gov/show/NCT04379453</url>
  </required_header>
  <id_info>
    <org_study_id>4094-20</org_study_id>
    <nct_id>NCT04379453</nct_id>
  </id_info>
  <brief_title>Robot Assisted Percutaneous Cardiovascular Intervention as a Strategy to Reduce or Risk of Intra-Procedure Contamination by COVID-19 and Other Respiratory Viruses</brief_title>
  <official_title>Robot Assisted Percutaneous Cardiovascular Intervention as a Strategy to Reduce or Risk of Intra-Procedure Contamination by COVID-19 and Other Respiratory Viruses</official_title>
  <sponsors>
    <lead_sponsor>
      <agency>Hospital Israelita Albert Einstein</agency>
      <agency_class>Other</agency_class>
    </lead_sponsor>
  </sponsors>
  <source>Hospital Israelita Albert Einstein</source>
  <oversight_info>
    <has_dmc>No</has_dmc>
    <is_fda_regulated_drug>No</is_fda_regulated_drug>
    <is_fda_regulated_device>No</is_fda_regulated_device>
    <is_us_export>Yes</is_us_export>
  </oversight_info>
  <brief_summary>
    <textblock>
      Percutaneous cardiovascular intervention procedures (e.g. coronary angioplasty, peripheral
      artery angioplasty) must be performed in person, requiring the physical presence of one or
      more medical, nursing and technical professionals. The control of catheters and
      interventional materials is performed manually, with the operator positioned next to the
      patient. This context results in potential for reciprocal exposure to exhaled air, both for
      the professionals involved and for the patient, with an inherent risk of aerial
      contamination. It is important to note that interventional procedures are often performed on
      an urgent or emergency basis (e.g. myocardial infarction), without the possibility of
      postponement or postponement.

      The recent robot-assisted cardiovascular intervention makes it possible to modify this
      scenario by allowing the procedure to be performed effectively and safely in a position far
      from the patient. In an environment with high potential for contamination, mainly related to
      the current pandemic caused by the COVID-19 virus, may prove to be a tactic to expand
      hospital security.

      It is in this sense that the present pilot proposal is inserted, which, ultimately, aims to
      evaluate the potential of robotic intervention as a strategy to reduce exposure to exhaled
      air of patients and professionals during the intervention procedure.
    </textblock>
  </brief_summary>
  <detailed_description>
    <textblock>
      Percutaneous cardiovascular intervention procedures (e.g. coronary angioplasty, peripheral
      artery angioplasty) must be performed in person, requiring the physical presence of one or
      more medical, nursing and technical professionals. The control of catheters and
      interventional materials is performed manually, with the operator positioned next to the
      patient. This context results in potential for reciprocal exposure to exhaled air, both for
      the professionals involved and for the patient, with an inherent risk of aerial
      contamination. It is important to note that interventional procedures are often performed on
      an urgent or emergency basis (e.g. myocardial infarction), without the possibility of
      postponement or postponement.

      The recent robot-assisted cardiovascular intervention makes it possible to modify this
      scenario by allowing the procedure to be performed effectively and safely in a position far
      from the patient. In an environment with high potential for contamination, mainly related to
      the current pandemic caused by the COVID-19 virus, may prove to be a tactic to expand
      hospital security.

      It is in this sense that the present pilot proposal is inserted, which, ultimately, aims to
      evaluate the potential of robotic intervention as a strategy to reduce exposure to exhaled
      air of patients and professionals during the intervention procedure.
    </textblock>
  </detailed_description>
  <overall_status>Recruiting</overall_status>
  <start_date type="Anticipated">April 27, 2020</start_date>
  <completion_date type="Anticipated">April 27, 2020</completion_date>
  <primary_completion_date type="Anticipated">April 27, 2020</primary_completion_date>
  <phase>N/A</phase>
  <study_type>Interventional</study_type>
  <has_expanded_access>No</has_expanded_access>
  <study_design_info>
    <allocation>N/A</allocation>
    <intervention_model>Single Group Assignment</intervention_model>
    <primary_purpose>Treatment</primary_purpose>
    <masking>None (Open Label)</masking>
  </study_design_info>
  <primary_outcome>
    <measure>Successful cardiovascular intervention</measure>
    <time_frame>Until the end of the procedure</time_frame>
    <description>(arterial dilation with residual lesion &lt;50% at angiography and normal anterograde flow)</description>
  </primary_outcome>
  <primary_outcome>
    <measure>Performed with the professional team positioned at&gt; 2 meters from the patient for at least 50% of the duration of the intervention</measure>
    <time_frame>Until the end of the procedure</time_frame>
  </primary_outcome>
  <primary_outcome>
    <measure>absence of fatal complications caused by the procedure or acute non-fatal vessel occlusion during index admission</measure>
    <time_frame>Until the end of the procedure</time_frame>
  </primary_outcome>
  <number_of_arms>1</number_of_arms>
  <enrollment type="Anticipated">10</enrollment>
  <condition>Coronary Artery Disease</condition>
  <arm_group>
    <arm_group_label>Robot Assisted Percutaneous Cardiovascular Intervention</arm_group_label>
    <arm_group_type>Experimental</arm_group_type>
    <description>Robot Assisted Percutaneous Cardiovascular Intervention as a Strategy to Reduce or Risk of Intra-Procedure Contamination by COVID-19 and Other Respiratory Viruses</description>
  </arm_group>
  <intervention>
    <intervention_type>Procedure</intervention_type>
    <intervention_name>Robot Assisted Percutaneous Cardiovascular Intervention</intervention_name>
    <description>Robot Assisted Percutaneous Cardiovascular Intervention</description>
    <arm_group_label>Robot Assisted Percutaneous Cardiovascular Intervention</arm_group_label>
  </intervention>
  <eligibility>
    <criteria>
      <textblock>
        Inclusion Criteria:

          -  Age&gt; = 18 years;

          -  Cardiovascular disease characterized by:

          -  Symptomatic ischemic heart disease and / or objective evidence of myocardial ischemia
             with one or more target lesions OR

          -  Symptomatic peripheral arterial disease and / or with objective evidence of the need
             for percutaneous intervention of one or more target lesions;

          -  The target lesion (s) must be obstructive and / or aneurysmatic (visual analysis);

          -  Interventionist planning for all target lesions should include robotic manipulation in
             at least one treatment period, according to the operator's judgment;

          -  The patient will be informed about the nature of the study, agree with its rules and
             will provide written informed consent, approved by the local Ethics Committee.

        Exclusion Criteria:

          -  Platelet count &lt;50,000 cells / mm3 or&gt; 700,000 cells / mm3;

          -  Total leukometry &lt;3,000 cells / mm3;

          -  Suspected or documented active liver disease, with blood dyscrasia with INR &lt;1.5;

          -  Heart transplant recipient;

          -  Allergies known to aspirin, clopidogrel, ticlopidine, ticagrelor, prasugrel, heparin,
             antiproliferative agents of the limus family, or stainless steel;

          -  Patient with a life expectancy of less than 1 month;

          -  Any significant medical condition that in the investigator's opinion may interfere
             with the patient's ideal participation in this study;

          -  Participation in another research in the last 12 months, unless there can be direct
             benefit to the research subject;

          -  Any invasive cardiac or non-cardiac treatment scheduled in the first month after the
             index procedure.
      </textblock>
    </criteria>
    <gender>All</gender>
    <minimum_age>18 Years</minimum_age>
    <maximum_age>N/A</maximum_age>
    <healthy_volunteers>No</healthy_volunteers>
  </eligibility>
  <overall_official>
    <last_name>Pedro Lemos, MD</last_name>
    <role>Principal Investigator</role>
    <affiliation>Hospital Israelita Albert Einstein</affiliation>
  </overall_official>
  <overall_contact>
    <last_name>Pedro Lemos, MD</last_name>
    <phone>+55 (11)98317-5000</phone>
    <email>pedro.lemos@einstein.br</email>
  </overall_contact>
  <location>
    <facility>
      <name>Hospital Israelita Albert Einstein</name>
      <address>
        <city>São Paulo</city>
        <zip>05652- 900</zip>
        <country>Brazil</country>
      </address>
    </facility>
    <status>Recruiting</status>
    <contact>
      <last_name>Pedro A Lemos, MD</last_name>
      <phone>+55 (11) 2151-0449</phone>
      <email>pedro.lemos@einstein.br</email>
    </contact>
    <investigator>
      <last_name>Marcelo Franken, MD</last_name>
      <role>Sub-Investigator</role>
    </investigator>
  </location>
  <location_countries>
    <country>Brazil</country>
  </location_countries>
  <verification_date>April 2020</verification_date>
  <study_first_submitted>April 27, 2020</study_first_submitted>
  <study_first_submitted_qc>May 6, 2020</study_first_submitted_qc>
  <study_first_posted type="Actual">May 7, 2020</study_first_posted>
  <last_update_submitted>May 7, 2020</last_update_submitted>
  <last_update_submitted_qc>May 7, 2020</last_update_submitted_qc>
  <last_update_posted type="Actual">May 8, 2020</last_update_posted>
  <responsible_party>
    <responsible_party_type>Sponsor</responsible_party_type>
  </responsible_party>
  <keyword>Coronary Artery Disease</keyword>
  <keyword>Robot Assisted Percutaneous Cardiovascular Intervention</keyword>
  <keyword>COVID-19</keyword>
  <condition_browse>
    <!-- CAUTION:  The following MeSH terms are assigned with an imperfect algorithm            -->
    <mesh_term>Coronary Artery Disease</mesh_term>
    <mesh_term>Myocardial Ischemia</mesh_term>
    <mesh_term>Coronary Disease</mesh_term>
  </condition_browse>
  <patient_data>
    <sharing_ipd>No</sharing_ipd>
  </patient_data>
  <!-- Results have not yet been posted for this study                                          -->
</clinical_study>

