<?xml version="1.0" encoding="UTF-8"?>
<clinical_study rank="2417">
  <!-- This xml conforms to an XML Schema at:
    https://clinicaltrials.gov/ct2/html/images/info/public.xsd -->
  <required_header>
    <download_date>ClinicalTrials.gov processed this data on September 22, 2020</download_date>
    <link_text>Link to the current ClinicalTrials.gov record.</link_text>
    <url>https://clinicaltrials.gov/show/NCT04368013</url>
  </required_header>
  <id_info>
    <org_study_id>CoVUm</org_study_id>
    <nct_id>NCT04368013</nct_id>
  </id_info>
  <brief_title>Host-pathogen Interactions, Immune Response, and Clinical Prognosis at COVID-19 - the CoVUm Trial</brief_title>
  <acronym>CoVUm</acronym>
  <official_title>Host-pathogen Interactions, Immune Response, and Clinical Prognosis at COVID-19 - the CoVUm Trial</official_title>
  <sponsors>
    <lead_sponsor>
      <agency>Johan Normark</agency>
      <agency_class>Other</agency_class>
    </lead_sponsor>
    <collaborator>
      <agency>Umeå University</agency>
      <agency_class>Other</agency_class>
    </collaborator>
    <collaborator>
      <agency>Västerbotten County Council</agency>
      <agency_class>Other</agency_class>
    </collaborator>
  </sponsors>
  <source>Umeå University</source>
  <oversight_info>
    <has_dmc>No</has_dmc>
    <is_fda_regulated_drug>No</is_fda_regulated_drug>
    <is_fda_regulated_device>No</is_fda_regulated_device>
  </oversight_info>
  <brief_summary>
    <textblock>
      The project aims to clarify how immunity to SARS-CoV2 develops in humans and to investigate
      the possibility of finding patients with a particularly effective, neutralizing antibody
      response for future treatment. The project also aims to detail the virus's damage mechanisms
      in tissue.
    </textblock>
  </brief_summary>
  <detailed_description>
    <textblock>
      There is currently no specific treatment for COVID-19 caused by SARS-CoV2. By gaining more
      knowledge about the mechanisms in the development of viral pneumonia and the influence of
      other organ systems at SARS-CoV2, we believe that in the future it is better to be able to
      identify precisely those persons who are at risk of serious illness. To this we will gain
      knowledge of how humans develops immunity to the virus and also how human epigenetic
      (acquired) ability to activate inflammatory genetic systems can limit the harmful effects of
      the virus. Thus, patients who have had mild or no symptoms are just as interesting from a
      study point of view as those who have had severe symptoms. Hopefully, such understanding can
      also contribute to other opportunities for targeted treatment (by identifying patients who
      can mount effective inborn and adaptive host defenses) in order to prevent severe disease and
      death in pandemic corona infection.
    </textblock>
  </detailed_description>
  <overall_status>Not yet recruiting</overall_status>
  <start_date type="Anticipated">April 28, 2020</start_date>
  <completion_date type="Anticipated">April 14, 2026</completion_date>
  <primary_completion_date type="Anticipated">April 14, 2026</primary_completion_date>
  <phase>N/A</phase>
  <study_type>Interventional</study_type>
  <has_expanded_access>No</has_expanded_access>
  <study_design_info>
    <allocation>N/A</allocation>
    <intervention_model>Single Group Assignment</intervention_model>
    <primary_purpose>Screening</primary_purpose>
    <masking>None (Open Label)</masking>
  </study_design_info>
  <primary_outcome>
    <measure>Mortality</measure>
    <time_frame>Five years after study start</time_frame>
    <description>Deceased or alive at five year follow-up</description>
  </primary_outcome>
  <number_of_arms>1</number_of_arms>
  <enrollment type="Anticipated">400</enrollment>
  <condition>COVID-19</condition>
  <arm_group>
    <arm_group_label>Experimental</arm_group_label>
    <arm_group_type>Experimental</arm_group_type>
    <description>The difference from the standard of care is extended sample collection and study related procedures during the study.</description>
  </arm_group>
  <intervention>
    <intervention_type>Procedure</intervention_type>
    <intervention_name>Extended sampling and procedures</intervention_name>
    <description>The study patients will give additional blood samples and also urine and faeces samples. Spirometry and additional biometric controls will be performed regularly. Necrobiopsies of various organs from deceased patients will be secured and stored for immunohistological and virological analysis.</description>
    <arm_group_label>Experimental</arm_group_label>
  </intervention>
  <eligibility>
    <criteria>
      <textblock>
        Inclusion Criteria:

          -  Patients between 15-100 years with SARS-CoV2

          -  Patients admitted for COVID-19-caused pneumonia / pneumonitis at the Department of
             Infectious Diseases or ICU, Umeå University Hospital.

          -  Patients with COVID-19 who are treated in outpatient care at the infectious Diseases
             Clinic, Umeå University Hospital.

          -  Patients who give written informed consent to participate in the study for the entire
             follow- up period of 5 years.

        Exclusion Criteria:

          -  Age less than 15 years
      </textblock>
    </criteria>
    <gender>All</gender>
    <minimum_age>15 Years</minimum_age>
    <maximum_age>100 Years</maximum_age>
    <healthy_volunteers>No</healthy_volunteers>
  </eligibility>
  <overall_contact>
    <last_name>Alicia Edin, M.D.</last_name>
    <phone>+46907850000</phone>
    <email>alicia.edin@umu.se</email>
  </overall_contact>
  <overall_contact_backup>
    <last_name>Johan Normark, Docent</last_name>
    <phone>+46907850000</phone>
    <email>johan.normark@umu.se</email>
  </overall_contact_backup>
  <location>
    <facility>
      <name>Incectious Diseases Clinic</name>
      <address>
        <city>Umeå</city>
        <state>Västerbotten</state>
        <zip>90189</zip>
        <country>Sweden</country>
      </address>
    </facility>
    <contact>
      <last_name>Alicia Edin, M.D.</last_name>
      <phone>+46907850000</phone>
      <email>alicia.edin@umu.se</email>
    </contact>
    <investigator>
      <last_name>Johan Normark, Docent</last_name>
      <role>Principal Investigator</role>
    </investigator>
    <investigator>
      <last_name>Clas Ahlm, Professor</last_name>
      <role>Sub-Investigator</role>
    </investigator>
  </location>
  <location_countries>
    <country>Sweden</country>
  </location_countries>
  <verification_date>April 2020</verification_date>
  <study_first_submitted>April 27, 2020</study_first_submitted>
  <study_first_submitted_qc>April 27, 2020</study_first_submitted_qc>
  <study_first_posted type="Actual">April 29, 2020</study_first_posted>
  <last_update_submitted>April 27, 2020</last_update_submitted>
  <last_update_submitted_qc>April 27, 2020</last_update_submitted_qc>
  <last_update_posted type="Actual">April 29, 2020</last_update_posted>
  <responsible_party>
    <responsible_party_type>Sponsor-Investigator</responsible_party_type>
    <investigator_affiliation>Umeå University</investigator_affiliation>
    <investigator_full_name>Johan Normark</investigator_full_name>
    <investigator_title>Associate professor</investigator_title>
  </responsible_party>
  <patient_data>
    <sharing_ipd>No</sharing_ipd>
  </patient_data>
  <!-- Results have not yet been posted for this study                                          -->
</clinical_study>

