<?xml version="1.0" encoding="UTF-8"?>
<clinical_study rank="2566">
  <!-- This xml conforms to an XML Schema at:
    https://clinicaltrials.gov/ct2/html/images/info/public.xsd -->
  <required_header>
    <download_date>ClinicalTrials.gov processed this data on September 22, 2020</download_date>
    <link_text>Link to the current ClinicalTrials.gov record.</link_text>
    <url>https://clinicaltrials.gov/show/NCT04306055</url>
  </required_header>
  <id_info>
    <org_study_id>Blood donor recruitment</org_study_id>
    <nct_id>NCT04306055</nct_id>
  </id_info>
  <brief_title>Blood Donor Recruitment During Epidemic of COVID-19</brief_title>
  <official_title>Blood Donor Recruitment During Epidemic of COVID-19 in Guangzhou, China</official_title>
  <sponsors>
    <lead_sponsor>
      <agency>Guangzhou Blood Center</agency>
      <agency_class>Other</agency_class>
    </lead_sponsor>
  </sponsors>
  <source>Guangzhou Blood Center</source>
  <oversight_info>
    <has_dmc>No</has_dmc>
    <is_fda_regulated_drug>No</is_fda_regulated_drug>
    <is_fda_regulated_device>No</is_fda_regulated_device>
  </oversight_info>
  <brief_summary>
    <textblock>
      In December 2019, an unknown pneumonia rapidly spread in Wuhan, China, a new coronavirus,
      2019 novel coronavirus (2019-nCoV), aroused the attention of the entire world. On January 31,
      2020, World Health Organization (WHO) announced the outbreak of Coronavirus Disease 2019
      (COVID-19) in China as a Public Health Emergency of International Concern. The number of
      volunteer non-remunerated blood donors decreased because of quarantine, caring for relatives,
      and fear of exposure to COVID-19. Due to the blood shortage, patient blood management and
      cessation of elective surgery are contributing to decreased demand, but sepsis may increase
      requirements and significant reductions will not be possible in areas such as trauma, cancer
      patients, hereditary haemolytic anaemias and childbirth. Therefore, recruiting enough blood
      donors during the epidemic is vital for public health in China, and also worldwide. In order
      to assess the effects of a questionnaire on blood donor recruitment, the investigators
      designed two kinds of self-administered, standardized and structured questionnaires. In
      addition of the basic socio-demographic characteristics, one questionnaire includes the
      information of precautions of blood donation during epidemic, and the other dose not. The
      questionnaires were randomly sent to ever blood donors, and the same number of ever blood
      donors are coded as control.
    </textblock>
  </brief_summary>
  <detailed_description>
    <textblock>
      In order to assess the effects of a questionnaire on blood donor recruitment, the
      investigators designed two kinds of self-administered, standardized and structured
      questionnaires. In addition of the basic socio-demographic characteristics, one questionnaire
      includes the information of precautions of blood donation during epidemic, and the other dose
      not.

      Information of precautions of blood donation during epidemic included taking donor's
      temperature and enhancing hand disinfection before donation etc.

      The questionnaires were randomly sent to ever blood donors, and at the same day, equal number
      of ever blood donors as the ones who filled the questionnaire are coded as control.
    </textblock>
  </detailed_description>
  <overall_status>Completed</overall_status>
  <start_date type="Actual">March 13, 2020</start_date>
  <completion_date type="Actual">April 3, 2020</completion_date>
  <primary_completion_date type="Actual">March 13, 2020</primary_completion_date>
  <phase>N/A</phase>
  <study_type>Interventional</study_type>
  <has_expanded_access>No</has_expanded_access>
  <study_design_info>
    <allocation>Randomized</allocation>
    <intervention_model>Parallel Assignment</intervention_model>
    <primary_purpose>Health Services Research</primary_purpose>
    <masking>None (Open Label)</masking>
  </study_design_info>
  <primary_outcome>
    <measure>Differences of attitude about blood donation towards different questionnaires</measure>
    <time_frame>1 day</time_frame>
    <description>Compare participants' intention of blood donation after they read different information in the questionnaire.</description>
  </primary_outcome>
  <secondary_outcome>
    <measure>Rates of blood donation during 3 weeks</measure>
    <time_frame>3 weeks</time_frame>
    <description>Blood donation rate of 3 groups will be followed</description>
  </secondary_outcome>
  <number_of_arms>3</number_of_arms>
  <enrollment type="Actual">19491</enrollment>
  <condition>Blood Donation</condition>
  <arm_group>
    <arm_group_label>Questionnaire with precaution information</arm_group_label>
    <arm_group_type>Experimental</arm_group_type>
    <description>Questionnaire in this group includes information about precaution of blood donation during epidemic of COVID-19.</description>
  </arm_group>
  <arm_group>
    <arm_group_label>Questionnaire without precaution information</arm_group_label>
    <arm_group_type>Experimental</arm_group_type>
    <description>Questionnaire in this group dose not include information about precaution of blood donation during epidemic of COVID-19.</description>
  </arm_group>
  <arm_group>
    <arm_group_label>No questionnaire group</arm_group_label>
    <arm_group_type>No Intervention</arm_group_type>
    <description>Ever donors in this group would not receive the questionnaire.</description>
  </arm_group>
  <intervention>
    <intervention_type>Other</intervention_type>
    <intervention_name>Questionnaire with precaution information</intervention_name>
    <description>Ever blood donors in this group would receive a questionnaire which includes some information about how donors can donate safely and how blood center will protect the blood donors during the epidemic of COVID-19.</description>
    <arm_group_label>Questionnaire with precaution information</arm_group_label>
  </intervention>
  <intervention>
    <intervention_type>Other</intervention_type>
    <intervention_name>Experimental: Questionnaire without precaution information</intervention_name>
    <description>Ever blood donors in this group would receive a questionnaire which dose not include the information above.</description>
    <arm_group_label>Questionnaire without precaution information</arm_group_label>
  </intervention>
  <eligibility>
    <criteria>
      <textblock>
        Inclusion Criteria:

          -  Blood donors whose last donation were between 1 Feb to 31 March, 2019.

        Exclusion Criteria:

          -  Blood donors whose blood test results were positive. Blood donors who were aged above
             60. Blood donors whose cell phone number was obviously invalid.
      </textblock>
    </criteria>
    <gender>All</gender>
    <minimum_age>18 Years</minimum_age>
    <maximum_age>60 Years</maximum_age>
    <healthy_volunteers>No</healthy_volunteers>
  </eligibility>
  <location>
    <facility>
      <name>Guangzhou Blood Center</name>
      <address>
        <city>Guangzhou</city>
        <state>Guangdong</state>
        <zip>510095</zip>
        <country>China</country>
      </address>
    </facility>
  </location>
  <location_countries>
    <country>China</country>
  </location_countries>
  <verification_date>April 2020</verification_date>
  <study_first_submitted>March 8, 2020</study_first_submitted>
  <study_first_submitted_qc>March 10, 2020</study_first_submitted_qc>
  <study_first_posted type="Actual">March 12, 2020</study_first_posted>
  <last_update_submitted>April 9, 2020</last_update_submitted>
  <last_update_submitted_qc>April 9, 2020</last_update_submitted_qc>
  <last_update_posted type="Actual">April 13, 2020</last_update_posted>
  <responsible_party>
    <responsible_party_type>Principal Investigator</responsible_party_type>
    <investigator_affiliation>Guangzhou Blood Center</investigator_affiliation>
    <investigator_full_name>OUYANG Jian</investigator_full_name>
    <investigator_title>Investigator</investigator_title>
  </responsible_party>
  <patient_data>
    <sharing_ipd>No</sharing_ipd>
  </patient_data>
  <!-- Results have not yet been posted for this study                                          -->
</clinical_study>

