<?xml version="1.0" encoding="UTF-8"?>
<clinical_study rank="2994">
  <!-- This xml conforms to an XML Schema at:
    https://clinicaltrials.gov/ct2/html/images/info/public.xsd -->
  <required_header>
    <download_date>ClinicalTrials.gov processed this data on September 22, 2020</download_date>
    <link_text>Link to the current ClinicalTrials.gov record.</link_text>
    <url>https://clinicaltrials.gov/show/NCT04497467</url>
  </required_header>
  <id_info>
    <org_study_id>202006225RINA</org_study_id>
    <nct_id>NCT04497467</nct_id>
  </id_info>
  <brief_title>Changes in Out-patient Visits in Taiwan During the Time of Global COVID-19 Pandemic</brief_title>
  <official_title>An Analysis of Changes in Out-patient Visits in Taiwan During the Time of Global COVID-19 Pandemic</official_title>
  <sponsors>
    <lead_sponsor>
      <agency>National Taiwan University Hospital</agency>
      <agency_class>Other</agency_class>
    </lead_sponsor>
  </sponsors>
  <source>National Taiwan University Hospital</source>
  <oversight_info>
    <is_fda_regulated_drug>No</is_fda_regulated_drug>
    <is_fda_regulated_device>No</is_fda_regulated_device>
  </oversight_info>
  <brief_summary>
    <textblock>
      The COVID-19 pandemic becomes a global challenge. This study aims to analyze the possible
      changes in out-patient visits during the time of COVID-19 pandemic between January and June,
      2020, compared with the same period in 2019, and the impact of the related healthy policies.
    </textblock>
  </brief_summary>
  <detailed_description>
    <textblock>
      Using the statistical data of the Health Insurance Bureau, this study aims to analyze the
      possible changes in out-patient visits during the time of COVID-19 pandemic between January
      and June, 2020, compared with the same period in 2019, and the impact of the related healthy
      policies.
    </textblock>
  </detailed_description>
  <overall_status>Recruiting</overall_status>
  <start_date type="Actual">August 1, 2020</start_date>
  <completion_date type="Anticipated">December 31, 2020</completion_date>
  <primary_completion_date type="Anticipated">December 31, 2020</primary_completion_date>
  <study_type>Observational</study_type>
  <has_expanded_access>No</has_expanded_access>
  <study_design_info>
    <observational_model>Cohort</observational_model>
    <time_perspective>Retrospective</time_perspective>
  </study_design_info>
  <primary_outcome>
    <measure>the number of the out-patient visits</measure>
    <time_frame>6 months</time_frame>
    <description>Collect the number of the out-patient visits, comparing with that during the same period last year</description>
  </primary_outcome>
  <enrollment type="Anticipated">1200000</enrollment>
  <condition>Patient Preference</condition>
  <eligibility>
    <study_pop>
      <textblock>
        patients visited the out-patient clinic using the health insurance cards.
      </textblock>
    </study_pop>
    <sampling_method>Non-Probability Sample</sampling_method>
    <criteria>
      <textblock>
        Inclusion Criteria:

          -  patients visited the out-patient clinic using the health insurance cards.

        Exclusion Criteria:

          -  patients visited the out-patient clinic without using the health insurance cards.
      </textblock>
    </criteria>
    <gender>All</gender>
    <minimum_age>N/A</minimum_age>
    <maximum_age>N/A</maximum_age>
  </eligibility>
  <overall_official>
    <last_name>Wan-Ching Lien, PhD</last_name>
    <role>Principal Investigator</role>
    <affiliation>National Taiwan University Hospital</affiliation>
  </overall_official>
  <overall_contact>
    <last_name>Wan-Ching Lien, PhD</last_name>
    <phone>+886-2-23123456</phone>
    <phone_ext>65655</phone_ext>
    <email>wanchinglien@ntu.edu.tw</email>
  </overall_contact>
  <overall_contact_backup>
    <last_name>Wan-Ching Lien, PhD</last_name>
    <email>wanchinglien@ntu.edu.tw</email>
  </overall_contact_backup>
  <location>
    <facility>
      <name>National Taiwan University Hospital</name>
      <address>
        <city>Taipei</city>
        <country>Taiwan</country>
      </address>
    </facility>
    <status>Recruiting</status>
    <contact>
      <last_name>Wan-Ching Lien</last_name>
      <email>wanchinglien@ntu.edu.tw</email>
    </contact>
  </location>
  <location_countries>
    <country>Taiwan</country>
  </location_countries>
  <verification_date>July 2020</verification_date>
  <study_first_submitted>August 2, 2020</study_first_submitted>
  <study_first_submitted_qc>August 2, 2020</study_first_submitted_qc>
  <study_first_posted type="Actual">August 4, 2020</study_first_posted>
  <last_update_submitted>August 2, 2020</last_update_submitted>
  <last_update_submitted_qc>August 2, 2020</last_update_submitted_qc>
  <last_update_posted type="Actual">August 4, 2020</last_update_posted>
  <responsible_party>
    <responsible_party_type>Sponsor</responsible_party_type>
  </responsible_party>
  <!-- Results have not yet been posted for this study                                          -->
</clinical_study>

