<?xml version="1.0" encoding="UTF-8"?>
<clinical_study rank="1335">
  <!-- This xml conforms to an XML Schema at:
    https://clinicaltrials.gov/ct2/html/images/info/public.xsd -->
  <required_header>
    <download_date>ClinicalTrials.gov processed this data on September 22, 2020</download_date>
    <link_text>Link to the current ClinicalTrials.gov record.</link_text>
    <url>https://clinicaltrials.gov/show/NCT04354701</url>
  </required_header>
  <id_info>
    <org_study_id>VICC MD 2032</org_study_id>
    <nct_id>NCT04354701</nct_id>
  </id_info>
  <brief_title>COVID-19 and Cancer Consortium Registry</brief_title>
  <acronym>CCC19</acronym>
  <official_title>The COVID-19 and Cancer Consortium (CCC19) Registry</official_title>
  <sponsors>
    <lead_sponsor>
      <agency>Vanderbilt-Ingram Cancer Center</agency>
      <agency_class>Other</agency_class>
    </lead_sponsor>
  </sponsors>
  <source>Vanderbilt-Ingram Cancer Center</source>
  <oversight_info>
    <has_dmc>No</has_dmc>
    <is_fda_regulated_drug>No</is_fda_regulated_drug>
    <is_fda_regulated_device>No</is_fda_regulated_device>
  </oversight_info>
  <brief_summary>
    <textblock>
      In this study we will collect granular information on cancer patients infected with COVID-19,
      as rapidly as possible. The mechanism for collection of this information is a de-identified
      centralized registry housed at Vanderbilt University Medical Center, with data donations from
      internal and external health care professionals.
    </textblock>
  </brief_summary>
  <detailed_description>
    <textblock>
      The COVID-19 and Cancer Consortium (CCC19) registry prospectively collects anonymized data
      about patients diagnosed with COVID-19 and cancer. The goal of the registry is to generate
      hypothesis-generating and hypothesis-supporting findings that are generalizable to the
      population at large. Specifically:

      I. Characterize patient factors, such as pre-existing comorbidities, baseline medication
      exposures, cancer type, status, and treatment, and demographic factors that are associated
      with short- and long-term outcomes of COVID-19 (laboratory-confirmed or presumptive),
      including severity and fatality, in patients with cancer.

      II. Describe cancer treatment modifications made in response to COVID-19, including dose
      adjustments, changes in symptom management, or temporary or permanent cessation.

      III. Evaluate the association of COVID-19 with cancer outcomes.
    </textblock>
  </detailed_description>
  <overall_status>Recruiting</overall_status>
  <start_date type="Actual">March 17, 2020</start_date>
  <completion_date type="Anticipated">December 2022</completion_date>
  <primary_completion_date type="Anticipated">December 2021</primary_completion_date>
  <study_type>Observational [Patient Registry]</study_type>
  <has_expanded_access>No</has_expanded_access>
  <study_design_info>
    <observational_model>Case-Only</observational_model>
    <time_perspective>Prospective</time_perspective>
  </study_design_info>
  <target_duration>12 Months</target_duration>
  <primary_outcome>
    <measure>Web-based REDCap survey</measure>
    <time_frame>Approximately 18 months</time_frame>
    <description>The survey includes five parts: 1) basic demographics about the patient, including performance status and comorbidities; 2) initial COVID-19 diagnosis and clinical course; 3) cancer and cancer treatment details; 4) respondent details; 5) long-term COVID-19 outcomes.</description>
  </primary_outcome>
  <enrollment type="Anticipated">10000</enrollment>
  <condition>COVID-19</condition>
  <condition>Invasive Malignancy (Any Type)</condition>
  <intervention>
    <intervention_type>Other</intervention_type>
    <intervention_name>Web-based REDCap survey</intervention_name>
    <description>The survey takes approximately 5-10 minutes to complete and includes five parts: 1) basic demographics about the patient, including performance status and comorbidities; 2) initial COVID-19 diagnosis and clinical course; 3) cancer and cancer treatment details; 4) respondent details; 5) long-term COVID-19 outcomes.</description>
  </intervention>
  <eligibility>
    <study_pop>
      <textblock>
        Participants will be recruited from the COVID-19 and Cancer Consortium (CCC19).
      </textblock>
    </study_pop>
    <sampling_method>Non-Probability Sample</sampling_method>
    <criteria>
      <textblock>
        Inclusion criteria:

        • Healthcare providers or their proxies who would like to report a patient with ALL of the
        following criteria:

          -  Suspected (presumptive positive based on clinical presentation) or lab-confirmed
             COVID-19.

          -  Current or past medical history of invasive malignancy (any type)

        Exclusion criteria:

          -  Participants at international sites not explicitly listed below

          -  Non-healthcare providers (or their proxies)
      </textblock>
    </criteria>
    <gender>All</gender>
    <minimum_age>18 Years</minimum_age>
    <maximum_age>N/A</maximum_age>
    <healthy_volunteers>Accepts Healthy Volunteers</healthy_volunteers>
  </eligibility>
  <overall_official>
    <last_name>Jeremy Warner, MD</last_name>
    <role>Principal Investigator</role>
    <affiliation>Vanderbilt-Ingram Cancer Center</affiliation>
  </overall_official>
  <overall_contact>
    <last_name>Vanderbilt-Ingram Service for Timely Access</last_name>
    <phone>800-811-8480</phone>
    <email>cip@vumc.org</email>
  </overall_contact>
  <location>
    <facility>
      <name>Vanderbilt University Medical Center</name>
      <address>
        <city>Nashville</city>
        <state>Tennessee</state>
        <zip>37232</zip>
        <country>United States</country>
      </address>
    </facility>
    <status>Recruiting</status>
    <contact>
      <last_name>Sanjay Mishra, PhD</last_name>
      <phone>615-875-9806</phone>
      <email>sanjay.mishra.1@vumc.org</email>
    </contact>
    <investigator>
      <last_name>Jeremy Warner, MD</last_name>
      <role>Principal Investigator</role>
    </investigator>
  </location>
  <location_countries>
    <country>United States</country>
  </location_countries>
  <verification_date>September 2020</verification_date>
  <study_first_submitted>April 16, 2020</study_first_submitted>
  <study_first_submitted_qc>April 16, 2020</study_first_submitted_qc>
  <study_first_posted type="Actual">April 21, 2020</study_first_posted>
  <last_update_submitted>September 3, 2020</last_update_submitted>
  <last_update_submitted_qc>September 3, 2020</last_update_submitted_qc>
  <last_update_posted type="Estimate">September 9, 2020</last_update_posted>
  <responsible_party>
    <responsible_party_type>Principal Investigator</responsible_party_type>
    <investigator_affiliation>Vanderbilt-Ingram Cancer Center</investigator_affiliation>
    <investigator_full_name>Jeremy Warner</investigator_full_name>
    <investigator_title>Principal Investigator</investigator_title>
  </responsible_party>
  <condition_browse>
    <!-- CAUTION:  The following MeSH terms are assigned with an imperfect algorithm            -->
    <mesh_term>Neoplasms</mesh_term>
  </condition_browse>
  <!-- Results have not yet been posted for this study                                          -->
</clinical_study>

