<?xml version="1.0" encoding="UTF-8"?>
<clinical_study rank="2273">
  <!-- This xml conforms to an XML Schema at:
    https://clinicaltrials.gov/ct2/html/images/info/public.xsd -->
  <required_header>
    <download_date>ClinicalTrials.gov processed this data on September 22, 2020</download_date>
    <link_text>Link to the current ClinicalTrials.gov record.</link_text>
    <url>https://clinicaltrials.gov/show/NCT04348474</url>
  </required_header>
  <id_info>
    <org_study_id>HIAPRE0420OR</org_study_id>
    <nct_id>NCT04348474</nct_id>
  </id_info>
  <brief_title>Efficacy and Safety of Hydroxychloroquine and Azithromycin for the Treatment of Ambulatory Patients With Mild COVID-19</brief_title>
  <official_title>Open Label, Multicentric, Non Randomized, Exploratory Clinical Trial to Assess the Efficacy and Safety of Hydroxychloroquine and Azithromycin for the Treatment of Mild Acute Respiratory Syndrome (COVID-19) Caused by SARS-CoV-2 Virus</official_title>
  <sponsors>
    <lead_sponsor>
      <agency>Azidus Brasil</agency>
      <agency_class>Industry</agency_class>
    </lead_sponsor>
  </sponsors>
  <source>Azidus Brasil</source>
  <oversight_info>
    <has_dmc>Yes</has_dmc>
    <is_fda_regulated_drug>No</is_fda_regulated_drug>
    <is_fda_regulated_device>No</is_fda_regulated_device>
  </oversight_info>
  <brief_summary>
    <textblock>
      This is an exploratory study to evaluate the efficacy of hydroxychloroquine (400 mg BID on D1
      and 400 mg/day on D2 to D7) and azithromycin (500 mg/ 5 days) to treat mild ambulatory
      COVID-19 patients.
    </textblock>
  </brief_summary>
  <detailed_description>
    <textblock>
      This is an exploratory study to evaluate the efficacy of hydroxychloroquine (400 mg BID on D1
      and 400 mg/day on D2 to D7) and azithromycin (500 mg/ 5 days) to treat mild ambulatory
      COVID-19 patients.

      We aim to demonstrate decrease in hospital related complications among ambulatory patients
      with mild COVID-19 by treating them with HCQ and AZT on top of standard care compared to
      patients who receive standard care only.

      Ambulatory patients on day 3 of symptoms and with confirmed diagnosis of COVID-19 will
      receive the treatment.

      Patients that do not fulfill the inclusion/exclusion criteria or that is not willing to
      participate in the study will be invited to consent the use of their data as part of a
      &quot;control&quot; group.
    </textblock>
  </detailed_description>
  <overall_status>Suspended</overall_status>
  <why_stopped>
    Azidus, the CRO hired for this study by Prevent Senior has lost the interest to conduct this
    study.
  </why_stopped>
  <start_date type="Anticipated">April 20, 2020</start_date>
  <completion_date type="Anticipated">July 31, 2020</completion_date>
  <primary_completion_date type="Anticipated">June 30, 2020</primary_completion_date>
  <phase>Early Phase 1</phase>
  <study_type>Interventional</study_type>
  <has_expanded_access>No</has_expanded_access>
  <study_design_info>
    <allocation>N/A</allocation>
    <intervention_model>Single Group Assignment</intervention_model>
    <primary_purpose>Treatment</primary_purpose>
    <masking>None (Open Label)</masking>
  </study_design_info>
  <primary_outcome>
    <measure>Change in Clinical Condition</measure>
    <time_frame>28 days</time_frame>
    <description>Ordinal scale (7 points ordinal scale that measures illness severity over time)</description>
  </primary_outcome>
  <secondary_outcome>
    <measure>Hospitalization</measure>
    <time_frame>28 days</time_frame>
    <description>Number of patients that needed to be hospitalized</description>
  </secondary_outcome>
  <secondary_outcome>
    <measure>Change in Clinical Condition</measure>
    <time_frame>28 days</time_frame>
    <description>Time for normalization of body temperature</description>
  </secondary_outcome>
  <secondary_outcome>
    <measure>Change in Clinical Condition</measure>
    <time_frame>28 days</time_frame>
    <description>Time for normalization of of respiratory rate</description>
  </secondary_outcome>
  <secondary_outcome>
    <measure>Change in Clinical Condition</measure>
    <time_frame>28 days</time_frame>
    <description>Time for cough relief</description>
  </secondary_outcome>
  <secondary_outcome>
    <measure>Rate of mortality within 28-days</measure>
    <time_frame>28 days</time_frame>
    <description>Evaluation of change in acute respiratory syndrome</description>
  </secondary_outcome>
  <secondary_outcome>
    <measure>Change in Clinical Condition related to comorbidity</measure>
    <time_frame>28 days</time_frame>
    <description>Subgroup analysis by comorbidities</description>
  </secondary_outcome>
  <number_of_arms>1</number_of_arms>
  <enrollment type="Anticipated">200</enrollment>
  <condition>Covid-19</condition>
  <arm_group>
    <arm_group_label>HCQ + AZT</arm_group_label>
    <arm_group_type>Experimental</arm_group_type>
    <description>All patients included in the study will receive hydroxychloroquine (HCQ) 400 mg (00 mg BID on D1 and 400 mg/day on D2 to D7) and azithromycin (AZT) (500 mg/ 5 days) on top of standard care.</description>
  </arm_group>
  <intervention>
    <intervention_type>Drug</intervention_type>
    <intervention_name>Hydroxychloroquine Sulfate</intervention_name>
    <description>All patients included in the study will receive HCQ (400 mg BID on D1 and 400 mg/day on D2 to D7) for 7 days.</description>
    <arm_group_label>HCQ + AZT</arm_group_label>
    <other_name>Reuquinol</other_name>
  </intervention>
  <intervention>
    <intervention_type>Drug</intervention_type>
    <intervention_name>Azithromycin Tablets</intervention_name>
    <description>All patients included in the study will receive AZT 500 mg per day for 5 days.</description>
    <arm_group_label>HCQ + AZT</arm_group_label>
    <other_name>Azithromycin</other_name>
  </intervention>
  <eligibility>
    <criteria>
      <textblock>
        Inclusion Criteria:

          1. Informed consent from patient or legal representative.

          2. Male or female, and:

               1. aged ≥ 70 years; or

               2. aged &lt; 70 with associated risk factors (chronic obstructive pulmonary disease;
                  heart failure, immunosuppressed, obesity (BMI ≥ 35) uncontrolled diabetes and
                  uncontrolled systemic arterial hypertension)

          3. One or more mild symptoms characteristic of COVID-19 for 3 days, such as fever, cough
             and signs of respiratory distress, which do not require hospitalization.

        Exclusion Criteria:

          1. Participating in another RCT in the past 12 months;

          2. Known allergy to HCQ or chloroquine

          3. Any contraindication to HTC or AZT, including retinopathy and prolonged QT,

          4. Severely reduced LV function

          5. Severely reduced renal function;

          6. Pregnancy or breast feeding

          7. Any other clinical condition which, in the opinion of the principal investigator,
             would not allow safe completion of the protocol and safe administration of the
             investigational products
      </textblock>
    </criteria>
    <gender>All</gender>
    <minimum_age>18 Years</minimum_age>
    <maximum_age>N/A</maximum_age>
    <healthy_volunteers>No</healthy_volunteers>
  </eligibility>
  <location>
    <facility>
      <name>Prevent Senior Private Operadora de Saúde LTDA.</name>
      <address>
        <city>São Paulo</city>
        <country>Brazil</country>
      </address>
    </facility>
  </location>
  <location_countries>
    <country>Brazil</country>
  </location_countries>
  <verification_date>April 2020</verification_date>
  <study_first_submitted>April 13, 2020</study_first_submitted>
  <study_first_submitted_qc>April 13, 2020</study_first_submitted_qc>
  <study_first_posted type="Actual">April 16, 2020</study_first_posted>
  <last_update_submitted>April 21, 2020</last_update_submitted>
  <last_update_submitted_qc>April 21, 2020</last_update_submitted_qc>
  <last_update_posted type="Actual">April 22, 2020</last_update_posted>
  <responsible_party>
    <responsible_party_type>Sponsor</responsible_party_type>
  </responsible_party>
  <intervention_browse>
    <!-- CAUTION:  The following MeSH terms are assigned with an imperfect algorithm            -->
    <mesh_term>Azithromycin</mesh_term>
    <mesh_term>Hydroxychloroquine</mesh_term>
  </intervention_browse>
  <patient_data>
    <sharing_ipd>Undecided</sharing_ipd>
    <ipd_description>It is believed that after the data analysis and presentation to the National Commission on Research Ethics, all data of the study will become public.</ipd_description>
  </patient_data>
  <!-- Results have not yet been posted for this study                                          -->
</clinical_study>

