<?xml version="1.0" encoding="UTF-8"?>
<clinical_study rank="329">
  <!-- This xml conforms to an XML Schema at:
    https://clinicaltrials.gov/ct2/html/images/info/public.xsd -->
  <required_header>
    <download_date>ClinicalTrials.gov processed this data on September 22, 2020</download_date>
    <link_text>Link to the current ClinicalTrials.gov record.</link_text>
    <url>https://clinicaltrials.gov/show/NCT04508556</url>
  </required_header>
  <id_info>
    <org_study_id>SARS-CoV-2 study</org_study_id>
    <nct_id>NCT04508556</nct_id>
  </id_info>
  <brief_title>Performance Assessment of SARS-CoV-2 Detection Breath Biopsy - SARS-CoV-2 Study</brief_title>
  <acronym>COVID</acronym>
  <official_title>Performance Assessment of SARS-CoV-2 Detection Through Analysis of Exhaled Breath Aerosols</official_title>
  <sponsors>
    <lead_sponsor>
      <agency>Owlstone Ltd</agency>
      <agency_class>Industry</agency_class>
    </lead_sponsor>
    <collaborator>
      <agency>OLVG</agency>
      <agency_class>Other</agency_class>
    </collaborator>
    <collaborator>
      <agency>Maastricht University</agency>
      <agency_class>Other</agency_class>
    </collaborator>
  </sponsors>
  <source>Owlstone Ltd</source>
  <oversight_info>
    <has_dmc>No</has_dmc>
    <is_fda_regulated_drug>No</is_fda_regulated_drug>
  </oversight_info>
  <brief_summary>
    <textblock>
      The primary aim of this study is to investigate the performance of Breath Biopsy RD for the
      detection of SARS-CoV-2 in both a clinical and at home setting.
    </textblock>
  </brief_summary>
  <detailed_description>
    <textblock>
      This study aims to evaluate Owlstone Medical's Breath Biopsy RD Collectors for the detection
      of SARS-CoV-2 infection. These single use disposable breath capture devices can be used
      independently by individuals and shipped to be analysed in a central lab for the presence of
      SARS-CoV-2 using established existing PCR assays available in any reference lab. The aerosol
      collectors furthermore directly sample exhaled breath aerosols. As such they directly sample
      the primary transmission route for the virus. This could result in a higher rate of retrieval
      of viral RNA in infected individuals thereby increasing the sensitivity of the applied PCR
      assay. This is underpinned by the fact that CT abnormalities in the lower airways appear to
      occur prior to upper respiratory tract samples becoming positive in cases suffering from
      nCOVID19, suggesting lower airway viral loads could be higher. Combined, this could enable
      more widespread access to diagnostics, reduce the need for repeat testing, decrease the need
      for healthcare professionals to perform diagnostic tests and reduce cross-contamination risk.
    </textblock>
  </detailed_description>
  <overall_status>Not yet recruiting</overall_status>
  <start_date type="Anticipated">September 2020</start_date>
  <completion_date type="Anticipated">April 2021</completion_date>
  <primary_completion_date type="Anticipated">December 2020</primary_completion_date>
  <study_type>Observational</study_type>
  <has_expanded_access>No</has_expanded_access>
  <study_design_info>
    <observational_model>Cohort</observational_model>
    <time_perspective>Cross-Sectional</time_perspective>
  </study_design_info>
  <primary_outcome>
    <measure>Positive control for technical validation</measure>
    <time_frame>1 year</time_frame>
    <description>The purpose of this stage is to confirm the optimal extraction protocol to detect the presence of SARS-CoV-2 from the aerosols captured in the Breath Biopsy RD device. Up to two Breath Biopsy RD sample will be collected alongside a nasopharyngeal. The swab obtained during this stage is to be analysed in parallel to the extracted breath aerosols in the lab of the lab and will be used as a positive control.</description>
  </primary_outcome>
  <secondary_outcome>
    <measure>Evaluation of test performance</measure>
    <time_frame>1 year</time_frame>
    <description>The aim is to assess the test performance of the Breath Biopsy RD devices in a real live clinical setting. Subjects with a high clinical suspicion of nCOVID-19 based on clinical triage will be requested to participate. A single Breath Biopsy RD collector will be collected in parallel with the standard diagnostic work-up consisting of a CT-scan and a nasopharyngeal swab.</description>
  </secondary_outcome>
  <other_outcome>
    <measure>Evaluation of at home test</measure>
    <time_frame>1 year</time_frame>
    <description>The aim of the final outcome is to evaluate the performance and acceptability of using the Breath Biopsy RD as an at home test for identification of the presence of SARS-CoV-2. The OLVG phone application used for triage of the presence of nCOVID-19 will be used to identify subjects at the highest risk of having nCOVID-19. These subjects will be sent a Breath Biopsy RD collector and oropharyngeal swab for at home testing. Any subject who has a positive Breath Biopsy test for SARS-CoV-2 will be contacted and advised to receive a nasopharyngeal test for assessment of viral presence. Both tests will be self-administered to mimic an at home use scenario. The performance of both tests will be confirmed from the perspective of 1. Adherence 2. Subject comfort 3. Number of SARS-CoV-2 positive cases.</description>
  </other_outcome>
  <enrollment type="Anticipated">500</enrollment>
  <condition>Covid19</condition>
  <intervention>
    <intervention_type>Device</intervention_type>
    <intervention_name>Breath Biopsy face masks with removable filters and fitted PVA strip</intervention_name>
    <description>Device developed for collection of breath samples</description>
  </intervention>
  <intervention>
    <intervention_type>Diagnostic Test</intervention_type>
    <intervention_name>Nasopharyngeal swab</intervention_name>
    <description>Is a method for collecting a clinical test sample of nasal secretions from the back of the nose and throat.</description>
  </intervention>
  <intervention>
    <intervention_type>Diagnostic Test</intervention_type>
    <intervention_name>oropharyngeal swabs</intervention_name>
    <description>Is a method for collecting a clinical test sample from the back of the throat.</description>
  </intervention>
  <biospec_retention>Samples Without DNA</biospec_retention>
  <biospec_descr>
    <textblock>
      The face mask will be placed onto the subject's face, covering his/her nose and mouth, head
      straps will be used to ensure that the face mask is kept in place for the duration of the
      test. This mask will contain a material designed to capture exhaled respiratory droplets
      and/or aerosols. Several iterations of these impaction and filtration devices may be used to
      optimize functional attributes of the material for capture of COVID. These materials will
      always have a proven safety for use with humans.

      Subjects can talk, cough and sneeze in the mask or can temporarily remove the mask if
      uncomfortable, to drink some water etc if required. Total collection time spread across two
      masks will not exceed one hour
    </textblock>
  </biospec_descr>
  <eligibility>
    <study_pop>
      <textblock>
        The inclusion and exclusion criteria for the various study populations are detailed above.
        General inclusion and exclusion criteria which apply to all study subjects are detailed
        followed by indication specific criteria are also detailed for both inclusion and
        exclusion.
      </textblock>
    </study_pop>
    <sampling_method>Non-Probability Sample</sampling_method>
    <criteria>
      <textblock>
        Inclusion Criteria:

          -  Any adult &gt;18 years with either a confirmed (phase 1) or suspected (phase 2&amp;3)
             SARS-CoV-2 infection will be eligible to participate in this study.

        Exclusion Criteria:

          -  Subject who are deemed unlikely to be able to maintain oxygen saturation of greater
             than 90% while breathing room air for 30 seconds

          -  Subject who require non-invasive ventilation or high flow nasal oxygen

          -  Subject who require inotropic medication to maintain adequate organ perfusion

          -  Subject who have a communication barrier and / or unable to comply with the
             instructions to use the Breath Biopsy test
      </textblock>
    </criteria>
    <gender>All</gender>
    <minimum_age>18 Years</minimum_age>
    <maximum_age>N/A</maximum_age>
  </eligibility>
  <overall_official>
    <last_name>Paul Savelkoul,</last_name>
    <role>Study Chair</role>
    <affiliation>OLVG</affiliation>
  </overall_official>
  <overall_official>
    <last_name>Paul Bresser</last_name>
    <role>Study Chair</role>
    <affiliation>Maastricht</affiliation>
  </overall_official>
  <overall_contact>
    <last_name>Amerjit kang</last_name>
    <phone>01223 428200</phone>
    <email>amerjit.kang@owlstone.co.uk</email>
  </overall_contact>
  <overall_contact_backup>
    <last_name>Alexandra DeSaedeleer</last_name>
    <phone>01223 428200</phone>
    <email>Alexandra.DeSaedeleer@owlstone.co.uk</email>
  </overall_contact_backup>
  <verification_date>September 2020</verification_date>
  <study_first_submitted>August 7, 2020</study_first_submitted>
  <study_first_submitted_qc>August 7, 2020</study_first_submitted_qc>
  <study_first_posted type="Actual">August 11, 2020</study_first_posted>
  <last_update_submitted>September 15, 2020</last_update_submitted>
  <last_update_submitted_qc>September 15, 2020</last_update_submitted_qc>
  <last_update_posted type="Estimate">September 16, 2020</last_update_posted>
  <responsible_party>
    <responsible_party_type>Sponsor</responsible_party_type>
  </responsible_party>
  <patient_data>
    <sharing_ipd>No</sharing_ipd>
  </patient_data>
  <!-- Results have not yet been posted for this study                                          -->
</clinical_study>

