<?xml version="1.0" encoding="UTF-8"?>
<clinical_study rank="3224">
  <!-- This xml conforms to an XML Schema at:
    https://clinicaltrials.gov/ct2/html/images/info/public.xsd -->
  <required_header>
    <download_date>ClinicalTrials.gov processed this data on September 22, 2020</download_date>
    <link_text>Link to the current ClinicalTrials.gov record.</link_text>
    <url>https://clinicaltrials.gov/show/NCT04385576</url>
  </required_header>
  <id_info>
    <org_study_id>2020410-8498</org_study_id>
    <nct_id>NCT04385576</nct_id>
  </id_info>
  <brief_title>Taiwan &quot;Aerosol Box&quot; Versus UMMC &quot;Intubation Box&quot;</brief_title>
  <official_title>Taiwan &quot;Aerosol Box&quot; Versus UMMC &quot;Intubation Box&quot; : Clinical Evaluation of the &quot;Intubation Box&quot; for Ease of Intubation</official_title>
  <sponsors>
    <lead_sponsor>
      <agency>University of Malaya</agency>
      <agency_class>Other</agency_class>
    </lead_sponsor>
  </sponsors>
  <source>University of Malaya</source>
  <oversight_info>
    <has_dmc>No</has_dmc>
    <is_fda_regulated_drug>No</is_fda_regulated_drug>
    <is_fda_regulated_device>No</is_fda_regulated_device>
  </oversight_info>
  <brief_summary>
    <textblock>
      This study compares two intubation boxes, that is the Taiwan &quot;Aerosol Box&quot; versus the UMMC
      &quot;Intubation Box&quot;. The importance of this intubation box has come to light recently in view of
      the COVID-19 pandemic and the fact that intubation is an aerosol-generating procedure. Risks
      of the healthcare worker attending to the airway of COVID-19 patients is high and the
      intubation box aims to minimize that and reduce contamination of the environment. The
      original design of the &quot;Aerosol Box&quot; has limitations and is not easily used by intubators.
      This study evaluates the clinical usefulness of an innovation of the &quot;Aerosol Box&quot; design
      that is made to be more ergonomic and increases the rate of successful intubation.
      Anaesthetists with more than 5 years of clinical experience in intubating airways as well as
      more than 20 successful intubations using videolaryngoscopy , will be available to
      participate. This study will employ manikin and will be a randomized cross-over trial,
      conducted in UM.
    </textblock>
  </brief_summary>
  <detailed_description>
    <textblock>
      Background:

      Intubation is classified as an aerosol-generating procedure (AGP). Intubation in a confirmed
      COVID-19 patient with a high viral load poses a high risk of exposure to health care workers
      (HCW). To reduce this risk, the HCW and their assistants are advised to don full personnel
      protective equipment (PPE) with a powered air purifying respiratory (PAPR) during intubation.
      In view of this concern, this procedure is highly recommended to be done in a negative
      pressure room to control the spread of aerosolizing particles in the room. A first-pass
      success in intubation is also crucial to minimize the risk of infection to health care
      workers involved.

      Introduction :

      An Aerosol Box (from here on known as Box A) was recently designed by Dr. Lai Hsien Yung from
      Taiwan which adds extra protection to the intubator and the surrounding environment. The
      Aerosol Box is a transparent box made of acrylic or transparent polycarbonate sheet, designed
      with an opening on one side allowing it to fit over the patient's chest and neck, while the
      opposing side has two holes through which the intubator can insert their hands through. It
      was shown that this barrier enclosure during intubation protects the laryngoscopist. A recent
      study simulated a patient with a cough during intubation with and without the Aerosol Box.
      With the box, it was demonstrated that the simulated cough resulted in contamination of only
      the inner surface of the box, the laryngoscopist's gloves and gowned forearms. Examination of
      the laryngoscopist and the room with ultraviolet light after the simulated cough also showed
      no macroscopic contamination outside the box. In contrast, intubation without the box
      demonstrated that the laryngoscopist's gown, gloves, face mask, eye shield, hair, neck, ears,
      and shoes were all contaminated.

      Feedbacks from our colleagues stated that intubation with Box A is slightly difficult and may
      cause delay in intubation. Canelli et al also concluded this observation. The investigators,
      therefore, innovated the design of Box A to facilitate the laryngoscopist, known as the UMMC
      Intubation Box (from here on known as Box B).
    </textblock>
  </detailed_description>
  <overall_status>Recruiting</overall_status>
  <start_date type="Anticipated">May 15, 2020</start_date>
  <completion_date type="Anticipated">December 30, 2020</completion_date>
  <primary_completion_date type="Anticipated">September 15, 2020</primary_completion_date>
  <phase>N/A</phase>
  <study_type>Interventional</study_type>
  <has_expanded_access>No</has_expanded_access>
  <study_design_info>
    <allocation>Randomized</allocation>
    <intervention_model>Crossover Assignment</intervention_model>
    <primary_purpose>Basic Science</primary_purpose>
    <masking>None (Open Label)</masking>
  </study_design_info>
  <primary_outcome>
    <measure>Time to successful intubation</measure>
    <time_frame>10 minutes</time_frame>
    <description>The interval from insertion of the laryngoscope blade into the mouth to inflation of the tracheal tube cuff</description>
  </primary_outcome>
  <secondary_outcome>
    <measure>Number of intubation attempts</measure>
    <time_frame>10 minutes</time_frame>
    <description>Number of attempts taken to successfully intubate the airway manikin</description>
  </secondary_outcome>
  <secondary_outcome>
    <measure>Evaluation of the intubator's experience using both boxes</measure>
    <time_frame>10 minutes</time_frame>
    <description>Evaluation of the intubator's experience using both boxes using a questionnaire based on the ISO9421-11 standard, that is effectiveness, efficiency and satisfaction.</description>
  </secondary_outcome>
  <number_of_arms>2</number_of_arms>
  <enrollment type="Anticipated">30</enrollment>
  <condition>COVID-19</condition>
  <condition>Airway</condition>
  <arm_group>
    <arm_group_label>Aerosol Box</arm_group_label>
    <arm_group_type>Active Comparator</arm_group_type>
    <description>Intubation using the Taiwan model Aerosol Box to assess the duration of time needed for successful endotracheal intubation of an airway manikin.</description>
  </arm_group>
  <arm_group>
    <arm_group_label>Intubation Box</arm_group_label>
    <arm_group_type>Active Comparator</arm_group_type>
    <description>Intubation using the UMMC model Intubation Box to assess the duration of time needed for successful endotracheal intubation of an airway manikin.</description>
  </arm_group>
  <intervention>
    <intervention_type>Device</intervention_type>
    <intervention_name>Aerosol Box</intervention_name>
    <description>Usage of an Intubation Box to minimize intubator and environment contamination during intubation and extubation. Time taken for first-pass success if also expected to be reduced with the usage of the Intubation Box.</description>
    <arm_group_label>Aerosol Box</arm_group_label>
    <arm_group_label>Intubation Box</arm_group_label>
  </intervention>
  <intervention>
    <intervention_type>Device</intervention_type>
    <intervention_name>Intubation Box</intervention_name>
    <description>Usage of an Intubation Box to minimize intubator and environment contamination during intubation and extubation. Time taken for first-pass success if also expected to be reduced with the usage of the Intubation Box.</description>
    <arm_group_label>Aerosol Box</arm_group_label>
    <arm_group_label>Intubation Box</arm_group_label>
  </intervention>
  <eligibility>
    <criteria>
      <textblock>
        Inclusion Criteria:

          -  anaesthetists with more than 5 years of clinical experience AND more than 20
             successful intubations using a videolaryngoscope

        Exclusion Criteria:

          -  anaesthetists with less than 5 years of clinical experience AND/OR less than 20
             successful intubations using a videolaryngoscope
      </textblock>
    </criteria>
    <gender>All</gender>
    <minimum_age>N/A</minimum_age>
    <maximum_age>N/A</maximum_age>
    <healthy_volunteers>Accepts Healthy Volunteers</healthy_volunteers>
  </eligibility>
  <overall_official>
    <last_name>INA I SHARIFFUDDIN, MAnaes</last_name>
    <role>Study Director</role>
    <affiliation>University of Malaya</affiliation>
  </overall_official>
  <overall_contact>
    <last_name>SHAIRIL R RUSLAN, MAnaes(UM)</last_name>
    <phone>+60123291074</phone>
    <email>shairil@ummc.edu.my</email>
  </overall_contact>
  <overall_contact_backup>
    <last_name>MOHD F ZAINAL ABIDIN, MAnaes</last_name>
    <phone>+60162823181</phone>
    <email>m.fitry@ummc.edu.my</email>
  </overall_contact_backup>
  <location>
    <facility>
      <name>University Malaya Medical Centre</name>
      <address>
        <city>Kuala Lumpur</city>
        <state>Selangor</state>
        <zip>59100</zip>
        <country>Malaysia</country>
      </address>
    </facility>
    <status>Recruiting</status>
    <contact>
      <last_name>SHAIRIL R RUSLAN, MAnaes(UM)</last_name>
      <phone>0123291074</phone>
      <email>shairil@ummc.edu.my</email>
    </contact>
  </location>
  <location_countries>
    <country>Malaysia</country>
  </location_countries>
  <link>
    <url>https://www.taiwannews.com.tw/en/news/3902435</url>
    <description>Taiwanese doctor invents device to protect US doctors against coronavirus</description>
  </link>
  <results_reference>
    <citation>Canelli R, Connor CW, Gonzalez M, Nozari A, Ortega R. Barrier Enclosure during Endotracheal Intubation. N Engl J Med. 2020 May 14;382(20):1957-1958. doi: 10.1056/NEJMc2007589. Epub 2020 Apr 3.</citation>
    <PMID>32243118</PMID>
  </results_reference>
  <verification_date>May 2020</verification_date>
  <study_first_submitted>April 28, 2020</study_first_submitted>
  <study_first_submitted_qc>May 7, 2020</study_first_submitted_qc>
  <study_first_posted type="Actual">May 13, 2020</study_first_posted>
  <last_update_submitted>May 7, 2020</last_update_submitted>
  <last_update_submitted_qc>May 7, 2020</last_update_submitted_qc>
  <last_update_posted type="Actual">May 13, 2020</last_update_posted>
  <responsible_party>
    <responsible_party_type>Principal Investigator</responsible_party_type>
    <investigator_affiliation>University of Malaya</investigator_affiliation>
    <investigator_full_name>Dr SHAIRIL RAHAYU BINTI RUSLAN</investigator_full_name>
    <investigator_title>Clinical Lecturer</investigator_title>
  </responsible_party>
  <keyword>intubation box</keyword>
  <keyword>COVID-19</keyword>
  <keyword>personnel protective equipment</keyword>
  <provided_document_section>
    <provided_document>
      <document_type>Study Protocol, Statistical Analysis Plan, and Informed Consent Form</document_type>
      <document_has_protocol>Yes</document_has_protocol>
      <document_has_icf>Yes</document_has_icf>
      <document_has_sap>Yes</document_has_sap>
      <document_date>April 10, 2020</document_date>
      <document_url>https://ClinicalTrials.gov/ProvidedDocs/76/NCT04385576/Prot_SAP_ICF_000.pdf</document_url>
    </provided_document>
  </provided_document_section>
  <!-- Results have not yet been posted for this study                                          -->
</clinical_study>

