<?xml version="1.0" encoding="UTF-8"?>
<clinical_study rank="2946">
  <!-- This xml conforms to an XML Schema at:
    https://clinicaltrials.gov/ct2/html/images/info/public.xsd -->
  <required_header>
    <download_date>ClinicalTrials.gov processed this data on September 22, 2020</download_date>
    <link_text>Link to the current ClinicalTrials.gov record.</link_text>
    <url>https://clinicaltrials.gov/show/NCT04385238</url>
  </required_header>
  <id_info>
    <org_study_id>0002</org_study_id>
    <nct_id>NCT04385238</nct_id>
  </id_info>
  <brief_title>Health and Wellbeing of Pregnant and Post-Partum Women During the COVID-19 Pandemic</brief_title>
  <official_title>Health and Wellbeing of Pregnant and Post-Partum Women During the COVID-19 Pandemic</official_title>
  <sponsors>
    <lead_sponsor>
      <agency>Pregistry</agency>
      <agency_class>Industry</agency_class>
    </lead_sponsor>
    <collaborator>
      <agency>Harvard School of Public Health</agency>
      <agency_class>Other</agency_class>
    </collaborator>
  </sponsors>
  <source>Pregistry</source>
  <oversight_info>
    <has_dmc>No</has_dmc>
    <is_fda_regulated_drug>No</is_fda_regulated_drug>
    <is_fda_regulated_device>No</is_fda_regulated_device>
  </oversight_info>
  <brief_summary>
    <textblock>
      The purpose of this study is to assess the health and wellbeing of pregnant and recently
      pregnant women during the COVID-19 pandemic using an online survey.
    </textblock>
  </brief_summary>
  <detailed_description>
    <textblock>
      Millions of women will give birth during the pandemic of Coronavirus Disease 2019 (COVID-19)
      caused by the severe acute respiratory syndrome coronavirus 2 (SARS-CoV-2). The consequences
      of COVID-19 for pregnant women and their offspring are unknown. This lack of information
      leads to anxiety among pregnant women, women who are considering getting pregnant, and their
      families. It is therefore important to assess the wellbeing and mental health of women during
      the COVID-19 pandemic.

      The international nature of the online survey will allow the evaluation of how living during
      the COVID-19 pandemic affects pregnant and recently pregnant women at a global level,
      including the evaluation of potential cultural and geographic differences.
    </textblock>
  </detailed_description>
  <overall_status>Completed</overall_status>
  <start_date type="Actual">May 15, 2020</start_date>
  <completion_date type="Actual">June 20, 2020</completion_date>
  <primary_completion_date type="Actual">June 20, 2020</primary_completion_date>
  <study_type>Observational</study_type>
  <has_expanded_access>No</has_expanded_access>
  <study_design_info>
    <observational_model>Case-Only</observational_model>
    <time_perspective>Cross-Sectional</time_perspective>
  </study_design_info>
  <primary_outcome>
    <measure>Post-traumatic Stress Disorder</measure>
    <time_frame>Anytime during pregnancy or within 6 months after given birth.</time_frame>
    <description>Post-traumatic Stress Disorder (PTSD) Symptoms will be assessed by the Impact of Events Scale-6. This scale includes a total of six items: two items from each of the three subscales of the measure, namely intrusion, hyperarousal and avoidance. Participants will be asked to report their PTSD symptoms in the past 7 days on a Likert Scale ranging from 0 (not at all) to 4 (extremely).</description>
  </primary_outcome>
  <primary_outcome>
    <measure>Anxiety and Depression</measure>
    <time_frame>Anytime during pregnancy or within 6 months after given birth.</time_frame>
    <description>Symptoms of anxiety and depression will be measured by the Patient Health Questionnaire-4 (PHQ-4) which combines two ultrabrief screeners: the PHQ-2 and the Generalised Anxiety Disorder Scale. Participants will be asked to report their symptoms of depression and anxiety in the past 2 weeks on a Likert Scale from 0 (not at all) to 3 (nearly every day) for a maximum score of 12.</description>
  </primary_outcome>
  <number_of_groups>2</number_of_groups>
  <enrollment type="Actual">7000</enrollment>
  <condition>COVID-19</condition>
  <condition>Pregnancy Complications</condition>
  <condition>Mental Health Wellness 1</condition>
  <condition>Anxiety</condition>
  <condition>Depression</condition>
  <condition>Ptsd</condition>
  <condition>Coronavirus</condition>
  <arm_group>
    <arm_group_label>Pregnant Women</arm_group_label>
    <description>Pregnant women who are 18 years of age or older.</description>
  </arm_group>
  <arm_group>
    <arm_group_label>Post-partum women</arm_group_label>
    <description>Women who gave birth within the last 6 months who are 18 years of age or older.</description>
  </arm_group>
  <intervention>
    <intervention_type>Other</intervention_type>
    <intervention_name>This is an online survey with no intervention.</intervention_name>
    <description>As this is an online survey about health and wellbeing, there is no intervention.</description>
    <arm_group_label>Post-partum women</arm_group_label>
    <arm_group_label>Pregnant Women</arm_group_label>
  </intervention>
  <eligibility>
    <study_pop>
      <textblock>
        Pregnant women or women who have been pregnant in the last 6 months.
      </textblock>
    </study_pop>
    <sampling_method>Non-Probability Sample</sampling_method>
    <criteria>
      <textblock>
        Inclusion Criteria:

          -  Pregnant women or women who have been pregnant within the last 6 months

          -  Able to give electronic informed consent

        Exclusion Criteria:

          -  &lt;18 years of age
      </textblock>
    </criteria>
    <gender>Female</gender>
    <gender_based>Yes</gender_based>
    <gender_description>Persons assigned gender female at birth.</gender_description>
    <minimum_age>18 Years</minimum_age>
    <maximum_age>N/A</maximum_age>
    <healthy_volunteers>No</healthy_volunteers>
  </eligibility>
  <overall_official>
    <last_name>Karestan Koenen, PhD</last_name>
    <role>Principal Investigator</role>
    <affiliation>Department of Epidemiology, Harvard T.H. Chan School of Public Health</affiliation>
  </overall_official>
  <overall_official>
    <last_name>Sonia Hernandez-Diaz, MD, DrPh</last_name>
    <role>Study Director</role>
    <affiliation>Department of Epidemiology, Harvard T.H. Chan School of Public Health</affiliation>
  </overall_official>
  <overall_official>
    <last_name>Diego Wyszynski, MD, MHS, PhD</last_name>
    <role>Study Director</role>
    <affiliation>Pregistry</affiliation>
  </overall_official>
  <location>
    <facility>
      <name>Pregistry</name>
      <address>
        <city>Los Angeles</city>
        <state>California</state>
        <zip>90045</zip>
        <country>United States</country>
      </address>
    </facility>
  </location>
  <location_countries>
    <country>United States</country>
  </location_countries>
  <link>
    <url>https://survey.pregistry.com/</url>
    <description>Survey Health and Wellbeing of Pregnant and Post-Partum Women During the COVID-19 Pandemic</description>
  </link>
  <link>
    <url>https://corona.pregistry.com</url>
    <description>International Registry of Coronavirus Exposure in Pregnancy (IRCEP)</description>
  </link>
  <verification_date>June 2020</verification_date>
  <study_first_submitted>May 10, 2020</study_first_submitted>
  <study_first_submitted_qc>May 11, 2020</study_first_submitted_qc>
  <study_first_posted type="Actual">May 12, 2020</study_first_posted>
  <last_update_submitted>June 23, 2020</last_update_submitted>
  <last_update_submitted_qc>June 23, 2020</last_update_submitted_qc>
  <last_update_posted type="Actual">June 24, 2020</last_update_posted>
  <responsible_party>
    <responsible_party_type>Sponsor</responsible_party_type>
  </responsible_party>
  <condition_browse>
    <!-- CAUTION:  The following MeSH terms are assigned with an imperfect algorithm            -->
    <mesh_term>Pregnancy Complications</mesh_term>
  </condition_browse>
  <patient_data>
    <sharing_ipd>No</sharing_ipd>
  </patient_data>
  <!-- Results have not yet been posted for this study                                          -->
</clinical_study>

