<?xml version="1.0" encoding="UTF-8"?>
<clinical_study rank="100">
  <!-- This xml conforms to an XML Schema at:
    https://clinicaltrials.gov/ct2/html/images/info/public.xsd -->
  <required_header>
    <download_date>ClinicalTrials.gov processed this data on September 22, 2020</download_date>
    <link_text>Link to the current ClinicalTrials.gov record.</link_text>
    <url>https://clinicaltrials.gov/show/NCT04382781</url>
  </required_header>
  <id_info>
    <org_study_id>FIS-INM-2020-03</org_study_id>
    <nct_id>NCT04382781</nct_id>
  </id_info>
  <brief_title>Immunosupressive Treatment in COVID-19 Patients</brief_title>
  <acronym>SAM-COVID</acronym>
  <official_title>Effect of Immunosupressive Treatment in COVID-19 Patients Whit SAM-LIKE Profile: Retrospective Cohort Study (SAM-COVID Project)</official_title>
  <sponsors>
    <lead_sponsor>
      <agency>Spanish Network for Research in Infectious Diseases</agency>
      <agency_class>Other</agency_class>
    </lead_sponsor>
    <collaborator>
      <agency>Fundación Pública Andaluza para la gestión de la Investigación en Sevilla</agency>
      <agency_class>Other</agency_class>
    </collaborator>
  </sponsors>
  <source>Spanish Network for Research in Infectious Diseases</source>
  <oversight_info>
    <has_dmc>Yes</has_dmc>
  </oversight_info>
  <brief_summary>
    <textblock>
      SAM-COVID is a retrospective cohort study that aims to determine the impact of
      immunosuppressive drugs and immunoglubulins in the outcome of patients with COVID-19.
    </textblock>
  </brief_summary>
  <detailed_description>
    <textblock>
      SAM-COVID is a retrospective cohort study of patients admitted to 66 Spanish hospitals with
      laboratory-confirmed COVID-19 infection by real-time polymerase chain reaction (RT-PCR) assay
      for severe acute respiratory syndrome coronavirus 2 (SARS-CoV-2) presenting during admission
      with clinical and laboratory data suggestive of macrophage activation syndrome with the
      objective to investigate whether the use of immunosuppressive drugs (including high-dose
      steroids, tocilizumab, sarilumab, anakimra) or immunoglobulins in avoiding the need for
      invasive mechanical ventilation or in-hospital death.

      The Ethics Committee for Research of Virgen Macarena and Virgen del Rocío University
      Hospitals approved the study and waived the need to obtain informed consent.

      The data source was the electronic medical records. All data were entered directly by
      personnel at each institution using an online case report form (CRF), that satisfied local
      requirements of data confidentiality.

      The variables registered included administrative data, epidemiological information, type of
      clinical specimen in which the diagnosis was confirmed, demographics, comorbidities and
      current medications, signs and symptoms at admission, baseline laboratory tests results and
      at day 0, chest X-ray findings at baseline and during follow-up, medications with potential
      activity against COVID-19, supportive treatments including oxygen therapy, use of
      immunosuppressant medications or immunoglobulins, and outcome.
    </textblock>
  </detailed_description>
  <overall_status>Recruiting</overall_status>
  <start_date type="Anticipated">May 2020</start_date>
  <completion_date type="Anticipated">May 2020</completion_date>
  <primary_completion_date type="Anticipated">May 2020</primary_completion_date>
  <study_type>Observational</study_type>
  <has_expanded_access>No</has_expanded_access>
  <study_design_info>
    <observational_model>Cohort</observational_model>
    <time_perspective>Retrospective</time_perspective>
  </study_design_info>
  <primary_outcome>
    <measure>Invasive ventilation or death</measure>
    <time_frame>Up to 21 days</time_frame>
    <description>Days until invasive mechanical ventilation or death, whatever happened first.</description>
  </primary_outcome>
  <secondary_outcome>
    <measure>Ventilation</measure>
    <time_frame>Up to 21 days</time_frame>
    <description>Days until mechanical ventilation</description>
  </secondary_outcome>
  <secondary_outcome>
    <measure>Death</measure>
    <time_frame>Up to 21 days</time_frame>
    <description>Days until death</description>
  </secondary_outcome>
  <secondary_outcome>
    <measure>Secondary infections</measure>
    <time_frame>Up to 21 days</time_frame>
    <description>Proportion of patients developing secondary infections</description>
  </secondary_outcome>
  <secondary_outcome>
    <measure>Digestive tract hemorrhage</measure>
    <time_frame>Up to 21 days</time_frame>
    <description>Proportion of patients with digestive tract hemorrhage</description>
  </secondary_outcome>
  <secondary_outcome>
    <measure>Change in 7 points scale</measure>
    <time_frame>Day 21</time_frame>
    <description>Proportion of patients with imnprovement in 2 or more points in 7-point scale by WHO</description>
  </secondary_outcome>
  <number_of_groups>1</number_of_groups>
  <enrollment type="Anticipated">500</enrollment>
  <condition>COVID-19 Infection</condition>
  <arm_group>
    <arm_group_label>COVID-19 infection</arm_group_label>
    <description>Consecutive patients admitted to Spanish hospitals with laboratory-confirmed COVID-19 infection by real-time polymerase chain reaction (RT-PCR) assay for severe acute respiratory syndrome coronavirus 2 (SARS-CoV-2) who showed clinical and analytical data suggestive of macrophage activation syndrome during admission until March 30, 2020 .</description>
  </arm_group>
  <intervention>
    <intervention_type>Drug</intervention_type>
    <intervention_name>NO-Immunosuppressive</intervention_name>
    <description>Patients not receiving immunosuppressive drugs</description>
    <arm_group_label>COVID-19 infection</arm_group_label>
  </intervention>
  <intervention>
    <intervention_type>Drug</intervention_type>
    <intervention_name>Immunosuppressive</intervention_name>
    <description>Patients receiving immunosuppressive drugs (overall, and specific drugs)</description>
    <arm_group_label>COVID-19 infection</arm_group_label>
  </intervention>
  <intervention>
    <intervention_type>Drug</intervention_type>
    <intervention_name>Immunoglubulins</intervention_name>
    <description>Patients receiving immunoglubulins</description>
    <arm_group_label>COVID-19 infection</arm_group_label>
  </intervention>
  <eligibility>
    <study_pop>
      <textblock>
        Consecutive patients admitted to Spanish hospitals with laboratory-confirmed COVID-19
        infection by real-time polymerase chain reaction (RT-PCR) assay for severe acute
        respiratory syndrome coronavirus 2 (SARS-CoV-2) who showed clinical and analytical data
        suggestive of macrophage activation syndrome during admission until March 30, 2020 .
      </textblock>
    </study_pop>
    <sampling_method>Non-Probability Sample</sampling_method>
    <criteria>
      <textblock>
        Inclusion Criteria:

          -  Adult patients (≥18 years) admitted because of COVID-19 confirmed by PCR in
             nasopharyngeal swab or lower respiratory tract sample and presenting on a specific
             date (day 0) one clinical and one laboratory criteria of the following:

        Clinical criteria:

          -  Temperature ≥38ºC.

          -  Worsening in oxygen requirements to achieve O2 saturation &gt;92%.

        Laboratory criteria:

          -  Ferritin &gt;2000 ng/mL or increment in &gt;1000 ng/ML since admission.

          -  D-dimer &gt;1500 µg/mL (or duplicate in 24h)

          -  IL6 &gt;50 pg/mL.

        Exclusion Criteria:

          -  Mechanical ventilation in day 0.

          -  Decision of provide only palliative care before day 0.

          -  Use of systemic steroids, tocilizumab, other immunosupressors, or immunoglobulins
             before day 0.
      </textblock>
    </criteria>
    <gender>All</gender>
    <minimum_age>18 Years</minimum_age>
    <maximum_age>N/A</maximum_age>
    <healthy_volunteers>No</healthy_volunteers>
  </eligibility>
  <overall_contact>
    <last_name>Sánchez-Barriga</last_name>
    <phone>+34 600162652</phone>
    <email>maria.sanchezbarriga@juntadeandalucia.es</email>
  </overall_contact>
  <location>
    <facility>
      <name>Hospital Virgen Macarena</name>
      <address>
        <city>Sevilla</city>
        <zip>41071</zip>
        <country>Spain</country>
      </address>
    </facility>
    <status>Recruiting</status>
    <investigator>
      <last_name>Jesús Rodriguez-Baño, MD, PhD</last_name>
      <role>Principal Investigator</role>
    </investigator>
  </location>
  <location_countries>
    <country>Spain</country>
  </location_countries>
  <verification_date>May 2020</verification_date>
  <study_first_submitted>May 6, 2020</study_first_submitted>
  <study_first_submitted_qc>May 7, 2020</study_first_submitted_qc>
  <study_first_posted type="Actual">May 11, 2020</study_first_posted>
  <last_update_submitted>May 9, 2020</last_update_submitted>
  <last_update_submitted_qc>May 9, 2020</last_update_submitted_qc>
  <last_update_posted type="Actual">May 12, 2020</last_update_posted>
  <responsible_party>
    <responsible_party_type>Principal Investigator</responsible_party_type>
    <investigator_affiliation>Spanish Network for Research in Infectious Diseases</investigator_affiliation>
    <investigator_full_name>JESUS RODRIGUEZ BAÑO</investigator_full_name>
    <investigator_title>Head of the Infectious Diseases Service of the HU Virgen Macarena</investigator_title>
  </responsible_party>
  <keyword>COVID-19</keyword>
  <keyword>SARS-CoV-2</keyword>
  <keyword>Immunosuppressive</keyword>
  <keyword>Immunoglubulins</keyword>
  <intervention_browse>
    <!-- CAUTION:  The following MeSH terms are assigned with an imperfect algorithm            -->
    <mesh_term>Immunosuppressive Agents</mesh_term>
  </intervention_browse>
  <provided_document_section>
    <provided_document>
      <document_type>Study Protocol and Statistical Analysis Plan</document_type>
      <document_has_protocol>Yes</document_has_protocol>
      <document_has_icf>No</document_has_icf>
      <document_has_sap>Yes</document_has_sap>
      <document_date>April 7, 2020</document_date>
      <document_url>https://ClinicalTrials.gov/ProvidedDocs/81/NCT04382781/Prot_SAP_000.pdf</document_url>
    </provided_document>
  </provided_document_section>
  <!-- Results have not yet been posted for this study                                          -->
</clinical_study>

