<?xml version="1.0" encoding="UTF-8"?>
<clinical_study rank="2423">
  <!-- This xml conforms to an XML Schema at:
    https://clinicaltrials.gov/ct2/html/images/info/public.xsd -->
  <required_header>
    <download_date>ClinicalTrials.gov processed this data on September 22, 2020</download_date>
    <link_text>Link to the current ClinicalTrials.gov record.</link_text>
    <url>https://clinicaltrials.gov/show/NCT04455451</url>
  </required_header>
  <id_info>
    <org_study_id>DCIR</org_study_id>
    <nct_id>NCT04455451</nct_id>
  </id_info>
  <brief_title>Intensive Care Therapy of Covid-19 Disease in Germany</brief_title>
  <official_title>Intensive Care Therapy of Covid-19 Disease in Germany an Multi-center Observational Study</official_title>
  <sponsors>
    <lead_sponsor>
      <agency>University Hospital Tuebingen</agency>
      <agency_class>Other</agency_class>
    </lead_sponsor>
  </sponsors>
  <source>University Hospital Tuebingen</source>
  <oversight_info>
    <has_dmc>No</has_dmc>
    <is_fda_regulated_drug>No</is_fda_regulated_drug>
    <is_fda_regulated_device>No</is_fda_regulated_device>
  </oversight_info>
  <brief_summary>
    <textblock>
      Multi-center retrospective observational study of Covid-19 patients with severe or critical
      illness treated on a German ICU
    </textblock>
  </brief_summary>
  <overall_status>Enrolling by invitation</overall_status>
  <start_date type="Actual">August 6, 2020</start_date>
  <completion_date type="Anticipated">December 2021</completion_date>
  <primary_completion_date type="Anticipated">December 2020</primary_completion_date>
  <study_type>Observational</study_type>
  <has_expanded_access>No</has_expanded_access>
  <study_design_info>
    <observational_model>Cohort</observational_model>
    <time_perspective>Other</time_perspective>
  </study_design_info>
  <primary_outcome>
    <measure>Mortality</measure>
    <time_frame>up to 60 days</time_frame>
    <description>ICU Mortality of patients</description>
  </primary_outcome>
  <secondary_outcome>
    <measure>ICU length of stay</measure>
    <time_frame>up to 60 days</time_frame>
    <description>Intensive care unit length of stay</description>
  </secondary_outcome>
  <enrollment type="Anticipated">2000</enrollment>
  <condition>COVID</condition>
  <condition>ARDS</condition>
  <eligibility>
    <study_pop>
      <textblock>
        Adults admitted for ICU therapy due to severe or critical Covid-19
      </textblock>
    </study_pop>
    <sampling_method>Non-Probability Sample</sampling_method>
    <criteria>
      <textblock>
        Inclusion Criteria:

          -  Age above 18 years

          -  Covid-19 disease

        Exclusion Criteria:

        -none
      </textblock>
    </criteria>
    <gender>All</gender>
    <minimum_age>18 Years</minimum_age>
    <maximum_age>N/A</maximum_age>
    <healthy_volunteers>No</healthy_volunteers>
  </eligibility>
  <overall_official>
    <last_name>Peter Rosenberger, MD, PhD</last_name>
    <role>Principal Investigator</role>
    <affiliation>University Hospital Tübingen</affiliation>
  </overall_official>
  <overall_official>
    <last_name>Harry Magunia, MD</last_name>
    <role>Principal Investigator</role>
    <affiliation>University Hospital Tübingen</affiliation>
  </overall_official>
  <location>
    <facility>
      <name>RWTH Aachen - Department for operative Intensive Care Medicine and intermediate Care</name>
      <address>
        <city>Aachen</city>
        <country>Germany</country>
      </address>
    </facility>
  </location>
  <location>
    <facility>
      <name>UH Bochum - Department for Anesthesiology and Intensive Care Medicine</name>
      <address>
        <city>Bochum</city>
        <country>Germany</country>
      </address>
    </facility>
  </location>
  <location>
    <facility>
      <name>University Hospital Freiburg - Department for Anesthesiology and Intensive Care Medicine</name>
      <address>
        <city>Freiburg</city>
        <country>Germany</country>
      </address>
    </facility>
  </location>
  <location>
    <facility>
      <name>University Hospital Heidelberg - Department for Anesthesiologie and Intensive Care Medicine</name>
      <address>
        <city>Heidelberg</city>
        <country>Germany</country>
      </address>
    </facility>
  </location>
  <location>
    <facility>
      <name>Klinikum der Universität Witten/Herdecke - Köln / Klinik für Anästhesiologie und operative Intensivmedizin</name>
      <address>
        <city>Köln</city>
        <country>Germany</country>
      </address>
    </facility>
  </location>
  <location>
    <facility>
      <name>UKSH Campus Lübeck - Department for Anesthesiology and Intensive Care Medicine</name>
      <address>
        <city>Lübeck</city>
        <country>Germany</country>
      </address>
    </facility>
  </location>
  <location>
    <facility>
      <name>University Hospital Magdeburg - Department for Anesthesiology and Intensive Care Medicine</name>
      <address>
        <city>Magdeburg</city>
        <country>Germany</country>
      </address>
    </facility>
  </location>
  <location>
    <facility>
      <name>University Hospital Tübingen - Department for Anesthesiology and Intensive Care Medicine</name>
      <address>
        <city>Tübingen</city>
        <country>Germany</country>
      </address>
    </facility>
  </location>
  <location_countries>
    <country>Germany</country>
  </location_countries>
  <verification_date>August 2020</verification_date>
  <study_first_submitted>July 1, 2020</study_first_submitted>
  <study_first_submitted_qc>July 1, 2020</study_first_submitted_qc>
  <study_first_posted type="Actual">July 2, 2020</study_first_posted>
  <last_update_submitted>September 17, 2020</last_update_submitted>
  <last_update_submitted_qc>September 17, 2020</last_update_submitted_qc>
  <last_update_posted type="Estimate">September 18, 2020</last_update_posted>
  <responsible_party>
    <responsible_party_type>Sponsor</responsible_party_type>
  </responsible_party>
  <patient_data>
    <sharing_ipd>No</sharing_ipd>
  </patient_data>
  <!-- Results have not yet been posted for this study                                          -->
</clinical_study>

