<?xml version="1.0" encoding="UTF-8"?>
<clinical_study rank="1351">
  <!-- This xml conforms to an XML Schema at:
    https://clinicaltrials.gov/ct2/html/images/info/public.xsd -->
  <required_header>
    <download_date>ClinicalTrials.gov processed this data on September 22, 2020</download_date>
    <link_text>Link to the current ClinicalTrials.gov record.</link_text>
    <url>https://clinicaltrials.gov/show/NCT04383886</url>
  </required_header>
  <id_info>
    <org_study_id>69HCL20_0330</org_study_id>
    <nct_id>NCT04383886</nct_id>
  </id_info>
  <brief_title>Evaluation of Emergency Department (ED) Staff Stress Level During COVID-19 Pandemic</brief_title>
  <acronym>COVER-PRO</acronym>
  <official_title>Evaluation of Emergency Department (ED) Staff Stress Level During COVID-19 Pandemic</official_title>
  <sponsors>
    <lead_sponsor>
      <agency>Hospices Civils de Lyon</agency>
      <agency_class>Other</agency_class>
    </lead_sponsor>
  </sponsors>
  <source>Hospices Civils de Lyon</source>
  <oversight_info>
    <has_dmc>No</has_dmc>
    <is_fda_regulated_drug>No</is_fda_regulated_drug>
    <is_fda_regulated_device>No</is_fda_regulated_device>
  </oversight_info>
  <brief_summary>
    <textblock>
      In the context of the COVID-19 pandemic, Emergency Department (ED) are in front line for the
      reception of patients presenting COVID-19 symptoms and have to face a new situation given the
      expected number of patients. Staff participate in suspect patients triage, in the diagnosis
      and the management of Covid-19 patients, having to follow the instructions and
      recommendations that evolve in real time, depending on the stage, resources and means
      available. This situation requires that the staff immediately adaptation within this
      reorganization and redeployment of the activity. Then; they are subject to many stress and
      anxiety factors such as:

        -  Increased activity: massive influx of patients, overload of work, lack of material and
           human resources

        -  Modification of practices: training in procedures, measures isolation and prevention of
           contamination of other patients, replacement by professionals reassigned from other
           departments

        -  Ethical dilemma: decisions to be made in an emergency, patient prioritization

        -  Numerous, evolving information, from various sources and sometimes contradictory
           (national, governance, service, media)

        -  Individual: fear of personal contamination and of those close to you, personal
           organization in a situation of confinement of the population, loss of usual social
           support

        -  Anxiety and stress management of patients and relatives, their entourage and colleagues
           In this study, it is proposed to study the psychic impact of the COVID-19 pandemic on
           emergency department staff.
    </textblock>
  </brief_summary>
  <overall_status>Recruiting</overall_status>
  <start_date type="Actual">April 18, 2020</start_date>
  <completion_date type="Anticipated">August 18, 2020</completion_date>
  <primary_completion_date type="Anticipated">August 18, 2020</primary_completion_date>
  <study_type>Observational</study_type>
  <has_expanded_access>No</has_expanded_access>
  <study_design_info>
    <observational_model>Cohort</observational_model>
    <time_perspective>Prospective</time_perspective>
  </study_design_info>
  <primary_outcome>
    <measure>Change of emergency department staff's level of stress during the covid19 pandemic, measured using the Chamoux et Simard visual analogic scale</measure>
    <time_frame>Every 15 days from baseline to 3 months</time_frame>
    <description>The level of stress will be measured using the Chamoux et Simard visual analogic scale. This scale is composed of 3 subscales evaluating the stress level at work, at home and in the life in general. Each scale are rating from 0 to 10, 0 being the absence of stress and 10 the highest level of stress ever experienced a cotation at each scale greater than 6 will defined the presence of a stress.</description>
  </primary_outcome>
  <number_of_groups>1</number_of_groups>
  <enrollment type="Anticipated">200</enrollment>
  <condition>Emergency Department Staff During the COVID-19 Pandemic</condition>
  <condition>Emergency Department Staff's Level of Stress</condition>
  <arm_group>
    <arm_group_label>Emergency department staff</arm_group_label>
  </arm_group>
  <intervention>
    <intervention_type>Other</intervention_type>
    <intervention_name>stress and anxiety questionnaire</intervention_name>
    <description>Emergency department staff will be asked to fill in questionnaires in order to measure their stress and anxiety level, their propensity to have a burn-out, their consumption of psychoactive substances such as alcohol, tobacco, coffee or anxiolytic, their sleep disorder.</description>
    <arm_group_label>Emergency department staff</arm_group_label>
  </intervention>
  <eligibility>
    <study_pop>
      <textblock>
        Emergency department staff
      </textblock>
    </study_pop>
    <sampling_method>Non-Probability Sample</sampling_method>
    <criteria>
      <textblock>
        Inclusion Criteria:

          -  Adults

          -  medical and paramedical staff working the the emergency room permanently or
             specifically during the COVID19 pandemic

          -  not opposed to participate to this study

        Exclusion Criteria:

          -  Staff under legal protection

          -  refusing to participate
      </textblock>
    </criteria>
    <gender>All</gender>
    <minimum_age>18 Years</minimum_age>
    <maximum_age>N/A</maximum_age>
    <healthy_volunteers>No</healthy_volunteers>
  </eligibility>
  <overall_contact>
    <last_name>Marion DOUPLAT, MD</last_name>
    <phone>0478862854</phone>
    <phone_ext>+33</phone_ext>
    <email>marion.douplat@chu-lyon.fr</email>
  </overall_contact>
  <overall_contact_backup>
    <last_name>Julien BERTHILLER</last_name>
    <phone>0427856301</phone>
    <phone_ext>+33</phone_ext>
    <email>julien.berthiller@chu-lyon.fr</email>
  </overall_contact_backup>
  <location>
    <facility>
      <name>SAMU Hospices Civils de Lyon</name>
      <address>
        <city>Lyon</city>
        <zip>69003</zip>
        <country>France</country>
      </address>
    </facility>
    <status>Recruiting</status>
    <contact>
      <last_name>Karim TAZAROURTE, MD</last_name>
    </contact>
    <investigator>
      <last_name>Karim TAZAROURTE, MD</last_name>
      <role>Principal Investigator</role>
    </investigator>
  </location>
  <location>
    <facility>
      <name>Service d'accueil des urgences, Hôpital Edouard Herriot, Hospices Civlis de Lyon</name>
      <address>
        <city>Lyon</city>
        <zip>69003</zip>
        <country>France</country>
      </address>
    </facility>
    <status>Recruiting</status>
    <contact>
      <last_name>Laurent JACQUIN, MD</last_name>
    </contact>
    <investigator>
      <last_name>Laurent JACQUIN, MD</last_name>
      <role>Principal Investigator</role>
    </investigator>
  </location>
  <location>
    <facility>
      <name>Service d'accueil des urgences, Hôpital de la Croix-Rousse, Hospices Civils de Lyon</name>
      <address>
        <city>Lyon</city>
        <zip>69004</zip>
        <country>France</country>
      </address>
    </facility>
    <status>Recruiting</status>
    <contact>
      <last_name>Vanessa LABEYE, MD</last_name>
    </contact>
    <investigator>
      <last_name>Vanessa LABEYE, MD</last_name>
      <role>Principal Investigator</role>
    </investigator>
  </location>
  <location>
    <facility>
      <name>Service d'accueil des urgences, Hôpital Lyon Sud, Hospices Civils de Lyon</name>
      <address>
        <city>Pierre-Bénite</city>
        <zip>69310</zip>
        <country>France</country>
      </address>
    </facility>
    <status>Recruiting</status>
    <contact>
      <last_name>Marion DOUPLAT, MD</last_name>
    </contact>
    <investigator>
      <last_name>Marion DOUPLAT, MD</last_name>
      <role>Principal Investigator</role>
    </investigator>
  </location>
  <location>
    <facility>
      <name>Hôpital de Villefranche-sur-Saône</name>
      <address>
        <city>Villefranche-sur-Saône</city>
        <zip>69400</zip>
        <country>France</country>
      </address>
    </facility>
    <status>Recruiting</status>
    <contact>
      <last_name>Guillaume DURAND, MD</last_name>
    </contact>
    <investigator>
      <last_name>Guillaume DURAND, MD</last_name>
      <role>Principal Investigator</role>
    </investigator>
  </location>
  <location_countries>
    <country>France</country>
  </location_countries>
  <verification_date>April 2020</verification_date>
  <study_first_submitted>May 8, 2020</study_first_submitted>
  <study_first_submitted_qc>May 8, 2020</study_first_submitted_qc>
  <study_first_posted type="Actual">May 12, 2020</study_first_posted>
  <last_update_submitted>May 8, 2020</last_update_submitted>
  <last_update_submitted_qc>May 8, 2020</last_update_submitted_qc>
  <last_update_posted type="Actual">May 12, 2020</last_update_posted>
  <responsible_party>
    <responsible_party_type>Sponsor</responsible_party_type>
  </responsible_party>
  <keyword>COVID-19 pandemic</keyword>
  <keyword>level of stress</keyword>
  <keyword>emergency department staff</keyword>
  <condition_browse>
    <!-- CAUTION:  The following MeSH terms are assigned with an imperfect algorithm            -->
    <mesh_term>Emergencies</mesh_term>
  </condition_browse>
  <patient_data>
    <sharing_ipd>No</sharing_ipd>
  </patient_data>
  <!-- Results have not yet been posted for this study                                          -->
</clinical_study>

