<?xml version="1.0" encoding="UTF-8"?>
<clinical_study rank="2445">
  <!-- This xml conforms to an XML Schema at:
    https://clinicaltrials.gov/ct2/html/images/info/public.xsd -->
  <required_header>
    <download_date>ClinicalTrials.gov processed this data on September 22, 2020</download_date>
    <link_text>Link to the current ClinicalTrials.gov record.</link_text>
    <url>https://clinicaltrials.gov/show/NCT04380961</url>
  </required_header>
  <id_info>
    <org_study_id>CR108820</org_study_id>
    <secondary_id>CNTO136COV2001</secondary_id>
    <secondary_id>2020-003056-32</secondary_id>
    <nct_id>NCT04380961</nct_id>
  </id_info>
  <brief_title>A Study to Evaluate the Efficacy and Safety of Sirukumab in Confirmed Severe or Critical Confirmed Coronavirus Disease (COVID)-19</brief_title>
  <official_title>Phase 2, Randomized, Double-blind, Placebo-controlled Study to Evaluate the Efficacy and Safety of Sirukumab in Confirmed Severe or Critical COVID-19 Disease</official_title>
  <sponsors>
    <lead_sponsor>
      <agency>Janssen Pharmaceutica N.V., Belgium</agency>
      <agency_class>Industry</agency_class>
    </lead_sponsor>
  </sponsors>
  <source>Janssen Pharmaceutica N.V., Belgium</source>
  <oversight_info>
    <has_dmc>Yes</has_dmc>
    <is_fda_regulated_drug>Yes</is_fda_regulated_drug>
    <is_fda_regulated_device>No</is_fda_regulated_device>
  </oversight_info>
  <brief_summary>
    <textblock>
      The purpose of this study is to evaluate the clinical response of sirukumab (administered as
      a single intravenous dose) plus standard of care (SOC) compared to placebo plus SOC in
      COVID-19.
    </textblock>
  </brief_summary>
  <overall_status>Recruiting</overall_status>
  <start_date type="Actual">April 24, 2020</start_date>
  <completion_date type="Anticipated">August 6, 2021</completion_date>
  <primary_completion_date type="Anticipated">March 15, 2021</primary_completion_date>
  <phase>Phase 2</phase>
  <study_type>Interventional</study_type>
  <has_expanded_access>Yes</has_expanded_access>
  <study_design_info>
    <allocation>Randomized</allocation>
    <intervention_model>Parallel Assignment</intervention_model>
    <primary_purpose>Treatment</primary_purpose>
    <masking>Quadruple (Participant, Care Provider, Investigator, Outcomes Assessor)</masking>
  </study_design_info>
  <primary_outcome>
    <measure>Time to Improvement of at Least 2 Categories Relative to Baseline on the 6-Point Ordinal Clinical Recovery Scale</measure>
    <time_frame>Up to Day 28</time_frame>
    <description>Time to improvement is defined as an improvement of at least 2 categories relative to baseline on the 6-point ordinal clinical recovery scale. The 6-point ordinal clinical recovery scale provides 6 mutually exclusive conditions ordered from best to worst, and the score reflects the participant's worst situation on the day assessed. The ordinal clinical recovery scale categories are : not hospitalized (category 1); Hospitalization; not requiring supplemental oxygen (category 2); hospitalized, requiring low flow supplemental oxygen (category 3); hospitalized, on non-invasive pressure ventilation or high flow oxygen devices (category 4); hospitalized, on invasive mechanical ventilation or extracorporeal membrane oxygenation (ECMO (category 5); death (category 6).</description>
  </primary_outcome>
  <secondary_outcome>
    <measure>Percentage of Participants with an Improvement of at Least 2 Categories Relative to Baseline on the 6-Point Ordinal Clinical Recovery Scale on Day 28</measure>
    <time_frame>Day 28</time_frame>
    <description>Percentage of participants with an improvement of at Least 2 categories relative to baseline on the 6-point ordinal clinical recovery scale on Day 28 will be reported.</description>
  </secondary_outcome>
  <secondary_outcome>
    <measure>Percentage of Participants with All-cause Mortality</measure>
    <time_frame>Up to Day 28</time_frame>
    <description>Percentage of participants with all-cause mortality will be reported.</description>
  </secondary_outcome>
  <secondary_outcome>
    <measure>Percentage of Participants with Serious Adverse Events (SAEs)</measure>
    <time_frame>Up to Day 28</time_frame>
    <description>A SAE is any adverse event (AE) that results in: death, is life-threatening, requires inpatient hospitalization or prolongation of existing hospitalization, results in persistent or significant disability/incapacity, is a congenital anomaly/birth defect and is a suspected transmission of any infectious agent via a medicinal product, is medically important.</description>
  </secondary_outcome>
  <secondary_outcome>
    <measure>Percentage of Participants with Related Adverse Events</measure>
    <time_frame>Up to Day 28</time_frame>
    <description>An AE is any untoward medical occurrence in a clinical study participant administered a medicinal (investigational or non-investigational) product.</description>
  </secondary_outcome>
  <secondary_outcome>
    <measure>Percentage of Participants with Severe or Life Threatening Bacterial, Invasive Fungal, Viral or Opportunistic Infections</measure>
    <time_frame>Up to Day 28</time_frame>
    <description>Percentage of participants with severe or life-threatening, bacterial, invasive fungal, viral or opportunistic infections (other than severe acute respiratory syndrome coronavirus 2 [SARS-CoV-2]) will be reported.</description>
  </secondary_outcome>
  <secondary_outcome>
    <measure>Percentage of Participants with Grade 3 and 4 Neutropenia</measure>
    <time_frame>Up to Day 28</time_frame>
    <description>Percentage of participants with grade 3 (severe) or 4 (life-threatening) neutropenia will be reported.</description>
  </secondary_outcome>
  <secondary_outcome>
    <measure>Percentage of Participants with Grade 3 and 4 Lymphocytopenia</measure>
    <time_frame>Up to Day 28</time_frame>
    <description>Percentage of participants with grade 3 (severe) or 4 (life-threatening) lymphocytopenia will be reported.</description>
  </secondary_outcome>
  <secondary_outcome>
    <measure>Percentage of Participants with Increased Alanine Aminotransferase (ALT) Greater than or equal to 3 Times Upper Limit of Normal (ULN) Combined with Increased Bilirubin &gt; 2 Times ULN</measure>
    <time_frame>Up to Day 28</time_frame>
    <description>Percentage of participants with increased ALT &gt;=3 times ULN combined with increased bilirubin &gt;2 times ULN (up to Day 28) will be reported.</description>
  </secondary_outcome>
  <secondary_outcome>
    <measure>Time to Improvement of at least 1 Category Relative to Baseline on the 6-Point Ordinal Clinical Recovery Scale</measure>
    <time_frame>Up to Day 28</time_frame>
    <description>Time to improvement of at least 1 category relative to baseline on the 6-point ordinal clinical recovery scale will be reported.</description>
  </secondary_outcome>
  <secondary_outcome>
    <measure>Percentage of Participants with an Improvement of at Least 1 Category Relative to Baseline on the 6-Point Ordinal Clinical Recovery Scale on Day 28</measure>
    <time_frame>Day 28</time_frame>
    <description>Percentage of participants with an improvement of at Least 1 category relative to baseline on the 6-point ordinal clinical recovery scale on Day 28 will be reported.</description>
  </secondary_outcome>
  <secondary_outcome>
    <measure>Time from Study Intervention to end of Oxygen Supplementation</measure>
    <time_frame>Up to Day 28</time_frame>
    <description>Time from study intervention to end of oxygen supplementation is defined as achieving category 1 or 2 on the 6-point ordinal clinical recovery scale.</description>
  </secondary_outcome>
  <secondary_outcome>
    <measure>Time from Study Intervention to Hospital Discharge Among the Surviving Participants</measure>
    <time_frame>Up to Day 28</time_frame>
    <description>Time from study intervention to hospital discharge among the surviving participants will be reported.</description>
  </secondary_outcome>
  <secondary_outcome>
    <measure>Total Length of Hospitalization</measure>
    <time_frame>Up to Day 28</time_frame>
    <description>Total length of hospitalization (days from admission to hospital discharge) among the surviving participants will be reported.</description>
  </secondary_outcome>
  <secondary_outcome>
    <measure>Number of Ventilation Free Days</measure>
    <time_frame>Up to Day 28</time_frame>
    <description>Number of Ventilation free Days will be reported.</description>
  </secondary_outcome>
  <secondary_outcome>
    <measure>Participant's Clinical Status at Day 7, 14, 21, 28 as Assessed by 6-Point Ordinal Clinical Recovery Scale</measure>
    <time_frame>Day 7, 14, 21, 28</time_frame>
    <description>Participant's clinical status at Day 7, 14, 21, 28 will be assessed by 6-point ordinal clinical recovery scale.</description>
  </secondary_outcome>
  <secondary_outcome>
    <measure>Total Time on Invasive Mechanical Ventilation</measure>
    <time_frame>Up to Day 28</time_frame>
    <description>Total time on invasive mechanical ventilation will be reported.</description>
  </secondary_outcome>
  <secondary_outcome>
    <measure>Percentage of Participants with a Worse Category Relative to Baseline on the 6-Point Ordinal Clinical Recovery Scale over Time</measure>
    <time_frame>From Day 5 up to Day 28</time_frame>
    <description>Percentage of participants with a worsening of at least 1 category on the 6-point ordinal clinical recovery scale over time (between Day 5 and Day 28) will be reported.</description>
  </secondary_outcome>
  <secondary_outcome>
    <measure>Percentage of Participants on Extracorporeal Membrane Oxygenation (ECMO) Over Time</measure>
    <time_frame>Up to Day 28</time_frame>
    <description>Percentage participants on ECMO over time will be reported.</description>
  </secondary_outcome>
  <secondary_outcome>
    <measure>Total Time on ECMO</measure>
    <time_frame>Up to Day 28</time_frame>
    <description>Total time on ECMO will be reported.</description>
  </secondary_outcome>
  <secondary_outcome>
    <measure>Percentage of Alive Participants at Day 28, Week 8 and Week 16</measure>
    <time_frame>Day 28, Week 8 and Week 16</time_frame>
    <description>Percentage of alive participants at Day 28, Week 8 and Week 16 will be reported.</description>
  </secondary_outcome>
  <secondary_outcome>
    <measure>Percentage of Alive Participants that Required Readmission at Week 8 and Week 16</measure>
    <time_frame>Week 8 and Week 16</time_frame>
    <description>Percentage of alive participants that required readmission (if previously discharged) at Week 8 and Week 16 will be reported.</description>
  </secondary_outcome>
  <secondary_outcome>
    <measure>Percentage of Participants with Serious Adverse Events (SAEs)</measure>
    <time_frame>Up to Week 16</time_frame>
    <description>A SAE is any adverse event (AE) that results in: death, is life-threatening, requires inpatient hospitalization or prolongation of existing hospitalization, results in persistent or significant disability/incapacity, is a congenital anomaly/birth defect and is a suspected transmission of any infectious agent via a medicinal product, is medically important.</description>
  </secondary_outcome>
  <number_of_arms>2</number_of_arms>
  <enrollment type="Anticipated">270</enrollment>
  <condition>Severe or Critical Confirmed Coronavirus Disease (COVID)-19</condition>
  <arm_group>
    <arm_group_label>Sirukumab</arm_group_label>
    <arm_group_type>Experimental</arm_group_type>
    <description>Participants will receive single intravenously (IV) dose infusion of sirukumab 5 milligram per kilogram (mg/kg) on Day 1 along with standard of care treatment.</description>
  </arm_group>
  <arm_group>
    <arm_group_label>Placebo</arm_group_label>
    <arm_group_type>Placebo Comparator</arm_group_type>
    <description>Participants will receive IV single dose infusion of placebo on Day 1 along with standard of care treatment.</description>
  </arm_group>
  <intervention>
    <intervention_type>Drug</intervention_type>
    <intervention_name>Sirukumab</intervention_name>
    <description>Participants will receive sirukumab 5 mg/kg IV single dose infusion on Day 1.</description>
    <arm_group_label>Sirukumab</arm_group_label>
    <other_name>CNTO136</other_name>
  </intervention>
  <intervention>
    <intervention_type>Drug</intervention_type>
    <intervention_name>Placebo</intervention_name>
    <description>Participants will receive placebo IV single dose infusion on Day 1.</description>
    <arm_group_label>Placebo</arm_group_label>
  </intervention>
  <intervention>
    <intervention_type>Other</intervention_type>
    <intervention_name>Standard of Care (SOC)</intervention_name>
    <description>SOC treatment will be determined by the investigator based on local practice and consists of supportive care.</description>
    <arm_group_label>Placebo</arm_group_label>
    <arm_group_label>Sirukumab</arm_group_label>
  </intervention>
  <eligibility>
    <criteria>
      <textblock>
        Inclusion Criteria:

          -  Hospitalized

          -  Has laboratory-confirmed severe acute respiratory syndrome coronavirus 2 (SARS-CoV-2)
             infection as determined by real time-polymerase chain reaction (PCR) or any other
             approved or authorized for (emergency) use commercial or public health assay, at any
             time before randomization

          -  Evidence of infiltrates by chest X-ray, chest computed tomography (CT), lung
             ultrasound, or chest auscultation (rales, crackles)

          -  Informed consent must be obtained from the participant indicating that he or she
             understands the purpose of, and procedures required for, the study and is willing to
             participate in the study

          -  SEVERE OR CRITICAL COVID-19 DISEASE: Severe disease: requires supplemental oxygen
             administration by nasal cannula, simple face mask, or other similar oxygen delivery
             device. Critical disease: Requires supplemental oxygen delivered by nonrebreather mask
             or high-flow nasal cannula or use of non-invasive or invasive ventilation or requiring
             treatment in an intensive care unit.

        AND at least one of the following: Not receiving supplemental oxygen and having a
        peripheral capillary oxygen saturation (SpO2) of &lt;=93% sustained for 5 minutes (corresponds
        to category 3 on the 6-point ordinal scale) OR receiving supplemental oxygen to sustain a
        peripheral capillary oxygen saturation (SpO2) greater than (&gt;) 93 percent (%) regardless of
        device/route used, OR partial pressure of oxygen in arterial per percentage of inspired
        oxygen (PaO2/FiO2) ratio &lt; 300 millimeter of mercury (mmHg) while on invasive mechanical
        ventilation or veno-venous ECMO for less than 48 hours prior to screening) (corresponds to
        category 5 on the 6-point ordinal scale)

        Exclusion Criteria:

          -  On invasive mechanical ventilation or on veno-venous ECMO for &gt;48 hours at time of
             screening

          -  Received an investigational intervention (including investigational vaccines) or used
             an invasive investigational medical device within 30 days before the planned dose of
             study intervention. Note: the investigator must ensure that the participant is not
             enrolled in another COVID-19 study with an investigational intervention (apart from
             the exception specified below) prior to completion of Day 28 of the current study.
             Exception: participation in a single arm study, a non-blinded controlled study,
             expanded access, compassionate use program or any other program that is not a blinded
             study is allowed if it is conducted with one of the following: agents with
             demonstrated in vitro-effect against SARSCoV- 2, as mentioned in the center of disease
             control and prevention (CDC) guidelines and convalescent plasma

          -  Current confirmed or high suspicion for pulmonary embolus, hemodynamic significant
             pericardial effusion, myocarditis, or Class 3 or 4 congestive heart failure as defined
             by the New York Heart Association Functional Classification AND/OR Current evidence of
             active cardiac ischemia

          -  Has a history of respiratory condition (that is, asthma, chronic obstructive pulmonary
             disease (COPD), cystic fibrosis, fibrotic lung disease) that requires home oxygen
             supplementation, supportive non-invasive ventilation or, is status/post lung volume
             reduction surgery (LVRS). Exception: Participants with sleep apnea using supportive
             non-invasive ventilation (continuous positive airway pressure [CPAP]) at screening may
             be included

          -  On renal replacement therapy (defined as peritoneal dialysis or hemodialysis)

          -  Screening laboratory test result as follows: absolute neutrophil count (ANC) &lt;1.0*10^3
             cells/microliter; Platelet count &lt;50*10^3 cells/microliter; estimated glomerular
             filtration rate (eGFR) &lt;=30 milliliter per minute per 1.73 square meter (mL/min/1.73
             m^2); Bilirubin &gt;2* upper limit of normal (ULN) unless bilirubin rise is due to
             Gilbert's syndrome or of non-hepatic origin; alanine aminotransferase/ aspartate
             aminotransferase (ALT) &gt;5*ULN; Prothrombin time (PT)/international normalized ratio
             (INR) &gt;1.5*ULN or activated partial thromboplastin time (aPTT) &gt;1.5*ULN related to
             known coagulopathy or bleeding disorder (the participant can receive anticoagulant
             therapies for underlying conditions, or as systematic thromboprophylaxis due to
             COVID-19, or as part of the treatment of complications of COVID-19, but cannot
             participate in a clinical study with anticoagulants for COVID-19)

          -  Pregnant or breastfeeding, unless in the opinion of the investigator, the benefit
             outweighs the risks

          -  Has active hepatitis B or C infection or human immunodeficiency virus infection or
             acquired immune deficiency syndrome (HIV/AIDS) based on medical history and/or
             concomitant medication

          -  Known active tuberculosis (TB), history of incompletely treated TB, suspected or known
             extrapulmonary TB based on medical history and/or concomitant medication

          -  Evidence of active bacterial (including but not limited to bacterial pneumonia),
             fungal, viral or opportunistic infection (other than SARS-CoV-2)

          -  Currently active clinically significant (example, causing hemodynamic instability
             and/or causing hypoxemia) and uncontrolled arrhythmia
      </textblock>
    </criteria>
    <gender>All</gender>
    <minimum_age>18 Years</minimum_age>
    <maximum_age>84 Years</maximum_age>
    <healthy_volunteers>No</healthy_volunteers>
  </eligibility>
  <overall_official>
    <last_name>Janssen Pharmaceutica N.V., Belgium Clinical Trial</last_name>
    <role>Study Director</role>
    <affiliation>Janssen Pharmaceutica N.V., Belgium</affiliation>
  </overall_official>
  <overall_contact>
    <last_name>Study Contact</last_name>
    <phone>844-434-4210</phone>
    <email>JNJ.CT@sylogent.com</email>
  </overall_contact>
  <location>
    <facility>
      <name>UCSF Fresno</name>
      <address>
        <city>Fresno</city>
        <state>California</state>
        <zip>93701</zip>
        <country>United States</country>
      </address>
    </facility>
    <status>Not yet recruiting</status>
  </location>
  <location>
    <facility>
      <name>MemorialCare Research Miller Children's and Women's Hospital Long Beach</name>
      <address>
        <city>Long Beach</city>
        <state>California</state>
        <zip>90806</zip>
        <country>United States</country>
      </address>
    </facility>
    <status>Not yet recruiting</status>
  </location>
  <location>
    <facility>
      <name>Hoag Memorial Hospital</name>
      <address>
        <city>Newport Beach</city>
        <state>California</state>
        <zip>92663</zip>
        <country>United States</country>
      </address>
    </facility>
    <status>Not yet recruiting</status>
  </location>
  <location>
    <facility>
      <name>Holy Cross Hospital - Michael and Dianne Bienes Comprehensive Cancer Center</name>
      <address>
        <city>Fort Lauderdale</city>
        <state>Florida</state>
        <zip>33308</zip>
        <country>United States</country>
      </address>
    </facility>
    <status>Not yet recruiting</status>
  </location>
  <location>
    <facility>
      <name>The Corporation of Mercer University</name>
      <address>
        <city>Macon</city>
        <state>Georgia</state>
        <zip>31201</zip>
        <country>United States</country>
      </address>
    </facility>
    <status>Not yet recruiting</status>
  </location>
  <location>
    <facility>
      <name>Loyola University Medical Center</name>
      <address>
        <city>Maywood</city>
        <state>Illinois</state>
        <zip>60153</zip>
        <country>United States</country>
      </address>
    </facility>
    <status>Recruiting</status>
  </location>
  <location>
    <facility>
      <name>University of Illinois College of Medicine at Peoria</name>
      <address>
        <city>Peoria</city>
        <state>Illinois</state>
        <zip>61637</zip>
        <country>United States</country>
      </address>
    </facility>
    <status>Recruiting</status>
  </location>
  <location>
    <facility>
      <name>Louisiana State University Health Sciences Center</name>
      <address>
        <city>New Orleans</city>
        <state>Louisiana</state>
        <zip>70012</zip>
        <country>United States</country>
      </address>
    </facility>
    <status>Recruiting</status>
  </location>
  <location>
    <facility>
      <name>Henry Ford Hospital</name>
      <address>
        <city>Detroit</city>
        <state>Michigan</state>
        <zip>48202</zip>
        <country>United States</country>
      </address>
    </facility>
    <status>Recruiting</status>
  </location>
  <location>
    <facility>
      <name>Beaumont Health Systems</name>
      <address>
        <city>Royal Oak</city>
        <state>Michigan</state>
        <zip>48073</zip>
        <country>United States</country>
      </address>
    </facility>
    <status>Recruiting</status>
  </location>
  <location>
    <facility>
      <name>Washington University School of Medicine</name>
      <address>
        <city>Saint Louis</city>
        <state>Missouri</state>
        <zip>63110</zip>
        <country>United States</country>
      </address>
    </facility>
    <status>Recruiting</status>
  </location>
  <location>
    <facility>
      <name>Mercury Street Medical Group, PLLC</name>
      <address>
        <city>Butte</city>
        <state>Montana</state>
        <zip>59701</zip>
        <country>United States</country>
      </address>
    </facility>
    <status>Recruiting</status>
  </location>
  <location>
    <facility>
      <name>Saint Michael's Medical Center - Infectious Disease</name>
      <address>
        <city>Newark</city>
        <state>New Jersey</state>
        <zip>07102</zip>
        <country>United States</country>
      </address>
    </facility>
    <status>Recruiting</status>
  </location>
  <location>
    <facility>
      <name>SUNY Upstate Medical University</name>
      <address>
        <city>Syracuse</city>
        <state>New York</state>
        <zip>13210</zip>
        <country>United States</country>
      </address>
    </facility>
    <status>Recruiting</status>
  </location>
  <location>
    <facility>
      <name>East Carolina University</name>
      <address>
        <city>Greenville</city>
        <state>North Carolina</state>
        <zip>27834</zip>
        <country>United States</country>
      </address>
    </facility>
    <status>Recruiting</status>
  </location>
  <location>
    <facility>
      <name>Baylor Scott &amp; White Research Institute</name>
      <address>
        <city>Dallas</city>
        <state>Texas</state>
        <zip>75246</zip>
        <country>United States</country>
      </address>
    </facility>
    <status>Recruiting</status>
  </location>
  <location>
    <facility>
      <name>Baylor All Saints Medical Center at Fort Worth</name>
      <address>
        <city>Fort Worth</city>
        <state>Texas</state>
        <zip>76104</zip>
        <country>United States</country>
      </address>
    </facility>
    <status>Not yet recruiting</status>
  </location>
  <location>
    <facility>
      <name>Texas Health Research &amp; Education Institute</name>
      <address>
        <city>Fort Worth</city>
        <state>Texas</state>
        <zip>76104</zip>
        <country>United States</country>
      </address>
    </facility>
    <status>Not yet recruiting</status>
  </location>
  <location>
    <facility>
      <name>Hospital Italiano de Buenos Aires</name>
      <address>
        <city>Buenos Aires</city>
        <zip>C1199ABD</zip>
        <country>Argentina</country>
      </address>
    </facility>
    <status>Withdrawn</status>
  </location>
  <location>
    <facility>
      <name>Instituto de infectologia Emilio Ribas</name>
      <address>
        <city>São Paulo</city>
        <zip>01246-900</zip>
        <country>Brazil</country>
      </address>
    </facility>
    <status>Withdrawn</status>
  </location>
  <location>
    <facility>
      <name>Federal Siberian Scientific Clinical Center of Federal Medical-Biological Agency</name>
      <address>
        <city>Krasnoyarsk</city>
        <zip>660037</zip>
        <country>Russian Federation</country>
      </address>
    </facility>
    <status>Not yet recruiting</status>
  </location>
  <location>
    <facility>
      <name>Central Scientific-Research Institute of Epidemiology</name>
      <address>
        <city>Moscow</city>
        <zip>111123</zip>
        <country>Russian Federation</country>
      </address>
    </facility>
    <status>Not yet recruiting</status>
  </location>
  <location>
    <facility>
      <name>Central Clinical Hospital and Out-patient Clinic of Russian Federation</name>
      <address>
        <city>Moscow</city>
        <zip>121359</zip>
        <country>Russian Federation</country>
      </address>
    </facility>
    <status>Not yet recruiting</status>
  </location>
  <location>
    <facility>
      <name>Infectious Clinical Hospital #1 Of The Moscow City Health Department</name>
      <address>
        <city>Moscow</city>
        <zip>125367</zip>
        <country>Russian Federation</country>
      </address>
    </facility>
    <status>Not yet recruiting</status>
  </location>
  <location>
    <facility>
      <name>Scientific-Research Emergency Institute n.a. N.V. Sklifosovskiy</name>
      <address>
        <city>Moscow</city>
        <zip>129090</zip>
        <country>Russian Federation</country>
      </address>
    </facility>
    <status>Not yet recruiting</status>
  </location>
  <location>
    <facility>
      <name>City Clinical Hospital #40</name>
      <address>
        <city>Moscow</city>
        <zip>129301</zip>
        <country>Russian Federation</country>
      </address>
    </facility>
    <status>Not yet recruiting</status>
  </location>
  <location>
    <facility>
      <name>Hospital for War Veterans</name>
      <address>
        <city>St-Petersburg</city>
        <zip>193079</zip>
        <country>Russian Federation</country>
      </address>
    </facility>
    <status>Not yet recruiting</status>
  </location>
  <location>
    <facility>
      <name>Clinical Infectious Diseases Hospital n. a. S.P. Botkin</name>
      <address>
        <city>St. Petersburg</city>
        <zip>195067</zip>
        <country>Russian Federation</country>
      </address>
    </facility>
    <status>Not yet recruiting</status>
  </location>
  <location>
    <facility>
      <name>City Hospital# 40</name>
      <address>
        <city>St.Petersburg</city>
        <zip>197706</zip>
        <country>Russian Federation</country>
      </address>
    </facility>
    <status>Not yet recruiting</status>
  </location>
  <location>
    <facility>
      <name>Ulyanovsk Central City Clinical Hospital</name>
      <address>
        <city>Ulyanovsk</city>
        <zip>432057</zip>
        <country>Russian Federation</country>
      </address>
    </facility>
    <status>Not yet recruiting</status>
  </location>
  <location>
    <facility>
      <name>Karl Bremer Hospital</name>
      <address>
        <city>Bellville</city>
        <zip>7530</zip>
        <country>South Africa</country>
      </address>
    </facility>
    <status>Not yet recruiting</status>
  </location>
  <location>
    <facility>
      <name>Dr Kalla</name>
      <address>
        <city>Lenasia</city>
        <zip>1820</zip>
        <country>South Africa</country>
      </address>
    </facility>
    <status>Not yet recruiting</status>
  </location>
  <location>
    <facility>
      <name>Univ of Stellenbosch Respiratory Research Unit</name>
      <address>
        <city>Parow</city>
        <zip>7506</zip>
        <country>South Africa</country>
      </address>
    </facility>
    <status>Not yet recruiting</status>
  </location>
  <location>
    <facility>
      <name>Into Research</name>
      <address>
        <city>Pretoria</city>
        <zip>0181</zip>
        <country>South Africa</country>
      </address>
    </facility>
    <status>Not yet recruiting</status>
  </location>
  <location>
    <facility>
      <name>Mediclinic Victoria Hospital</name>
      <address>
        <city>Tongaat</city>
        <zip>4400</zip>
        <country>South Africa</country>
      </address>
    </facility>
    <status>Not yet recruiting</status>
  </location>
  <location>
    <facility>
      <name>Hosp. Univ. A Coruña</name>
      <address>
        <city>A Coruña</city>
        <zip>15006</zip>
        <country>Spain</country>
      </address>
    </facility>
    <status>Not yet recruiting</status>
  </location>
  <location>
    <facility>
      <name>Hosp. Gral. Univ. de Elche</name>
      <address>
        <city>Elche</city>
        <zip>3203</zip>
        <country>Spain</country>
      </address>
    </facility>
    <status>Not yet recruiting</status>
  </location>
  <location>
    <facility>
      <name>Hosp. Clinico San Carlos</name>
      <address>
        <city>Madrid</city>
        <zip>28040</zip>
        <country>Spain</country>
      </address>
    </facility>
    <status>Not yet recruiting</status>
  </location>
  <location>
    <facility>
      <name>Hosp. Univ. 12 de Octubre</name>
      <address>
        <city>Madrid</city>
        <zip>28051</zip>
        <country>Spain</country>
      </address>
    </facility>
    <status>Not yet recruiting</status>
  </location>
  <location>
    <facility>
      <name>Hosp. Gral. Univ. Valencia</name>
      <address>
        <city>Valencia</city>
        <zip>46014</zip>
        <country>Spain</country>
      </address>
    </facility>
    <status>Not yet recruiting</status>
  </location>
  <location_countries>
    <country>Argentina</country>
    <country>Brazil</country>
    <country>Russian Federation</country>
    <country>South Africa</country>
    <country>Spain</country>
    <country>United States</country>
  </location_countries>
  <removed_countries>
    <country>Mexico</country>
  </removed_countries>
  <link>
    <url>http://pam.sylogent.com/cr/CR108820</url>
    <description>To learn how to participate in this trial please click here.</description>
  </link>
  <verification_date>September 2020</verification_date>
  <study_first_submitted>May 7, 2020</study_first_submitted>
  <study_first_submitted_qc>May 7, 2020</study_first_submitted_qc>
  <study_first_posted type="Actual">May 8, 2020</study_first_posted>
  <last_update_submitted>September 1, 2020</last_update_submitted>
  <last_update_submitted_qc>September 1, 2020</last_update_submitted_qc>
  <last_update_posted type="Actual">September 2, 2020</last_update_posted>
  <responsible_party>
    <responsible_party_type>Sponsor</responsible_party_type>
  </responsible_party>
  <condition_browse>
    <!-- CAUTION:  The following MeSH terms are assigned with an imperfect algorithm            -->
    <mesh_term>Coronavirus Infections</mesh_term>
  </condition_browse>
  <patient_data>
    <sharing_ipd>Yes</sharing_ipd>
    <ipd_description>The data sharing policy of the Janssen Pharmaceutical Companies of Johnson &amp; Johnson is available at www.janssen.com/clinical-trials/transparency.
As noted on this site, requests for access to the study data can be submitted through Yale Open Data Access (YODA) Project site at yoda.yale.edu</ipd_description>
    <ipd_url>https://www.janssen.com/clinical-trials/transparency</ipd_url>
  </patient_data>
  <!-- Results have not yet been posted for this study                                          -->
</clinical_study>

