<?xml version="1.0" encoding="UTF-8"?>
<clinical_study rank="915">
  <!-- This xml conforms to an XML Schema at:
    https://clinicaltrials.gov/ct2/html/images/info/public.xsd -->
  <required_header>
    <download_date>ClinicalTrials.gov processed this data on September 22, 2020</download_date>
    <link_text>Link to the current ClinicalTrials.gov record.</link_text>
    <url>https://clinicaltrials.gov/show/NCT04320732</url>
  </required_header>
  <id_info>
    <org_study_id>REK-124170</org_study_id>
    <nct_id>NCT04320732</nct_id>
  </id_info>
  <brief_title>Risk Factors for Community- and Workplace Transmission of COVID-19</brief_title>
  <official_title>Risk Factors for Community- and Workplace Transmission of COVID-19</official_title>
  <sponsors>
    <lead_sponsor>
      <agency>Oslo University Hospital</agency>
      <agency_class>Other</agency_class>
    </lead_sponsor>
    <collaborator>
      <agency>Age Labs AS</agency>
      <agency_class>Other</agency_class>
    </collaborator>
  </sponsors>
  <source>Oslo University Hospital</source>
  <oversight_info>
    <has_dmc>No</has_dmc>
    <is_fda_regulated_drug>No</is_fda_regulated_drug>
    <is_fda_regulated_device>No</is_fda_regulated_device>
  </oversight_info>
  <brief_summary>
    <textblock>
      The project is an epidemiological observational study based on an electronic questionnaire on
      risk factors for COVID-19 in the community and healthcare setting.
    </textblock>
  </brief_summary>
  <detailed_description>
    <textblock>
      Summary The data collected will identify real-life risk factors for getting the COVID-19
      diagnosis.

      The Oslo University Hospital/University of Oslo web-based solution &quot;nettskjema&quot; will be used
      to collect data and consent forms.

      The impact of knowing the risk factors for COVID-19 is tremendous because it can enable
      governments to conduct more targeted public health measurements than today to reduce the
      spread of the virus.

      Detailed description Research into an ongoing COVID-19 outbreak is difficult because patients
      are isolated, and supplies of personal protective equipment (PPE) supplies are limited. The
      risk of transmission to study personal is non-negligible even when PPE is available.

      A study design based on an electronic questionnaire and consent from delivered from the Oslo
      University Hospital/University of Oslo, GDPR (General Data Protection Regulation) compliant
      &quot;TSD&quot; service has therefore been chosen.

      The study will be a case-control study based on a combined electronic consent form and
      questionnaire that the participants will fill in using a smartphone and electronic
      identification.

      The groups that will be included are:

        -  Hospitalized and non-hospitalized patients/persons with COVID-19 at all stages of the
           disease and after the disease

        -  Hospitalized patients without COVID-19

        -  Healthcare personal or other groups with an increased risk of COVID-19

        -  Healthy volunteers

      Participants may be followed with repeated questionnaires prospectively.

      Biological samples Biological samples may hold crucial information about the susceptibility
      to COVID-19 and for susceptibility to the progression of the disease. It is within the scope
      of the study to analyze such samples from a limited number of participants which will be
      asked to provide such samples or hospitalized patients that have surplus material. The
      material will be analyzed with non-genetic methods most suitable to provide such information.
    </textblock>
  </detailed_description>
  <overall_status>Recruiting</overall_status>
  <start_date type="Actual">March 27, 2020</start_date>
  <completion_date type="Anticipated">March 20, 2030</completion_date>
  <primary_completion_date type="Anticipated">March 27, 2022</primary_completion_date>
  <study_type>Observational</study_type>
  <has_expanded_access>No</has_expanded_access>
  <study_design_info>
    <observational_model>Case-Control</observational_model>
    <time_perspective>Prospective</time_perspective>
  </study_design_info>
  <primary_outcome>
    <measure>Rate of COVID-19 infection</measure>
    <time_frame>1 year</time_frame>
    <description>Diagnosed with serology or direct viral detection</description>
  </primary_outcome>
  <number_of_groups>5</number_of_groups>
  <enrollment type="Anticipated">250000</enrollment>
  <condition>Coronavirus</condition>
  <arm_group>
    <arm_group_label>Individuals with COVID-19 infection</arm_group_label>
    <description>Confirmed by routine laboratory diagnosis. All types of COVID-19 disease from asymptomatic carriers to hospitalized patients can be included.
Only subjects &gt;18 years old will be included in the study.</description>
  </arm_group>
  <arm_group>
    <arm_group_label>Individuals tested for COVID-19 infection with negative test</arm_group_label>
    <description>Confirmed by routine laboratory diagnosis</description>
  </arm_group>
  <arm_group>
    <arm_group_label>Healthy individuals</arm_group_label>
    <description>Recruitet from the general population</description>
  </arm_group>
  <arm_group>
    <arm_group_label>Risk groups for COVID-19 exposure</arm_group_label>
    <description>Including, but not limited to healthcare workers.</description>
  </arm_group>
  <arm_group>
    <arm_group_label>Patients admitted to hospital</arm_group_label>
    <description>Without COVID-19 infection.</description>
  </arm_group>
  <intervention>
    <intervention_type>Behavioral</intervention_type>
    <intervention_name>Observation of behavior and COVID-19 infection will be conducted.</intervention_name>
    <description>No intervention, only prospective observation of behavior will be conducted by a questionnaire.</description>
    <arm_group_label>Healthy individuals</arm_group_label>
    <arm_group_label>Individuals tested for COVID-19 infection with negative test</arm_group_label>
    <arm_group_label>Individuals with COVID-19 infection</arm_group_label>
    <arm_group_label>Patients admitted to hospital</arm_group_label>
    <arm_group_label>Risk groups for COVID-19 exposure</arm_group_label>
  </intervention>
  <biospec_retention>Samples With DNA</biospec_retention>
  <biospec_descr>
    <textblock>
      Blood and upper repiratory samples will be collected from some participants.
    </textblock>
  </biospec_descr>
  <eligibility>
    <study_pop>
      <textblock>
        The study will be a combined retrospective and prospective case-control study based on a
        combined electronic consent form and questionnaire that the study groups will fill in using
        a smartphone and electronic identification.

        The groups that will be included are:

          -  Hospitalized and non-hospitalized patients/persons with COVID-19 at all stages of the
             disease and after the disease

          -  Hospitalized patients without COVID-19

          -  Healthcare personal or other groups with an increased risk of COVID-19

          -  Healthy volunteers

        Probability sampling will be conducted, but not solely.
      </textblock>
    </study_pop>
    <sampling_method>Probability Sample</sampling_method>
    <criteria>
      <textblock>
        Inclusion Criteria:

          -  Norwegian adult

        Exclusion Criteria:

          -  Unable to consent
      </textblock>
    </criteria>
    <gender>All</gender>
    <minimum_age>18 Years</minimum_age>
    <maximum_age>N/A</maximum_age>
    <healthy_volunteers>Accepts Healthy Volunteers</healthy_volunteers>
  </eligibility>
  <overall_contact>
    <last_name>Arne Søraas, MD, PhD</last_name>
    <phone>+4790652904</phone>
    <email>Arne.Vasli.Lund.Soraas@rr-research.no</email>
  </overall_contact>
  <overall_contact_backup>
    <last_name>John Arne Dahl, PhD</last_name>
    <email>j.a.dahl@medisin.uio.no</email>
  </overall_contact_backup>
  <location>
    <facility>
      <name>Oslo University Hospital</name>
      <address>
        <city>Oslo</city>
        <zip>0424</zip>
        <country>Norway</country>
      </address>
    </facility>
    <status>Recruiting</status>
    <contact>
      <last_name>Arne Søraas, PhD</last_name>
      <phone>+4790652904</phone>
      <email>Arne.Vasli.Lund.Soraas@rr-research.no</email>
    </contact>
    <contact_backup>
      <last_name>John A Dahl, PhD</last_name>
      <phone>+4741456596</phone>
      <email>j.a.dahl@medisin.uio.no</email>
    </contact_backup>
  </location>
  <location_countries>
    <country>Norway</country>
  </location_countries>
  <verification_date>June 2020</verification_date>
  <study_first_submitted>March 23, 2020</study_first_submitted>
  <study_first_submitted_qc>March 23, 2020</study_first_submitted_qc>
  <study_first_posted type="Actual">March 25, 2020</study_first_posted>
  <last_update_submitted>June 24, 2020</last_update_submitted>
  <last_update_submitted_qc>June 24, 2020</last_update_submitted_qc>
  <last_update_posted type="Actual">June 25, 2020</last_update_posted>
  <responsible_party>
    <responsible_party_type>Principal Investigator</responsible_party_type>
    <investigator_affiliation>Oslo University Hospital</investigator_affiliation>
    <investigator_full_name>Arne Vasli Lund Søraas</investigator_full_name>
    <investigator_title>Principal Investigator, MD, PhD</investigator_title>
  </responsible_party>
  <condition_browse>
    <!-- CAUTION:  The following MeSH terms are assigned with an imperfect algorithm            -->
    <mesh_term>Coronavirus Infections</mesh_term>
  </condition_browse>
  <patient_data>
    <sharing_ipd>No</sharing_ipd>
    <ipd_description>European GDPR regulations severely limits IPD, but the study will share data to the largest extent possible within GDPR.</ipd_description>
  </patient_data>
  <!-- Results have not yet been posted for this study                                          -->
</clinical_study>

