<?xml version="1.0" encoding="UTF-8"?>
<clinical_study rank="2234">
  <!-- This xml conforms to an XML Schema at:
    https://clinicaltrials.gov/ct2/html/images/info/public.xsd -->
  <required_header>
    <download_date>ClinicalTrials.gov processed this data on September 22, 2020</download_date>
    <link_text>Link to the current ClinicalTrials.gov record.</link_text>
    <url>https://clinicaltrials.gov/show/NCT04483375</url>
  </required_header>
  <id_info>
    <org_study_id>SCTA01-X101</org_study_id>
    <nct_id>NCT04483375</nct_id>
  </id_info>
  <brief_title>Safety, Tolerability and Pharmacokinetics of SCTA01, an Anti-SARS-CoV-2 Monoclonal Antibody, in Healthy Chinese Subjects</brief_title>
  <official_title>A Randomized, Double-blinded, Placebo-controlled, Single Ascending Dose, Phase I Study to Evaluate the Tolerability, Safety, Pharmacokinetics of SCTA01 in Healthy Subjects</official_title>
  <sponsors>
    <lead_sponsor>
      <agency>Sinocelltech Ltd.</agency>
      <agency_class>Industry</agency_class>
    </lead_sponsor>
  </sponsors>
  <source>Sinocelltech Ltd.</source>
  <oversight_info>
    <is_fda_regulated_drug>No</is_fda_regulated_drug>
    <is_fda_regulated_device>No</is_fda_regulated_device>
  </oversight_info>
  <brief_summary>
    <textblock>
      The purpose of this study is to evaluate the tolerability, safety, pharmacokinetics of
      SCTA01(anti-SARS-CoV-2 monoclonal antibody) in Healthy Chinese Subjects.
    </textblock>
  </brief_summary>
  <detailed_description>
    <textblock>
      This is a Phase 1, First-in-Human, Randomized, Double-blinded, Placebo-Controlled, Single
      Ascending Dose Study of SCTA01(Anti-SARS-CoV-2 monoclonal antibody) in Healthy Chinese
      Subjects.

      Dose escalation will be guided by a safety review of clinical signs and symptoms, adverse
      events (AEs), and laboratory results of the prior dose cohort.

      An Interim analysis will be performed after Day 28 post-dose for the last dose cohort for
      review.
    </textblock>
  </detailed_description>
  <overall_status>Recruiting</overall_status>
  <start_date type="Actual">July 24, 2020</start_date>
  <completion_date type="Anticipated">January 15, 2021</completion_date>
  <primary_completion_date type="Anticipated">November 20, 2020</primary_completion_date>
  <phase>Phase 1</phase>
  <study_type>Interventional</study_type>
  <has_expanded_access>No</has_expanded_access>
  <study_design_info>
    <allocation>Randomized</allocation>
    <intervention_model>Parallel Assignment</intervention_model>
    <primary_purpose>Treatment</primary_purpose>
    <masking>Triple (Participant, Care Provider, Investigator)</masking>
  </study_design_info>
  <primary_outcome>
    <measure>Dose-limiting toxicity(DLT)</measure>
    <time_frame>7 days</time_frame>
    <description>DLT will be assessed by DAIDS v2.1. The measurements include clinical symptoms and abnormal vital signs, abnormal laboratory tests (complete blood cell count, serum chemistry, routine urinalysis, coagulation function, etc.) and 12-lead ECGs</description>
  </primary_outcome>
  <primary_outcome>
    <measure>Maximal Tolerable Dose(MTD)</measure>
    <time_frame>12 weeks</time_frame>
    <description>MTD will be assessed by DAIDS v2.1. The measurements include clinical symptoms and abnormal vital signs, abnormal laboratory tests (complete blood cell count, serum chemistry, routine urinalysis, coagulation function, etc.) and 12-lead ECGs.</description>
  </primary_outcome>
  <secondary_outcome>
    <measure>AUC0-t</measure>
    <time_frame>12 weeks</time_frame>
    <description>Area under the curve from the time of dosing to the last measurable concentration time t (AUC0-t)</description>
  </secondary_outcome>
  <secondary_outcome>
    <measure>AUC0-∞</measure>
    <time_frame>12 weeks</time_frame>
    <description>Area Under the Concentration Time Curve (AUC) From Time Zero to Infinity (AUC 0-∞)</description>
  </secondary_outcome>
  <secondary_outcome>
    <measure>t1/2</measure>
    <time_frame>12 weeks</time_frame>
    <description>Elimination Phase Half-life(t1/2)</description>
  </secondary_outcome>
  <secondary_outcome>
    <measure>Tmax</measure>
    <time_frame>12 weeks</time_frame>
    <description>Time to the Maximum Concentration(Tmax)</description>
  </secondary_outcome>
  <secondary_outcome>
    <measure>Anti-drug antibody(ADA)</measure>
    <time_frame>12 weeks</time_frame>
    <description>Positive rate of anti-SCT A01 antibody</description>
  </secondary_outcome>
  <secondary_outcome>
    <measure>Adverse events</measure>
    <time_frame>12 weeks</time_frame>
    <description>Adverse events as assessed by DAIDS v2.1, including clinical symptoms and abnormal vital signs, abnormal laboratory tests (complete blood cell count, serum chemistry, routine urinalysis, coagulation function, etc.) and 12-lead ECGs</description>
  </secondary_outcome>
  <number_of_arms>2</number_of_arms>
  <enrollment type="Anticipated">33</enrollment>
  <condition>Coronavirus Disease 2019(COVID-19)</condition>
  <arm_group>
    <arm_group_label>anti-SARS-CoV-2 monoclonal antibody(SCTA01)</arm_group_label>
    <arm_group_type>Experimental</arm_group_type>
    <description>SCTA01: single dose on Day0</description>
  </arm_group>
  <arm_group>
    <arm_group_label>Placebo</arm_group_label>
    <arm_group_type>Placebo Comparator</arm_group_type>
    <description>Placebo: single dose on Day0</description>
  </arm_group>
  <intervention>
    <intervention_type>Biological</intervention_type>
    <intervention_name>SCTA01</intervention_name>
    <description>recombinant humanized anti-SARS-CoV-2 monoclonal antibody</description>
    <arm_group_label>anti-SARS-CoV-2 monoclonal antibody(SCTA01)</arm_group_label>
  </intervention>
  <intervention>
    <intervention_type>Other</intervention_type>
    <intervention_name>Placebo</intervention_name>
    <description>Placebo</description>
    <arm_group_label>Placebo</arm_group_label>
  </intervention>
  <eligibility>
    <criteria>
      <textblock>
        Inclusion Criteria:

          -  Able to provide written informed consent

          -  Males or females. Aged ≥ 18 years old

          -  Body mass index (BMI) between 18.0 and 26.0 kg/m2

          -  Normal or abnormal but non-clinical significant physical examination, vital signs,
             12-ECG and chest CT, etc

          -  No plan of pregnancy and being willing to use effective contraceptive measures
             (including partner) from informed consent to 6 months after administration of
             SCTA01/placebo (abstinence，sterilization operation，contraceptive barrier，acyeterion ,
             etc.)

        Exclusion Criteria:

          -  Having a history of severe allergy, such as severe allergic reactions, urticaria,
             angioedema;

          -  Having one of the following evidence on SARS-CoV-2 infection(previous tests were
             accepted)：

               -  SARS-CoV-2 positive: reverse transcription-polymerase chain reaction (RT-PCR)
                  and/or next generation sequencing (NGS)

               -  Previous viral gene sequencing showed high homology with the known SARS-CoV-2

               -  Positive specific antibody IgM or IgG against serum SARS-CoV-2

          -  Having a history of severe allergies, such as severe allergic reactions, urticaria,
             angioedema;

          -  Having active infection or fever before to enrollment(≥ 37.3℃)

          -  Having primary disease in main organs, such as heart, lung, kidney, liver, nervous
             system, gastrointestinal system dysfunction, history of thrombocytopenia or abnormal
             bleeding

          -  Suffering from autoimmune diseases or a history of autoimmune diseases (such as
             systemic lupus erythematosus, thyroid Inflammation, vasculitis, etc.)

          -  Within 7 days prior to the first dose of SCTA01/placebo, subject has received any
             prescription drugs, non-prescription drugs, Chinese herbal medicines and health
             products

          -  Within 3 months prior to the first dose of SCTA01/placebo, subjects who participated
             in other clinical study, or remaining in the elimination period of the drug (within 5
             half-lives) before treatment

          -  Within 30 days prior to the first dose of SCTA01/placebo, subjects who have received
             vaccine

          -  Within 3 months prior to the first dose of SCTA01/placebo, subjects who have received
             blood product treatment or blood donation and hemorrhage ≥400mL, or subjects who has a
             blood donation plan within 3 months after treatment

          -  Within 6 months prior to the first dose of SCTA01/placebo, subjects who have received
             major surgery, or has surgery plan during clinical trail

          -  Pregnant or lactating women or positive β-HCG, has plan of pregnancy from informed
             consent signed to 6 months after administration of SCTA01/placebo

          -  Positive of anti-HIV, TP-Ab, anti-HCV, anti-HBV

          -  Having a history of epilepsy

          -  Having a history of malignancies

          -  Within 3 months prior to screening, sujects who have drunk more than 14 standard units
             (1 standard unit contains 14g alcohol, such as 360mL beer, 45mL spirits with 40%
             alcohol or 150mL wine), or positive of alcohol breath test

          -  Within 3 months prior to screening, subjects who smoked more than 5 cigarettes per
             day, do not accept smoking cessation during the study

          -  Having a history of drug addiction and drug abuse; or who have a positive urine test
             result for drug abuse; or cannot guarantee that they will not abuse drugs during the
             study

          -  Subjects who are not able to follow the plan to complete the study

          -  Subjects who are not considered suitable for the study by investigators
      </textblock>
    </criteria>
    <gender>All</gender>
    <minimum_age>18 Years</minimum_age>
    <maximum_age>N/A</maximum_age>
    <healthy_volunteers>Accepts Healthy Volunteers</healthy_volunteers>
  </eligibility>
  <overall_official>
    <last_name>Xinghe Wang, MD,PhD</last_name>
    <role>Principal Investigator</role>
    <affiliation>Beijing Shijitan Hospital</affiliation>
  </overall_official>
  <overall_contact>
    <last_name>Qing Liu, MSc</last_name>
    <phone>+86 10 6817 9667</phone>
    <email>qing_liu2@sinocelltech.com</email>
  </overall_contact>
  <overall_contact_backup>
    <last_name>Ji Qi, PhD</last_name>
    <phone>+86 10 6817 9667</phone>
    <email>ji_qi@sinocelltech.com</email>
  </overall_contact_backup>
  <location>
    <facility>
      <name>Beijing SHIJITAN Hospital</name>
      <address>
        <city>Beijing</city>
        <state>Beijing</state>
        <zip>100038</zip>
        <country>China</country>
      </address>
    </facility>
    <status>Recruiting</status>
    <contact>
      <last_name>Wang Xinghe, PhD</last_name>
    </contact>
  </location>
  <location_countries>
    <country>China</country>
  </location_countries>
  <verification_date>July 2020</verification_date>
  <study_first_submitted>July 17, 2020</study_first_submitted>
  <study_first_submitted_qc>July 22, 2020</study_first_submitted_qc>
  <study_first_posted type="Actual">July 23, 2020</study_first_posted>
  <last_update_submitted>August 4, 2020</last_update_submitted>
  <last_update_submitted_qc>August 4, 2020</last_update_submitted_qc>
  <last_update_posted type="Actual">August 5, 2020</last_update_posted>
  <responsible_party>
    <responsible_party_type>Sponsor</responsible_party_type>
  </responsible_party>
  <keyword>COVID-19</keyword>
  <condition_browse>
    <!-- CAUTION:  The following MeSH terms are assigned with an imperfect algorithm            -->
    <mesh_term>Coronavirus Infections</mesh_term>
  </condition_browse>
  <!-- Results have not yet been posted for this study                                          -->
</clinical_study>

