<?xml version="1.0" encoding="UTF-8"?>
<clinical_study rank="2749">
  <!-- This xml conforms to an XML Schema at:
    https://clinicaltrials.gov/ct2/html/images/info/public.xsd -->
  <required_header>
    <download_date>ClinicalTrials.gov processed this data on September 22, 2020</download_date>
    <link_text>Link to the current ClinicalTrials.gov record.</link_text>
    <url>https://clinicaltrials.gov/show/NCT04381923</url>
  </required_header>
  <id_info>
    <org_study_id>843124</org_study_id>
    <nct_id>NCT04381923</nct_id>
  </id_info>
  <brief_title>COVIDNOCHE Trial (HFNO Versus CPAP Helmet) in COVID-19 Pneumonia</brief_title>
  <acronym>COVIDNOCHE</acronym>
  <official_title>High Flow Nasal Oxygen Versus Continuous Positive Airway Pressure Helmet Evaluation: A Randomized Crossover Trial in COVID-19 Pneumonia</official_title>
  <sponsors>
    <lead_sponsor>
      <agency>University of Pennsylvania</agency>
      <agency_class>Other</agency_class>
    </lead_sponsor>
  </sponsors>
  <source>University of Pennsylvania</source>
  <oversight_info>
    <has_dmc>Yes</has_dmc>
    <is_fda_regulated_drug>No</is_fda_regulated_drug>
    <is_fda_regulated_device>Yes</is_fda_regulated_device>
    <is_us_export>No</is_us_export>
  </oversight_info>
  <brief_summary>
    <textblock>
      The purpose of the COVIDNOCHE trial (HFNO versus CPAP Helmet Evaluation in COVID-19
      Pneumonia) is to evaluate the comparative effectiveness of standard care non-invasive
      respiratory support (helmet CPAP versus HFNO) for acute hypoxemic respiratory failure from
      COVID-19 pneumonia on ventilator-free days (primary outcome) and other clinical outcomes
      measured up to 90 days.
    </textblock>
  </brief_summary>
  <detailed_description>
    <textblock>
      Coronavirus disease 2019 (COVID-19) is a respiratory illness that can cause acute arterial
      hypoxemia. Treatment with invasive ventilation improves oxygenation yet results in death in
      over 50% of cases. The high incidence of disease has also reduced resources needed to safely
      deliver invasive ventilation including mechanical ventilators and intravenous sedation.
      Non-invasive respiratory support has been shown to be efficacious in acute hypoxemic
      respiratory failure from other etiologies and has the potential to reduce rates of intubation
      and the time spent on mechanical ventilation in COVID-19. However, it is unknown which type
      of support is the most effective, limiting the ability to improve clinical outcomes and
      appropriately allocate resources. To help guide clinical practice and policy, it is critical
      to understand the comparative effectiveness of two forms of non-invasive respiratory support
      used worldwide, continuous positive airway pressure (CPAP) delivered via a helmet interface
      and high flow nasal oxygen (HFNO).
    </textblock>
  </detailed_description>
  <overall_status>Not yet recruiting</overall_status>
  <start_date type="Anticipated">August 15, 2020</start_date>
  <completion_date type="Anticipated">May 15, 2021</completion_date>
  <primary_completion_date type="Anticipated">February 15, 2021</primary_completion_date>
  <phase>N/A</phase>
  <study_type>Interventional</study_type>
  <has_expanded_access>No</has_expanded_access>
  <study_design_info>
    <allocation>Randomized</allocation>
    <intervention_model>Crossover Assignment</intervention_model>
    <intervention_model_description>This will be a randomized study with alternating treatment assignment in which all advanced respiratory units will be assigned to use one of two default interventions (helmet CPAP vs HFNO) as the first-line treatment for refractory hypoxemia (defined as an oxygen saturation (Sp02) of 92% or less on on ≥ 6 LPM (liters per minute) nasal cannula (NC) oxygen). The first-line treatment will be alternated in each unit at 14-day intervals. The initial assignment will be determined by a computer randomization scheme. Patients who are still on their assigned intervention during crossover will remain on that assigned intervention. A design with numerous short periods and frequent crossovers was selected to minimize the risk of changes over time in the patient population and usual care confounding trial results. A 14-day period is also felt to be the minimal time needed to ensure device availability and adherence.</intervention_model_description>
    <primary_purpose>Supportive Care</primary_purpose>
    <masking>Single (Outcomes Assessor)</masking>
  </study_design_info>
  <primary_outcome>
    <measure>Ventilator-Free Days (VFD)</measure>
    <time_frame>28 days</time_frame>
    <description>VFD is the number of days alive and free of mechanical ventilation in the first 28 days after study enrollment. Death before 28 days will be assigned a VFD equal to 0 to penalize non-survival. In cases of repeated intubation and extubation, periods free from invasive ventilation and lasting at least 24 consecutive hours will be calculated and summed. Timing of intubation and extubation will be captured in hours, and the number of hours a patient received invasive ventilation will be used to calculate duration of ventilation.</description>
  </primary_outcome>
  <secondary_outcome>
    <measure>ICU and Hospital Length of Stay</measure>
    <time_frame>28 days</time_frame>
    <description>Days spent in the ICU and hospital after time of enrollment</description>
  </secondary_outcome>
  <secondary_outcome>
    <measure>Intubation</measure>
    <time_frame>28 days</time_frame>
    <description>Incidence and time to intubation in days after the time of enrollment</description>
  </secondary_outcome>
  <secondary_outcome>
    <measure>Renal Replacement Therapy (RRT)</measure>
    <time_frame>28 days</time_frame>
    <description>Incidence of RRT after the time of enrollment</description>
  </secondary_outcome>
  <secondary_outcome>
    <measure>Mortality</measure>
    <time_frame>28 days, 90 days</time_frame>
    <description>Death from any cause during after the time of enrollment</description>
  </secondary_outcome>
  <number_of_arms>2</number_of_arms>
  <enrollment type="Anticipated">200</enrollment>
  <condition>Severe Acute Respiratory Syndrome Coronavirus 2</condition>
  <condition>Hypoxemic Respiratory Failure</condition>
  <condition>Pneumonia, Viral</condition>
  <condition>COVID</condition>
  <arm_group>
    <arm_group_label>Helmet Continuous Positive Airway Pressure (CPAP)</arm_group_label>
    <arm_group_type>Active Comparator</arm_group_type>
    <description>When a patient has an Sp02 &lt; 92% on ≥ 6 LPM NC, helmet CPAP will be applied unless a specific contraindication is present.</description>
  </arm_group>
  <arm_group>
    <arm_group_label>High Flow Nasal Oxygen (HFNO)</arm_group_label>
    <arm_group_type>Active Comparator</arm_group_type>
    <description>When a patient has an Sp02 &lt; 92% on ≥ 6 LPM NC , HFNO (≥ 40 LPM) will be applied unless a specific contraindication is present</description>
  </arm_group>
  <intervention>
    <intervention_type>Device</intervention_type>
    <intervention_name>Helmet Continuous Positive Airway Pressure (CPAP)</intervention_name>
    <description>Helmet CPAP will be initiated at a pressure of 5 cmH20 and fraction of inspired oxygen (Fi02) of &lt; 60%. If oxygen saturation (Sp02) remains &lt; 92%, pressure will be increased to 10 cmH20. FiO2 will then be tapered to target a SpO2 ≥ 92%. Breaks with intervening HFNO use will be provided as needed for meals and during hours of sleep.</description>
    <arm_group_label>Helmet Continuous Positive Airway Pressure (CPAP)</arm_group_label>
  </intervention>
  <intervention>
    <intervention_type>Device</intervention_type>
    <intervention_name>High Flow Nasal Oxygen (HFNO)</intervention_name>
    <description>HFNO will be initiated at a flow rate of 40 LPM and a fraction of inspired oxygen (Fi02) of &lt; 60%. If oxygen saturation (SpO2) remains &lt; 92%, the flow rate will be increased to 60 LPM. FiO2 will then be adjusted to target a SpO2 ≥ 92%. Patients with discomfort due to HFNO may have their flow rate decreased until the discomfort resolves.</description>
    <arm_group_label>High Flow Nasal Oxygen (HFNO)</arm_group_label>
    <other_name>High Flow Nasal Cannula (HFNC)</other_name>
  </intervention>
  <eligibility>
    <criteria>
      <textblock>
        Inclusion Criteria:

          -  Adult patients with confirmed COVID-19 with an Sp02 &lt; 92% on ≥ 6 liters NC admitted to
             a Penn Medicine advanced respiratory unit. An advanced respiratory unit is a unit
             capable of non-invasive respiratory support such as an ICU or intermediate care unit.

        Exclusion Criteria:

        Patients will be excluded if they meet ≥ 1 of the following criteria based on current Penn
        Medicine respiratory guidelines and prior trials of non-invasive respiratory support:

          -  Respiratory failure related to other etiology (e.g. exacerbation of chronic
             obstructive pulmonary disease, acute pulmonary edema)

          -  Baseline oxygen requirement

          -  Diagnosis of acute or chronic hypoventilation

          -  Tracheostomy

          -  Claustrophobia

          -  Prior intubation during hospitalization

          -  Urgent need for endotracheal intubation

          -  Other contraindications to non-invasive respiratory support (glasgow coma scale lower
             than 8, absence of airway protective gag reflex, elevated intracranial pressure, upper
             airway obstruction)

          -  Patient dose not wave to receive the assigned intervention.
      </textblock>
    </criteria>
    <gender>All</gender>
    <minimum_age>18 Years</minimum_age>
    <maximum_age>N/A</maximum_age>
    <healthy_volunteers>No</healthy_volunteers>
  </eligibility>
  <overall_contact>
    <last_name>Tim Gaulton, MD, MSc</last_name>
    <phone>(484) 243-0682‬</phone>
    <email>timothy.gaulton2@pennmedicine.upenn.edu</email>
  </overall_contact>
  <overall_contact_backup>
    <last_name>Maurizio Cereda, MD</last_name>
    <email>maurizio.cereda@pennmedicine.upenn.edu</email>
  </overall_contact_backup>
  <location>
    <facility>
      <name>University of Pennsylvania</name>
      <address>
        <city>Philadelphia</city>
        <state>Pennsylvania</state>
        <zip>19104</zip>
        <country>United States</country>
      </address>
    </facility>
    <contact>
      <last_name>Timothy G Gaulton</last_name>
    </contact>
    <investigator>
      <last_name>Timothy G Gaulton, MD</last_name>
      <role>Principal Investigator</role>
    </investigator>
    <investigator>
      <last_name>Maurizio Cereda, MD</last_name>
      <role>Principal Investigator</role>
    </investigator>
  </location>
  <location_countries>
    <country>United States</country>
  </location_countries>
  <verification_date>July 2020</verification_date>
  <study_first_submitted>May 7, 2020</study_first_submitted>
  <study_first_submitted_qc>May 7, 2020</study_first_submitted_qc>
  <study_first_posted type="Actual">May 11, 2020</study_first_posted>
  <last_update_submitted>July 24, 2020</last_update_submitted>
  <last_update_submitted_qc>July 24, 2020</last_update_submitted_qc>
  <last_update_posted type="Actual">July 28, 2020</last_update_posted>
  <responsible_party>
    <responsible_party_type>Principal Investigator</responsible_party_type>
    <investigator_affiliation>University of Pennsylvania</investigator_affiliation>
    <investigator_full_name>Timothy Gaulton, M.D.</investigator_full_name>
    <investigator_title>Assistant Professor of Anesthesiology and Critical Care</investigator_title>
  </responsible_party>
  <condition_browse>
    <!-- CAUTION:  The following MeSH terms are assigned with an imperfect algorithm            -->
    <mesh_term>Coronavirus Infections</mesh_term>
    <mesh_term>Severe Acute Respiratory Syndrome</mesh_term>
    <mesh_term>Pneumonia, Viral</mesh_term>
    <mesh_term>Pneumonia</mesh_term>
    <mesh_term>Respiratory Insufficiency</mesh_term>
  </condition_browse>
  <!-- Results have not yet been posted for this study                                          -->
</clinical_study>

