<?xml version="1.0" encoding="UTF-8"?>
<clinical_study rank="2039">
  <!-- This xml conforms to an XML Schema at:
    https://clinicaltrials.gov/ct2/html/images/info/public.xsd -->
  <required_header>
    <download_date>ClinicalTrials.gov processed this data on September 22, 2020</download_date>
    <link_text>Link to the current ClinicalTrials.gov record.</link_text>
    <url>https://clinicaltrials.gov/show/NCT04338568</url>
  </required_header>
  <id_info>
    <org_study_id>CTU2020032</org_study_id>
    <nct_id>NCT04338568</nct_id>
  </id_info>
  <brief_title>Screening COVID-19 by Point-of-care Lung Ultrasound: a Validation Study</brief_title>
  <acronym>SCOUT</acronym>
  <official_title>Accuracy and Inter-observer Variability of Lung Ultrasound in COVID-19 Pneumonia</official_title>
  <sponsors>
    <lead_sponsor>
      <agency>Hasselt University</agency>
      <agency_class>Other</agency_class>
    </lead_sponsor>
    <collaborator>
      <agency>Ziekenhuis Oost-Limburg</agency>
      <agency_class>Other</agency_class>
    </collaborator>
  </sponsors>
  <source>Hasselt University</source>
  <oversight_info>
    <has_dmc>No</has_dmc>
    <is_fda_regulated_drug>No</is_fda_regulated_drug>
    <is_fda_regulated_device>No</is_fda_regulated_device>
  </oversight_info>
  <brief_summary>
    <textblock>
      COVID-19 is a rapidly spreading and very contagious disease caused by a novel coronavirus
      that can lead to respiratory insufficiency. In many patients, the chest radiograph at first
      presentation be normal, and early low-dose CT-scan is advocated to diagnose viral pneumonia.
      Lung ultrasound (LUS) has similar diagnostic properties as CT for diagnosing pneumonia.
      However, it has the advantage that it can be performed at point-of-care, minimizing the need
      to transfer the patient, reducing the number of health care personnel and equipment that come
      in contact with the patient and thus potentially decrease the risk of spreading the
      infection.

      This study has the objective to examine the accuracy of lung ultrasound in patients with
      proven COVID-19 pneumonia.
    </textblock>
  </brief_summary>
  <overall_status>Recruiting</overall_status>
  <start_date type="Actual">April 16, 2020</start_date>
  <completion_date type="Anticipated">December 30, 2020</completion_date>
  <primary_completion_date type="Anticipated">November 30, 2020</primary_completion_date>
  <phase>N/A</phase>
  <study_type>Interventional</study_type>
  <has_expanded_access>No</has_expanded_access>
  <study_design_info>
    <allocation>Non-Randomized</allocation>
    <intervention_model>Single Group Assignment</intervention_model>
    <intervention_model_description>Patients with the diagnosis of COVID-19 pneumonia will undergo a lung ultrasound, by two observers each. The findings will be compared with findings on chest x-ray and/or CT thorax. Accuracy and inter-observer variability will be calculated.</intervention_model_description>
    <primary_purpose>Diagnostic</primary_purpose>
    <masking>None (Open Label)</masking>
  </study_design_info>
  <primary_outcome>
    <measure>Accuracy of the diagnosis of interstitial syndrome by lung ultrasound</measure>
    <time_frame>within 2 weeks after first subject included</time_frame>
    <description>The diagnostic accuracy of lung ultrasound is more than 90% compared to low-dose CT or chest X-ray for the detection of viral pneumonia in patients with COVID-19 infection.</description>
  </primary_outcome>
  <primary_outcome>
    <measure>Inter-observer variability</measure>
    <time_frame>within 2 weeks after first subject included</time_frame>
    <description>The interobserver variability by lung ultrasound between the 2 observers for the diagnosis of interstitial syndrome by lung ultrasound is &gt; 0.6 measured by the Kappa score</description>
  </primary_outcome>
  <number_of_arms>2</number_of_arms>
  <enrollment type="Anticipated">50</enrollment>
  <condition>COVID-19 Pneumonia</condition>
  <condition>Lung Ultrasound</condition>
  <arm_group>
    <arm_group_label>LUS observer 1</arm_group_label>
    <arm_group_type>Active Comparator</arm_group_type>
    <description>The subject will undergo a Lung Ultrasound by observer nr 1</description>
  </arm_group>
  <arm_group>
    <arm_group_label>LUS observer 2</arm_group_label>
    <arm_group_type>Active Comparator</arm_group_type>
    <description>The subject will undergo a Lung Ultrasound by observer nr 2</description>
  </arm_group>
  <intervention>
    <intervention_type>Diagnostic Test</intervention_type>
    <intervention_name>Lung ultrasound</intervention_name>
    <description>The lung ultrasound examination consists of two-sided scanning of the anterior and lateral chest wall and is performed with patients in supine or near-to-supine position.</description>
    <arm_group_label>LUS observer 1</arm_group_label>
    <arm_group_label>LUS observer 2</arm_group_label>
  </intervention>
  <eligibility>
    <criteria>
      <textblock>
        Inclusion Criteria:

          1. high probability CT thorax or chest X-ray for viral pneumonia within five days of the
             day of inclusion

          2. positive COVID-19 nasopharyngeal swab within 10 days of inclusion

          3. 18 years or older

          4. Oxygen saturation of &lt; 93% in ambient air

          5. Signed written informed consent

        Exclusion Criteria:

          -  Contra-indication for lung ultrasound

          -  Other causes of hypoxia or of pulmonary infiltrates on CT thorax or chest X-ray
      </textblock>
    </criteria>
    <gender>All</gender>
    <minimum_age>18 Years</minimum_age>
    <maximum_age>N/A</maximum_age>
    <healthy_volunteers>No</healthy_volunteers>
  </eligibility>
  <overall_official>
    <last_name>Michiel Thomeer, MD,PhD</last_name>
    <role>Principal Investigator</role>
    <affiliation>Ziekenhuis Oost-Limburg</affiliation>
  </overall_official>
  <overall_contact>
    <last_name>Michiel J Thomeer, MD,PhD</last_name>
    <phone>+3289327171</phone>
    <email>michiel.thomeer@zol.be</email>
  </overall_contact>
  <location>
    <facility>
      <name>Ziekenhuis Oost Limburg</name>
      <address>
        <city>Genk</city>
        <state>Limburg</state>
        <zip>3600</zip>
        <country>Belgium</country>
      </address>
    </facility>
    <status>Recruiting</status>
    <contact>
      <last_name>Michiel J Thomeer, MD, PhD</last_name>
      <phone>+3289327171</phone>
      <email>michiel.thomeer@zol.be</email>
    </contact>
    <contact_backup>
      <last_name>Inge Thijs, PhD</last_name>
      <phone>+3289212007</phone>
      <email>Inge.Thijs@zol.be</email>
    </contact_backup>
    <investigator>
      <last_name>Marc Daenen, MD</last_name>
      <role>Sub-Investigator</role>
    </investigator>
    <investigator>
      <last_name>David Ruttens, MD, PhD</last_name>
      <role>Sub-Investigator</role>
    </investigator>
    <investigator>
      <last_name>Michiel Thomeer, MD, PhD</last_name>
      <role>Principal Investigator</role>
    </investigator>
  </location>
  <location_countries>
    <country>Belgium</country>
  </location_countries>
  <reference>
    <citation>Ramirez P, Torres A. Should ultrasound be included in the initial assessment of respiratory patients? Lancet Respir Med. 2014 Aug;2(8):599-600. doi: 10.1016/S2213-2600(14)70142-0. Epub 2014 Jul 3.</citation>
    <PMID>24998675</PMID>
  </reference>
  <results_reference>
    <citation>Pisani L, Vercesi V, van Tongeren PSI, Lagrand WK, Leopold SJ, Huson MAM, Henwood PC, Walden A, Smit MR, Riviello ED, Pelosi P, Dondorp AM, Schultz MJ; Lung Ultrasound Consortium. The diagnostic accuracy for ARDS of global versus regional lung ultrasound scores - a post hoc analysis of an observational study in invasively ventilated ICU patients. Intensive Care Med Exp. 2019 Jul 25;7(Suppl 1):44. doi: 10.1186/s40635-019-0241-6.</citation>
    <PMID>31346914</PMID>
  </results_reference>
  <results_reference>
    <citation>Li K, Fang Y, Li W, Pan C, Qin P, Zhong Y, Liu X, Huang M, Liao Y, Li S. CT image visual quantitative evaluation and clinical classification of coronavirus disease (COVID-19). Eur Radiol. 2020 Aug;30(8):4407-4416. doi: 10.1007/s00330-020-06817-6. Epub 2020 Mar 25.</citation>
    <PMID>32215691</PMID>
  </results_reference>
  <verification_date>August 2020</verification_date>
  <study_first_submitted>April 4, 2020</study_first_submitted>
  <study_first_submitted_qc>April 7, 2020</study_first_submitted_qc>
  <study_first_posted type="Actual">April 8, 2020</study_first_posted>
  <last_update_submitted>August 14, 2020</last_update_submitted>
  <last_update_submitted_qc>August 14, 2020</last_update_submitted_qc>
  <last_update_posted type="Actual">August 17, 2020</last_update_posted>
  <responsible_party>
    <responsible_party_type>Principal Investigator</responsible_party_type>
    <investigator_affiliation>Hasselt University</investigator_affiliation>
    <investigator_full_name>Prof. dr. Michiel Thomeer</investigator_full_name>
    <investigator_title>Prof.Dr.Michiel Thomeer</investigator_title>
  </responsible_party>
  <keyword>accuracy</keyword>
  <keyword>inter-observer variability</keyword>
  <condition_browse>
    <!-- CAUTION:  The following MeSH terms are assigned with an imperfect algorithm            -->
    <mesh_term>Pneumonia</mesh_term>
  </condition_browse>
  <patient_data>
    <sharing_ipd>No</sharing_ipd>
    <ipd_description>no plan</ipd_description>
  </patient_data>
  <study_docs>
    <study_doc>
      <doc_type>Clinical Study Report</doc_type>
      <doc_url>https://www.castoredc.com/</doc_url>
    </study_doc>
  </study_docs>
  <!-- Results have not yet been posted for this study                                          -->
</clinical_study>

