<?xml version="1.0" encoding="UTF-8"?>
<clinical_study rank="2587">
  <!-- This xml conforms to an XML Schema at:
    https://clinicaltrials.gov/ct2/html/images/info/public.xsd -->
  <required_header>
    <download_date>ClinicalTrials.gov processed this data on September 22, 2020</download_date>
    <link_text>Link to the current ClinicalTrials.gov record.</link_text>
    <url>https://clinicaltrials.gov/show/NCT04398043</url>
  </required_header>
  <id_info>
    <org_study_id>rt PCR en EPP</org_study_id>
    <nct_id>NCT04398043</nct_id>
  </id_info>
  <brief_title>SARS-CoV 2 in Personal Protective Equipment</brief_title>
  <official_title>Searching for SARS-CoV 2 in Personal Protective Equipment in Physicians in a University Hospital</official_title>
  <sponsors>
    <lead_sponsor>
      <agency>Hospital de Clinicas José de San Martín</agency>
      <agency_class>Other</agency_class>
    </lead_sponsor>
    <collaborator>
      <agency>Claudio Yaryour</agency>
      <agency_class>Other</agency_class>
    </collaborator>
    <collaborator>
      <agency>Fermepin Marcelo</agency>
      <agency_class>Other</agency_class>
    </collaborator>
    <collaborator>
      <agency>Luis Sarotto</agency>
      <agency_class>Other</agency_class>
    </collaborator>
    <collaborator>
      <agency>Federico Rodriguez Cairoli</agency>
      <agency_class>Other</agency_class>
    </collaborator>
    <collaborator>
      <agency>Angela Famiglieti</agency>
      <agency_class>Other</agency_class>
    </collaborator>
    <collaborator>
      <agency>Francisco Appiani</agency>
      <agency_class>Other</agency_class>
    </collaborator>
    <collaborator>
      <agency>Lucía Gallo Vaulet</agency>
      <agency_class>Other</agency_class>
    </collaborator>
  </sponsors>
  <source>Hospital de Clinicas José de San Martín</source>
  <oversight_info>
    <has_dmc>No</has_dmc>
    <is_fda_regulated_drug>No</is_fda_regulated_drug>
    <is_fda_regulated_device>No</is_fda_regulated_device>
  </oversight_info>
  <brief_summary>
    <textblock>
      SARS-CoV-2 transmission is frequently occurring in hospital settings, with numerous reported
      cases of nosocomial transmission highlighting the vulnerability of healthcare workers.

      If products proved to be efficacious against COVID-19, why are so many HCW getting COVID-19?
      Is it related to experience? Is it generated by the exhaustive job? Is there any degree of
      relationship to stress? These questions are still without fully correct answers. Achieving
      global benefits for HCW is still waiting.
    </textblock>
  </brief_summary>
  <detailed_description>
    <textblock>
      Objective: To assess the extent of surface contamination PPE doctors (personal protective
      equipment) with SARS-CoV-2, immediately after evaluating ill patients.

      COVID-19 is a recently emerging disease, in which much scientific information is being
      generated, but in which there are few certainties. This is due to work of poor methodological
      quality, but also due to the fact that it is a recent infection, which has only been
      developing for a few months. Given that most cases of infection in health personnel in the
      workplace come from contamination with personal protective equipment, it is necessary to
      determine there is any degree of contamination of PPE by the virus, as the critical areas
      where it can be located in the PPE as well. That is why this investigation, when trying to
      determine the location and degree of contamination of PPE by COVID-19, will allow the
      implementation of exhaustive care that leads to greater care for health personnel.

      Target population: patients with a diagnosis of COVID-19 in patients admitted to a service in
      the General Ward and Intensive Care Unit or Coronary Unit of a University Hospital of
      C.A.B.A- (Argentina) Accessible population of adults patients with a diagnosis of COVID-19
      admitted to the CN / Intensive Care Unit / Coronary Unit, while the research is in progress.

      Population Definition Criteria: PPE of medical personnel in contact with hospitalized
      patients with SARS-CoV-2 positive swab, hospitalized in CM / UTI / UC wards.

      Inclusion Criteria: Samples of personal protective equipment of health personnel who have
      been in contact with patients with positive viral RNA results in RT-real time PCR (rtPCR +)
      test for SARS-CoV-2 will be used.

      Exclusion criteria:

      PPE of health personnel who have been in contact with patients without confirmation of
      COVID-19 diagnosis.

      Elimination Criteria: those patients who change the result of the positive viral load to
      negative viral load.

      Time-space coordinates:

      The research will be carried out from May 15, 2020 and will be carried out in the CM / UTI /
      UC rooms of the Hospital de Clínicas José de San Martín, in those patients with confirmed
      pathology of COVID-19 until reaching the necessary number of 16 patients.

      2.2. Ethical objections to the project. This project is carried out under the ethical
      standards that govern human research in accordance with the National Law on Protection of
      Personal Data No. 25,326 (Habeas Data Law) and the Declaration of Helsinki in its latest
      version (Fortaleza 2013). The Bioethics and Teaching and Research Committee of the José de
      San Martín Clinic Hospital have given their approval to carry out the study.
    </textblock>
  </detailed_description>
  <overall_status>Not yet recruiting</overall_status>
  <start_date type="Anticipated">May 15, 2020</start_date>
  <completion_date type="Anticipated">July 30, 2020</completion_date>
  <primary_completion_date type="Anticipated">June 30, 2020</primary_completion_date>
  <study_type>Observational</study_type>
  <has_expanded_access>No</has_expanded_access>
  <study_design_info>
    <observational_model>Cohort</observational_model>
    <time_perspective>Prospective</time_perspective>
  </study_design_info>
  <primary_outcome>
    <measure>Asses surface contamination personel protective equipment</measure>
    <time_frame>2 months</time_frame>
    <description>To assess the prevalence of surface contamination with COVID-19 from personal protective equipment (PPE) worn by medical doctors, immediately after evaluating sick patients</description>
  </primary_outcome>
  <secondary_outcome>
    <measure>Virus charge cuantification</measure>
    <time_frame>2 months</time_frame>
    <description>Quantify the amount of COVID-19 in the PPE doctor´s in contact with infected patients.</description>
  </secondary_outcome>
  <secondary_outcome>
    <measure>Place in PPE contamination</measure>
    <time_frame>2 month</time_frame>
    <description>Determine the most frequent location of viruses inPPE</description>
  </secondary_outcome>
  <other_outcome>
    <measure>Prevention risk advice</measure>
    <time_frame>2 month</time_frame>
    <description>using the information found, carry out tips to reduce the risk of contagion</description>
  </other_outcome>
  <enrollment type="Anticipated">16</enrollment>
  <condition>rt PCR</condition>
  <condition>COVID</condition>
  <condition>Personal Protective Equipment PPE</condition>
  <condition>SARS-CoV 2</condition>
  <condition>Health Personnel Attitude</condition>
  <condition>Virus Diseases</condition>
  <biospec_retention>Samples With DNA</biospec_retention>
  <biospec_descr>
    <textblock>
      The viral RNA of the sample will be purified using a commercial kit according to the
      manufacturer's instructions. Detection of SARS-CoV-2 will be performed on the viral RNA
      obtained from these samples by real-time RT-PCR according to the protocol of the US Center
      for Disease Control.
    </textblock>
  </biospec_descr>
  <eligibility>
    <study_pop>
      <textblock>
        In patients in a University Hospital with COVID 19 desease
      </textblock>
    </study_pop>
    <sampling_method>Non-Probability Sample</sampling_method>
    <criteria>
      <textblock>
        Inclusion Criteria:

          -  in patient with rtPCT possitive for SARSCoV-2 (interned in an intensive care unit,
             medical clinic room and coronary unit)

        Exclusion Criteria:

          -  in pattient with negattive rtPCT for SARSCoV-2
      </textblock>
    </criteria>
    <gender>All</gender>
    <minimum_age>16 Years</minimum_age>
    <maximum_age>N/A</maximum_age>
    <healthy_volunteers>No</healthy_volunteers>
  </eligibility>
  <overall_official>
    <last_name>Claudio Yaryour, MD</last_name>
    <role>Study Chair</role>
    <affiliation>Hospital de Clínicas José de San Martín, UBA</affiliation>
  </overall_official>
  <overall_contact>
    <last_name>bernardo bergroth, MD</last_name>
    <phone>+5491137047513</phone>
    <email>bernibergroth@gmail.com</email>
  </overall_contact>
  <overall_contact_backup>
    <last_name>Claudio Yaryour, MD</last_name>
    <email>chyaryour@hotmail.com</email>
  </overall_contact_backup>
  <reference>
    <citation>The Lancet. COVID-19: protecting health-care workers. Lancet. 2020 Mar 21;395(10228):922. doi: 10.1016/S0140-6736(20)30644-9.</citation>
    <PMID>32199474</PMID>
  </reference>
  <reference>
    <citation>Morawska L, Cao J. Airborne transmission of SARS-CoV-2: The world should face the reality. Environ Int. 2020 Jun;139:105730. doi: 10.1016/j.envint.2020.105730. Epub 2020 Apr 10.</citation>
    <PMID>32294574</PMID>
  </reference>
  <reference>
    <citation>Meselson M. Droplets and Aerosols in the Transmission of SARS-CoV-2. N Engl J Med. 2020 May 21;382(21):2063. doi: 10.1056/NEJMc2009324. Epub 2020 Apr 15.</citation>
    <PMID>32294374</PMID>
  </reference>
  <reference>
    <citation>Assessment of N95 respirator decontamination and re-use for SARS-CoV-2 Robert Fischer, View ORCID ProfileDylan H Morris, Neeltje van Doremalen, Shanda Sarchette, Jeremiah Matson, Trenton Bushmaker, Claude Kwe Yinda, Stephanie Seifert, Amandine Gamble, Brandi Williamson, Seth Judson, Emmie de Wit, Jamie Lloyd-Smith, View ORCID ProfileVincent Munster doi: https://doi.org/10.1101/2020.04.11.20062018</citation>
  </reference>
  <reference>
    <citation>Loeffelholz MJ, Tang YW. Laboratory diagnosis of emerging human coronavirus infections - the state of the art. Emerg Microbes Infect. 2020 Dec;9(1):747-756. doi: 10.1080/22221751.2020.1745095. Review.</citation>
    <PMID>32196430</PMID>
  </reference>
  <reference>
    <citation>Maguire BJ, Guérin PJ. A living systematic review protocol for COVID-19 clinical trial registrations. Wellcome Open Res. 2020 Apr 2;5:60. doi: 10.12688/wellcomeopenres.15821.1. eCollection 2020.</citation>
    <PMID>32292826</PMID>
  </reference>
  <verification_date>May 2020</verification_date>
  <study_first_submitted>May 19, 2020</study_first_submitted>
  <study_first_submitted_qc>May 20, 2020</study_first_submitted_qc>
  <study_first_posted type="Actual">May 21, 2020</study_first_posted>
  <last_update_submitted>May 20, 2020</last_update_submitted>
  <last_update_submitted_qc>May 20, 2020</last_update_submitted_qc>
  <last_update_posted type="Actual">May 21, 2020</last_update_posted>
  <responsible_party>
    <responsible_party_type>Principal Investigator</responsible_party_type>
    <investigator_affiliation>Hospital de Clinicas José de San Martín</investigator_affiliation>
    <investigator_full_name>Bernardo Bergroth</investigator_full_name>
    <investigator_title>MD, Chief of medical informatics</investigator_title>
  </responsible_party>
  <condition_browse>
    <!-- CAUTION:  The following MeSH terms are assigned with an imperfect algorithm            -->
    <mesh_term>Virus Diseases</mesh_term>
  </condition_browse>
  <patient_data>
    <sharing_ipd>Undecided</sharing_ipd>
    <ipd_description>It depnds on formulations</ipd_description>
  </patient_data>
  <!-- Results have not yet been posted for this study                                          -->
</clinical_study>

