<?xml version="1.0" encoding="UTF-8"?>
<clinical_study rank="2730">
  <!-- This xml conforms to an XML Schema at:
    https://clinicaltrials.gov/ct2/html/images/info/public.xsd -->
  <required_header>
    <download_date>ClinicalTrials.gov processed this data on September 22, 2020</download_date>
    <link_text>Link to the current ClinicalTrials.gov record.</link_text>
    <url>https://clinicaltrials.gov/show/NCT04346277</url>
  </required_header>
  <id_info>
    <org_study_id>COV02</org_study_id>
    <nct_id>NCT04346277</nct_id>
  </id_info>
  <brief_title>Compassionate Use Open-Label Anti-CD14 Treatment in Patients With SARS-CoV-2 (COVID-19)</brief_title>
  <official_title>Compassionate Use Open-Label Anti-CD14 Treatment in Patients With SARS-CoV-2 (COVID-19)</official_title>
  <sponsors>
    <lead_sponsor>
      <agency>Implicit Bioscience</agency>
      <agency_class>Industry</agency_class>
    </lead_sponsor>
  </sponsors>
  <source>Implicit Bioscience</source>
  <brief_summary>
    <textblock>
      This protocol proposes to use IC14, a recombinant chimeric monoclonal antibody (mAb)
      recognizing human CD14, to block CD14-mediated cellular activation in patients early in the
      development of ARDS. The binding of IC14 to human CD14 prevents CD14 from participating in
      the recognition of PAMPs and DAMPs due to SARS-CoV-2 infection. The putative mechanism of
      action of IC14 in ARDS is blockade of PAMP and DAMP interactions with CD14, thus attenuating
      the inflammatory cascade that leads to increased endothelial and epithelial permeability and
      injury resulting in alveolar injury and fluid accumulation characteristic of ARDS.

      IC14 is a chimeric monoclonal antibody that binds to CD14 with high affinity and inhibits
      signaling via membrane and soluble CD14. Blocking CD14 with IC14 treatment in normal
      volunteers strongly inhibits systemic inflammation in response to bacterial endotoxin (LPS).
      University of Washington conducted a small NIH-funded pilot trial of IC14 treatment in 13
      patients with ARDS, which suggested that IC14 treatment reduced alveolar inflammation and
      decreased BAL cytokines. IC14 was also the subject of IND 105803 for a phase 2 study of ARDS
      from all causes which we propose to revise for the COVID-19 indication.

      A dosing regimen for IC14 with favorable pharmacokinetics supporting once daily intravenous
      dosing has been defined, making this an acceptable treatment for hospitalized patients. Two
      pharmacodynamic biomarkers can be used that are related to CD14, measurements of sCD14 (serum
      at baseline; urine at baseline and follow up) as well as a CD14 fragment (sCD14-ST;
      presepsin). A CD14 target engagement assay is available.

      Therefore, because of the central role of CD14 in the amplification of lung inflammatory
      responses leading to severe lung injury and the safety record of IC14 in humans, we propose
      to have an open-label protocol to test the safety and potential efficacy of IC14 treatment in
      preventing the progression of severe respiratory disease in patients hospitalized with
      COVID-19.
    </textblock>
  </brief_summary>
  <detailed_description>
    <textblock>
      This is a compassionate use open label program in patients hospitalized with pulmonary
      complications of SARS-CoV-2 infection who will receive IC14 at a dosage of 4 mg/kg on Day 1,
      then 2 mg/kg once daily on Days 2-4. Patient monitoring will be for a total of up to 28 days
      if the patient is still hospitalized.

      Screening/baseline assessments and initiation of the first IC14 administration will occur
      within 48 hours after meeting inclusion criteria. IC14 should be administered at
      approximately 24-hr intervals beginning from the start time of the first IC14 administration
      (Day 1).
    </textblock>
  </detailed_description>
  <overall_status>Available</overall_status>
  <study_type>Expanded Access</study_type>
  <expanded_access_info>
    <expanded_access_type_intermediate>Yes</expanded_access_type_intermediate>
  </expanded_access_info>
  <condition>COVID</condition>
  <condition>ARDS, Human</condition>
  <condition>Ards</condition>
  <condition>SARS-CoV2</condition>
  <intervention>
    <intervention_type>Biological</intervention_type>
    <intervention_name>IC14, a monoclonal antibody against CD14</intervention_name>
    <description>IC14 is a recombinant chimeric anti-human monoclonal antibody directed against human CD14. It recognizes both membrane-bound CD14 and soluble CD14.</description>
    <other_name>anti-CD14</other_name>
  </intervention>
  <eligibility>
    <criteria>
      <textblock>
        Inclusion Criteria:

          1. Signed informed consent form and able to give informed consent

          2. Age 18-70 years

          3. Presence of a SARS-CoV-2 infection documented by nasopharyngeal swab positive by
             RT-PCR testing or history of positive test

          4. Radiologic findings compatible with diagnosis of SARS-CoV-2 pulmonary infection

          5. Hypoxemia as defined by any of the following:

               1. SpO2 ≤92% on room air

               2. Requirement for &gt;2L O2 per standard nasal cannula

               3. PaO2/FiO2&lt;300 if on high-flow nasal cannula

          6. Women of childbearing potential must have a negative pregnancy test

        Exclusion Criteria:

        A patient fulfilling any of the following criteria is to be excluded from enrollment in the
        study:

          1. Intubation

          2. Do-not-attempt resuscitation (DNAR) / do not intubate status

          3. Anticipated survival &lt;48 hours

          4. Anticipated survival &lt;28 days due to pre-existing medical condition

          5. Significant pre-existing organ dysfunction

               1. Lung: Currently receiving home oxygen therapy as documented in medical record

               2. Heart: Pre-existing congestive heart failure defined as an ejection fraction &lt;20%
                  as documented in the medical record

               3. Renal: Chronic renal failure requiring renal replacement therapy

               4. Liver: Severe chronic liver disease defined as Child-Pugh Class C

          6. Pre-existing, ongoing immunosuppression

               1. Solid organ transplant recipient

               2. Chronic high-dose corticosteroids (equivalent to &gt;20 mg/prednisone/day for &gt;14
                  days in the last 30 days)

               3. Oncolytic drug therapy within the past 14 days

               4. Known HIV positive with CD4 count &lt;200 cells/mm3

          7. Current treatment with Enbrel® (etanercept), Remicade® (infliximab), Humira®
             (adalimumab), Cimzia® (certolizumab), or Simponi® (golimumab), Kineret® (anakinra),
             Arcalyst® (rilonacept), or other potent immunosuppressant

          8. Pregnancy

          9. History of hypersensitivity or idiosyncratic reaction to IC14
      </textblock>
    </criteria>
    <gender>All</gender>
    <minimum_age>18 Years</minimum_age>
    <maximum_age>70 Years</maximum_age>
  </eligibility>
  <overall_contact>
    <last_name>Lorenzo Dagna, MD</last_name>
    <phone>+39-02-26434683</phone>
    <email>dagna.lorenzo@unisr.it</email>
  </overall_contact>
  <location>
    <facility>
      <name>IRCCS San Raffaele Scientific Institute, Vita-Salute San Raffaele University</name>
      <address>
        <city>Milano</city>
        <zip>20132</zip>
        <country>Italy</country>
      </address>
    </facility>
    <status>Available</status>
  </location>
  <location_countries>
    <country>Italy</country>
  </location_countries>
  <verification_date>April 2020</verification_date>
  <study_first_submitted>April 13, 2020</study_first_submitted>
  <study_first_submitted_qc>April 13, 2020</study_first_submitted_qc>
  <study_first_posted type="Actual">April 15, 2020</study_first_posted>
  <last_update_submitted>June 22, 2020</last_update_submitted>
  <last_update_submitted_qc>June 22, 2020</last_update_submitted_qc>
  <last_update_posted type="Actual">June 24, 2020</last_update_posted>
  <responsible_party>
    <responsible_party_type>Sponsor</responsible_party_type>
  </responsible_party>
  <keyword>coronavirus</keyword>
  <keyword>acute lung injury</keyword>
  <condition_browse>
    <!-- CAUTION:  The following MeSH terms are assigned with an imperfect algorithm            -->
    <mesh_term>Respiratory Distress Syndrome, Adult</mesh_term>
  </condition_browse>
  <intervention_browse>
    <!-- CAUTION:  The following MeSH terms are assigned with an imperfect algorithm            -->
    <mesh_term>Antibodies</mesh_term>
    <mesh_term>Antibodies, Monoclonal</mesh_term>
  </intervention_browse>
  <!-- Results have not yet been posted for this study                                          -->
</clinical_study>

