<?xml version="1.0" encoding="UTF-8"?>
<clinical_study rank="2282">
  <!-- This xml conforms to an XML Schema at:
    https://clinicaltrials.gov/ct2/html/images/info/public.xsd -->
  <required_header>
    <download_date>ClinicalTrials.gov processed this data on September 22, 2020</download_date>
    <link_text>Link to the current ClinicalTrials.gov record.</link_text>
    <url>https://clinicaltrials.gov/show/NCT04315987</url>
  </required_header>
  <id_info>
    <org_study_id>HOPE</org_study_id>
    <nct_id>NCT04315987</nct_id>
  </id_info>
  <brief_title>NestaCell® Mesenchymal Stem Cell to Treat Patients With Severe COVID-19 Pneumonia</brief_title>
  <acronym>HOPE</acronym>
  <official_title>Exploratory Clinical Study to Assess the Efficacy of NestaCell® Mesenchymal Stem Cell to Treat Patients With Severe COVID-19 Pneumonia</official_title>
  <sponsors>
    <lead_sponsor>
      <agency>Azidus Brasil</agency>
      <agency_class>Industry</agency_class>
    </lead_sponsor>
    <collaborator>
      <agency>Cellavita Pesquisa Científica Ltda</agency>
      <agency_class>Other</agency_class>
    </collaborator>
    <collaborator>
      <agency>Hospital Vera Cruz</agency>
      <agency_class>Other</agency_class>
    </collaborator>
  </sponsors>
  <source>Azidus Brasil</source>
  <oversight_info>
    <has_dmc>Yes</has_dmc>
    <is_fda_regulated_drug>No</is_fda_regulated_drug>
    <is_fda_regulated_device>No</is_fda_regulated_device>
  </oversight_info>
  <brief_summary>
    <textblock>
      This is phase II study to assess the efficacy of NestaCell® (mesenchymal stem cell) to treat
      severe COVID-19 pneumonia.
    </textblock>
  </brief_summary>
  <detailed_description>
    <textblock>
      The number of infections of COVID-19 worldwide has killed thousands and is continually
      rising. The novel coronavirus attacks the human body by attaching to the
      angiotensin-converting enzyme-2 (ACE2), a protective enzyme against lung damage. In addition,
      the cellular serine protease TMPRSS2 for HCoV-19 Spike protein priming is also essential for
      the host cell entry and spread. Coronaviruses can be deadly, in large part because they cause
      &quot;cytokine storms.&quot; These storms result from imbalances between pro-inflammatory and
      anti-inflammatory proteins called cytokines, which can cause extreme inflammation and
      respiratory complications. Respiratory distress kills hundreds of thousands of people each
      year worldwide, and hundreds of clinical trials are testing drugs to treat it.

      MSCs have been widely used in cell-based therapy, from basic research to clinical trials
      Safety and effectiveness have been clearly documented in many clinical trials, especially in
      the immune-mediated inflammatory diseases.

      NestaCell® is a mesenchymal stem cell therapy produced by Cellavita and proved to be safe in
      previous clinical trials.

      The aim of this study is assess the efficacy of NestCell® as an add-on therapy to standard
      treatment to treat patients with severe COVID-19 pneumonia. .

      Patients included will be randomized to receive 2x10^7 cells (20 million cells) on days 1, 3,
      5 and 7.
    </textblock>
  </detailed_description>
  <overall_status>Not yet recruiting</overall_status>
  <start_date type="Anticipated">June 2020</start_date>
  <completion_date type="Anticipated">August 2020</completion_date>
  <primary_completion_date type="Anticipated">August 2020</primary_completion_date>
  <phase>Phase 2</phase>
  <study_type>Interventional</study_type>
  <has_expanded_access>No</has_expanded_access>
  <study_design_info>
    <allocation>Randomized</allocation>
    <intervention_model>Parallel Assignment</intervention_model>
    <intervention_model_description>Patients will be randomized (1:1) to receive NestaCell (n=45) or Placebo (n=45).</intervention_model_description>
    <primary_purpose>Treatment</primary_purpose>
    <masking>Quadruple (Participant, Care Provider, Investigator, Outcomes Assessor)</masking>
  </study_design_info>
  <primary_outcome>
    <measure>Change in Clinical Condition</measure>
    <time_frame>10 days</time_frame>
    <description>Ordinal scale (WHO ordinal scale that measures illness severity over time)</description>
  </primary_outcome>
  <secondary_outcome>
    <measure>Rate of mortality within 10-days</measure>
    <time_frame>10 days</time_frame>
    <description>Evaluation of Pneumonia change</description>
  </secondary_outcome>
  <secondary_outcome>
    <measure>Change of Clinical symptoms - respiratory rate</measure>
    <time_frame>10 days</time_frame>
    <description>Evaluation of Pneumonia change</description>
  </secondary_outcome>
  <secondary_outcome>
    <measure>Hypoxia</measure>
    <time_frame>10 days</time_frame>
    <description>oxygen saturation</description>
  </secondary_outcome>
  <secondary_outcome>
    <measure>PaO2 / FiO2 ratio</measure>
    <time_frame>10 days</time_frame>
    <description>oxygen saturation</description>
  </secondary_outcome>
  <secondary_outcome>
    <measure>CD4+ and CD8+ T cell count</measure>
    <time_frame>Days 1, 2, 4, 6 and 8.</time_frame>
    <description>Marker of Immunological function</description>
  </secondary_outcome>
  <secondary_outcome>
    <measure>Changes of blood oxygen</measure>
    <time_frame>10 days</time_frame>
    <description>PaO2 / FiO2 ratio</description>
  </secondary_outcome>
  <secondary_outcome>
    <measure>Side effects in the treatment group</measure>
    <time_frame>10 days</time_frame>
    <description>Number of participants with treatment-related adverse events</description>
  </secondary_outcome>
  <secondary_outcome>
    <measure>Complete blood count, cardiac, hepatic and renal profiles;</measure>
    <time_frame>Days 1, 2, 4, 6 and 8.</time_frame>
    <description>Complete blood count, ALT, AST, GGT, CK, CKmB and creatinine</description>
  </secondary_outcome>
  <number_of_arms>2</number_of_arms>
  <enrollment type="Anticipated">90</enrollment>
  <condition>COVID-19 Pneumonia</condition>
  <arm_group>
    <arm_group_label>NestaCell®</arm_group_label>
    <arm_group_type>Experimental</arm_group_type>
    <description>A dose of 2x10^7 cells (20 million cells) will be administered IV on days 1, 3, 5 and 7 in all subjects.</description>
  </arm_group>
  <arm_group>
    <arm_group_label>Placebo</arm_group_label>
    <arm_group_type>Placebo Comparator</arm_group_type>
    <description>Matching placebo will be administered IV on days 1, 3, 5 and 7 in all subjects.</description>
  </arm_group>
  <intervention>
    <intervention_type>Biological</intervention_type>
    <intervention_name>NestaCell®</intervention_name>
    <description>A dose of 2x10^7 cells (20 million cells) will be administered IV on days 1, 3, 5 and 7 in all subjects.</description>
    <arm_group_label>NestaCell®</arm_group_label>
    <other_name>Mesenchymal Stem Cell</other_name>
  </intervention>
  <intervention>
    <intervention_type>Biological</intervention_type>
    <intervention_name>Placebo</intervention_name>
    <description>Matching Placebo will be administered IV on days 1, 3, 5 and 7 in all subjects.</description>
    <arm_group_label>Placebo</arm_group_label>
  </intervention>
  <eligibility>
    <criteria>
      <textblock>
        Inclusion Criteria:

        1. Male or female, aged ≥ 18 years 2. Present a confirmed or pending diagnosis of COVID-19,
        but with tomographic and clinical signs strongly suggestive of SARS-CoV-2 infection
        (COVID-19), with pulmonary impairment greater than or equal to 50% and: i. Oxygen
        saturation &lt;95%; ii. CURB-65 rating ≥ a 4; d) Participants with a score on WHO ordinal
        scale that measures illness severity over time equal to 5 (Hospitalized with non-invasive
        ventilation or high-flow oxygen).

        Exclusion Criteria:

          1. Patients with autoimmune diseases in the past or screening;

          2. Those who have serious basic diseases that affect their survival, including: malignant
             tumor, hematopathy, malignant fluid, active hemorrhage, severe malnutrition, etc.
             which have not been controlled and can not be removed due to multiple metastasis;

          3. Known or self-reported HIV or syphilis infected persons;

          4. Have participated in stem cell clinical research;

          5. Pregnant or lactating women or those who have fertility plans in the past year;

          6. The estimated life cycle is less than 48 hours;

          7. Other conditions that the researcher thinks are not suitable for participating in the
             experiment.

          8. Shock

          9. Continuous use of immunosuppressive agents or organ transplants in the past 6 months;
      </textblock>
    </criteria>
    <gender>All</gender>
    <minimum_age>18 Years</minimum_age>
    <maximum_age>N/A</maximum_age>
    <healthy_volunteers>No</healthy_volunteers>
  </eligibility>
  <overall_contact>
    <last_name>Florentino de Araujo Cardoso Filho</last_name>
    <phone>+55 19 991232882</phone>
    <email>florentino.cardoso@hospitalcare.com.br</email>
  </overall_contact>
  <overall_contact_backup>
    <last_name>Luciana Ferrara</last_name>
    <phone>+55 19 981428814</phone>
    <email>luciana.ferrara@azidusbrasil.com.br</email>
  </overall_contact_backup>
  <location>
    <facility>
      <name>Hospital Vera Cruz</name>
      <address>
        <city>Campinas</city>
        <state>São Paulo</state>
        <country>Brazil</country>
      </address>
    </facility>
    <contact>
      <last_name>Florentino de Araujo Cardoso Filho, MD, PhD</last_name>
      <phone>+55 19 991232882</phone>
      <email>florentino.cardoso@hospitalcare.com.br</email>
    </contact>
    <contact_backup>
      <last_name>Luciana Ferrara</last_name>
      <phone>+55 19 981428814</phone>
      <email>luciana.ferrara@azidusbrasil.com.br</email>
    </contact_backup>
  </location>
  <location>
    <facility>
      <name>Hospital de Barueri</name>
      <address>
        <city>São Paulo</city>
        <country>Brazil</country>
      </address>
    </facility>
    <contact>
      <last_name>Paulo Fernando Tierno</last_name>
    </contact>
  </location>
  <location>
    <facility>
      <name>IncCOR</name>
      <address>
        <city>São Paulo</city>
        <country>Brazil</country>
      </address>
    </facility>
    <contact>
      <last_name>Alexandre Soeiro</last_name>
    </contact>
  </location>
  <location>
    <facility>
      <name>UNIFESP</name>
      <address>
        <city>São Paulo</city>
        <country>Brazil</country>
      </address>
    </facility>
    <contact>
      <last_name>Ricardo Diaz</last_name>
    </contact>
  </location>
  <location_countries>
    <country>Brazil</country>
  </location_countries>
  <verification_date>March 2020</verification_date>
  <study_first_submitted>March 18, 2020</study_first_submitted>
  <study_first_submitted_qc>March 18, 2020</study_first_submitted_qc>
  <study_first_posted type="Actual">March 20, 2020</study_first_posted>
  <last_update_submitted>June 8, 2020</last_update_submitted>
  <last_update_submitted_qc>June 8, 2020</last_update_submitted_qc>
  <last_update_posted type="Actual">June 9, 2020</last_update_posted>
  <responsible_party>
    <responsible_party_type>Sponsor</responsible_party_type>
  </responsible_party>
  <condition_browse>
    <!-- CAUTION:  The following MeSH terms are assigned with an imperfect algorithm            -->
    <mesh_term>Pneumonia</mesh_term>
  </condition_browse>
  <patient_data>
    <sharing_ipd>Undecided</sharing_ipd>
    <ipd_description>It is believed that after the data analysis and presentation to the National Commission on Research Ethics, all data of the study will become public.</ipd_description>
  </patient_data>
  <!-- Results have not yet been posted for this study                                          -->
</clinical_study>

