<?xml version="1.0" encoding="UTF-8"?>
<clinical_study rank="2573">
  <!-- This xml conforms to an XML Schema at:
    https://clinicaltrials.gov/ct2/html/images/info/public.xsd -->
  <required_header>
    <download_date>ClinicalTrials.gov processed this data on September 22, 2020</download_date>
    <link_text>Link to the current ClinicalTrials.gov record.</link_text>
    <url>https://clinicaltrials.gov/show/NCT04397588</url>
  </required_header>
  <id_info>
    <org_study_id>35RC20_8979 ECMO-SARS</org_study_id>
    <nct_id>NCT04397588</nct_id>
  </id_info>
  <brief_title>Extracorporeal Membrane Oxygenation (ECMO) and Coronavirus Disease (COVID) 19</brief_title>
  <acronym>ECMO-SARS</acronym>
  <official_title>Extracorporeal Membrane Oxygenation (ECMO) as a Therapeutic Option in Severe Form of COVID-19: a Nationwide Cohort Study</official_title>
  <sponsors>
    <lead_sponsor>
      <agency>Rennes University Hospital</agency>
      <agency_class>Other</agency_class>
    </lead_sponsor>
  </sponsors>
  <source>Rennes University Hospital</source>
  <oversight_info>
    <has_dmc>No</has_dmc>
  </oversight_info>
  <brief_summary>
    <textblock>
      The role of ECMO in the treatment of patients with severe COVID-19 (Acute Respiratory
      Distress Syndrome (ARDS) and/or acute refractory heart failure) is not yet known. The present
      study will aim to report the results of the ECMO management of the most severe forms of
      COVID-19 through the first French ECMO registry.
    </textblock>
  </brief_summary>
  <detailed_description>
    <textblock>
      The main objective of this study is to evaluate the hospital survival of COVID-19 patients
      supported by venovenous or venoarterial ECMO in a multicenter registry.

      The secondary objectives are to describe the characteristics of COVID-19 patients who have
      received ECMO support, to identify the risk factors associated with hospital mortality, to
      analyze the outcomes after ECMO weaning including survival at day 28 and day 90, and to
      analyze the utility of a circulatory support mobile unit in a severe pandemic

      Inclusions are both prospective and retrospective in order to collect data over the whole
      pandemic
    </textblock>
  </detailed_description>
  <overall_status>Recruiting</overall_status>
  <start_date type="Actual">April 21, 2020</start_date>
  <completion_date type="Anticipated">October 21, 2020</completion_date>
  <primary_completion_date type="Anticipated">October 21, 2020</primary_completion_date>
  <study_type>Observational</study_type>
  <has_expanded_access>No</has_expanded_access>
  <study_design_info>
    <observational_model>Cohort</observational_model>
    <time_perspective>Prospective</time_perspective>
  </study_design_info>
  <primary_outcome>
    <measure>Hospital mortality</measure>
    <time_frame>up to 90 days</time_frame>
    <description>Hospital mortality</description>
  </primary_outcome>
  <secondary_outcome>
    <measure>Mortality Day 28</measure>
    <time_frame>Day 28</time_frame>
    <description>Mortality Day 28</description>
  </secondary_outcome>
  <secondary_outcome>
    <measure>Mortality Day 90</measure>
    <time_frame>Day 90</time_frame>
    <description>Mortality Day 90</description>
  </secondary_outcome>
  <secondary_outcome>
    <measure>Ventilator-free days</measure>
    <time_frame>Day 28</time_frame>
    <description>Ventilator-free days</description>
  </secondary_outcome>
  <secondary_outcome>
    <measure>Intensive care unit-free days</measure>
    <time_frame>Day 28</time_frame>
    <description>ICU-free days</description>
  </secondary_outcome>
  <secondary_outcome>
    <measure>Hospital-free days</measure>
    <time_frame>Day 28</time_frame>
    <description>Hospital-free days</description>
  </secondary_outcome>
  <enrollment type="Anticipated">300</enrollment>
  <condition>ARDS Related to Severe Acute Respiratory Syndrome-Coronavirus (SARS-CoV) 2</condition>
  <condition>Acute Refractory Heart Failure Related to SARS-CoV 2</condition>
  <eligibility>
    <study_pop>
      <textblock>
        Critically ill COVID-19 patients with ARDS or/and acute refractory heart failure
      </textblock>
    </study_pop>
    <sampling_method>Non-Probability Sample</sampling_method>
    <criteria>
      <textblock>
        Inclusion Criteria:

          -  All COVID-19 patients, adults or children,

          -  Tested positive by RT-PCR for SARS-CoV2 (nasopharyngeal swabs, sputum, endotracheal
             aspiration, bronchoalveolar lavage or stool sample) and / or with a diagnosis made on
             chest CT findings,

          -  Supported by venovenous or venoarterial ECMO

        Exclusion Criteria:

          -  Temporary legally protected Adults over a set period or waiting for protection
             supervision, guardianship

          -  Patients or proxies who express their opposition to study participation
      </textblock>
    </criteria>
    <gender>All</gender>
    <minimum_age>N/A</minimum_age>
    <maximum_age>N/A</maximum_age>
    <healthy_volunteers>No</healthy_volunteers>
  </eligibility>
  <overall_official>
    <last_name>Nicolas Nesseler, doctor</last_name>
    <role>Principal Investigator</role>
    <affiliation>Rennes University Hospital</affiliation>
  </overall_official>
  <overall_official>
    <last_name>André Vincentelli, professor</last_name>
    <role>Principal Investigator</role>
    <affiliation>Lille University Hospital</affiliation>
  </overall_official>
  <overall_contact>
    <last_name>Cécile Ferragu</last_name>
    <phone>0299282555</phone>
    <email>cecile.ferragu@chu-rennes.fr</email>
  </overall_contact>
  <overall_contact_backup>
    <last_name>DRI</last_name>
    <phone>0299282555</phone>
    <email>dri@chu-rennes.fr</email>
  </overall_contact_backup>
  <location>
    <facility>
      <name>Angers University Hospital</name>
      <address>
        <city>Angers</city>
        <zip>49933</zip>
        <country>France</country>
      </address>
    </facility>
    <status>Recruiting</status>
    <contact>
      <last_name>Olivier Fouquet, Doctor</last_name>
      <email>olfouquet@chu-angers.fr</email>
    </contact>
  </location>
  <location>
    <facility>
      <name>Besançon Hospital</name>
      <address>
        <city>Besançon</city>
        <zip>25030</zip>
        <country>France</country>
      </address>
    </facility>
    <status>Recruiting</status>
    <contact>
      <last_name>Guillaume Flicoteaux, Doctor</last_name>
      <email>gflicoteaux@chu-besancon.fr</email>
    </contact>
  </location>
  <location>
    <facility>
      <name>Brest university Hospital</name>
      <address>
        <city>Brest</city>
        <zip>29200</zip>
        <country>France</country>
      </address>
    </facility>
    <status>Not yet recruiting</status>
    <contact>
      <last_name>Olivier Huet, professor</last_name>
      <email>olivier.huet@chu-brest.fr</email>
    </contact>
  </location>
  <location>
    <facility>
      <name>Caen University Hospital</name>
      <address>
        <city>Caen</city>
        <zip>14033</zip>
        <country>France</country>
      </address>
    </facility>
    <status>Not yet recruiting</status>
    <contact>
      <last_name>Marc-Olivier FISCHER, Professor</last_name>
      <email>fischer-mo@chu-caen.fr</email>
    </contact>
  </location>
  <location>
    <facility>
      <name>Clermont ferrand University hospital</name>
      <address>
        <city>Clermont-Ferrand</city>
        <zip>63003</zip>
        <country>France</country>
      </address>
    </facility>
    <status>Recruiting</status>
    <contact>
      <last_name>Nicolas D'OSTREVY, Doctor</last_name>
      <email>ndostrevy@chu-clermontferrand.fr</email>
    </contact>
  </location>
  <location>
    <facility>
      <name>APHP Henri Mondor Paris University Hospital</name>
      <address>
        <city>Créteil</city>
        <zip>94000</zip>
        <country>France</country>
      </address>
    </facility>
    <status>Recruiting</status>
    <contact>
      <last_name>Nicolas Mongardon, Doctor</last_name>
      <email>nicolas.mongardon@aphp.fr</email>
    </contact>
  </location>
  <location>
    <facility>
      <name>Dijon University Hospital</name>
      <address>
        <city>Dijon</city>
        <zip>21079</zip>
        <country>France</country>
      </address>
    </facility>
    <status>Recruiting</status>
    <contact>
      <last_name>Pierre Guinot, Doctor</last_name>
      <email>guinotpierregregoire@gmail.com</email>
    </contact>
  </location>
  <location>
    <facility>
      <name>Vendée Hospital</name>
      <address>
        <city>La Roche-sur-Yon</city>
        <zip>85000</zip>
        <country>France</country>
      </address>
    </facility>
    <status>Not yet recruiting</status>
    <contact>
      <last_name>Gwenhaël COLIN, Doctor</last_name>
      <email>gwenhael.colin@chd-vendee.fr</email>
    </contact>
  </location>
  <location>
    <facility>
      <name>Grenoble University Hospital</name>
      <address>
        <city>La Tronche</city>
        <zip>38700</zip>
        <country>France</country>
      </address>
    </facility>
    <status>Recruiting</status>
    <contact>
      <last_name>Lucie Gaide-chevronnay, Doctor</last_name>
      <email>lgaide-chevronnay@chu-grenoble.fr</email>
    </contact>
  </location>
  <location>
    <facility>
      <name>APHP Kremli Bicetre Paris University Hospital</name>
      <address>
        <city>Le Kremlin-Bicêtre</city>
        <zip>94275</zip>
        <country>France</country>
      </address>
    </facility>
    <status>Recruiting</status>
    <contact>
      <last_name>Jordi Matiello, Doctor</last_name>
      <email>jordi.miatello@aphp.fr</email>
    </contact>
  </location>
  <location>
    <facility>
      <name>Marie Lannelongue Hospital</name>
      <address>
        <city>Le Plessis-Robinson</city>
        <zip>92350</zip>
        <country>France</country>
      </address>
    </facility>
    <status>Recruiting</status>
    <contact>
      <last_name>Olaf Mercier, professor</last_name>
      <email>o.mercier@hml.fr</email>
    </contact>
  </location>
  <location>
    <facility>
      <name>Lens Hospital</name>
      <address>
        <city>Lens</city>
        <zip>62307</zip>
        <country>France</country>
      </address>
    </facility>
    <status>Not yet recruiting</status>
    <contact>
      <last_name>Olivier Fabre, Doctor</last_name>
      <email>ofabre@ch-lens.fr</email>
    </contact>
  </location>
  <location>
    <facility>
      <name>Lille University Hospital</name>
      <address>
        <city>Lille</city>
        <zip>59000</zip>
        <country>France</country>
      </address>
    </facility>
    <status>Recruiting</status>
    <contact>
      <last_name>André Vincentelli, Professor</last_name>
      <email>andre.vincentelli@chru-lille.fr</email>
    </contact>
  </location>
  <location>
    <facility>
      <name>Limoges University Hospital</name>
      <address>
        <city>Limoges</city>
        <zip>87042</zip>
        <country>France</country>
      </address>
    </facility>
    <status>Not yet recruiting</status>
    <contact>
      <last_name>Jerome Jouan, Doctor</last_name>
      <email>jerome.jouan@chu-limoges.fr</email>
    </contact>
  </location>
  <location>
    <facility>
      <name>Clinique de la Sauvegarde</name>
      <address>
        <city>Lyon</city>
        <zip>69337</zip>
        <country>France</country>
      </address>
    </facility>
    <status>Recruiting</status>
    <contact>
      <last_name>Olivier DESEBBE, Doctor</last_name>
      <email>sec.anesthesie.sauvegarde@gmail.com</email>
    </contact>
  </location>
  <location>
    <facility>
      <name>Lyon University Hospital</name>
      <address>
        <city>Lyon</city>
        <zip>69500</zip>
        <country>France</country>
      </address>
    </facility>
    <status>Recruiting</status>
    <contact>
      <last_name>Jean-Luc. Fellahi, Professor</last_name>
      <email>jean-luc.fellahi@chu-lyon.fr</email>
    </contact>
  </location>
  <location>
    <facility>
      <name>Marseille Européen Hospital</name>
      <address>
        <city>Marseille</city>
        <zip>13003</zip>
        <country>France</country>
      </address>
    </facility>
    <status>Recruiting</status>
    <contact>
      <last_name>Matthias CASTANIER, doctor</last_name>
      <email>m.castanier@hopital-europeen.fr</email>
    </contact>
  </location>
  <location>
    <facility>
      <name>APHM la Timone- Marseille University Hospital</name>
      <address>
        <city>Marseille</city>
        <zip>13005</zip>
        <country>France</country>
      </address>
    </facility>
    <status>Recruiting</status>
    <contact>
      <last_name>Alizée Porto, Doctor</last_name>
      <email>alizeeporto@hotmail.fr</email>
    </contact>
  </location>
  <location>
    <facility>
      <name>Clairval Hospital</name>
      <address>
        <city>Marseille</city>
        <zip>13009</zip>
        <country>France</country>
      </address>
    </facility>
    <status>Not yet recruiting</status>
    <contact>
      <last_name>Charles Chanavaz</last_name>
      <email>charleschanavaz@sfr.fr</email>
    </contact>
  </location>
  <location>
    <facility>
      <name>Metz University Hospital</name>
      <address>
        <city>Metz</city>
        <zip>45000</zip>
        <country>France</country>
      </address>
    </facility>
    <status>Not yet recruiting</status>
    <contact>
      <last_name>Cyril Cadoz, Doctor</last_name>
      <email>c.cadoz@chr-metz-thionville.fr</email>
    </contact>
  </location>
  <location>
    <facility>
      <name>Montpellier University Hospital</name>
      <address>
        <city>Montpellier</city>
        <zip>34090</zip>
        <country>France</country>
      </address>
    </facility>
    <status>Recruiting</status>
    <contact>
      <last_name>Philippe Gaudard, Doctor</last_name>
      <email>p-gaudard@chu-montpellier.fr</email>
    </contact>
  </location>
  <location>
    <facility>
      <name>Emile Muller Hospital</name>
      <address>
        <city>Mulhouse</city>
        <zip>68051</zip>
        <country>France</country>
      </address>
    </facility>
    <status>Recruiting</status>
    <contact>
      <last_name>Nicolas BISCHOFF, Doctor</last_name>
      <email>bischoff-ker@orange.fr</email>
    </contact>
  </location>
  <location>
    <facility>
      <name>Nancy University Hospital</name>
      <address>
        <city>Nancy</city>
        <zip>54511</zip>
        <country>France</country>
      </address>
    </facility>
    <status>Recruiting</status>
    <contact>
      <last_name>Bruno Levy, Professor</last_name>
      <email>b.levy@chru-nancy.fr</email>
    </contact>
  </location>
  <location>
    <facility>
      <name>Nantes University Hospital</name>
      <address>
        <city>Nantes</city>
        <zip>44000</zip>
        <country>France</country>
      </address>
    </facility>
    <status>Recruiting</status>
    <contact>
      <last_name>Bertrand Rozec, Doctor</last_name>
      <email>bertrand.rozec@chu-nantes.fr</email>
    </contact>
  </location>
  <location>
    <facility>
      <name>Ambroise Paré Hospital</name>
      <address>
        <city>Neuilly-sur-Seine</city>
        <zip>92200</zip>
        <country>France</country>
      </address>
    </facility>
    <status>Recruiting</status>
    <contact>
      <last_name>Stéphane Aubert, Doctor</last_name>
      <email>stephaneaubert@yahoo.fr</email>
    </contact>
  </location>
  <location>
    <facility>
      <name>Nimes University Hospital</name>
      <address>
        <city>Nimes</city>
        <zip>30029</zip>
        <country>France</country>
      </address>
    </facility>
    <status>Recruiting</status>
    <contact>
      <last_name>Claire Roger, Doctor</last_name>
      <email>claire.roger@chu-nimes.fr</email>
    </contact>
  </location>
  <location>
    <facility>
      <name>Institut Mutualiste Montsouris</name>
      <address>
        <city>Paris</city>
        <zip>75014</zip>
        <country>France</country>
      </address>
    </facility>
    <status>Recruiting</status>
    <contact>
      <last_name>Kais Brini, Doctor</last_name>
      <email>Kais.Brini@imm.fr</email>
    </contact>
  </location>
  <location>
    <facility>
      <name>APHP Hopital Européen Georges Pompidou - Paris University Hospital</name>
      <address>
        <city>Paris</city>
        <zip>75015</zip>
        <country>France</country>
      </address>
    </facility>
    <status>Recruiting</status>
    <contact>
      <last_name>Bernard Cholley, Professor</last_name>
      <email>bernard.cholley@aphp.fr</email>
    </contact>
  </location>
  <location>
    <facility>
      <name>APHP necker Paris University Hospital</name>
      <address>
        <city>Paris</city>
        <zip>75015</zip>
        <country>France</country>
      </address>
    </facility>
    <status>Recruiting</status>
    <contact>
      <last_name>Claudio Barbanti, Doctor</last_name>
      <email>claudio.barbanti@aphp.fr</email>
    </contact>
  </location>
  <location>
    <facility>
      <name>APHP Bichat - Paris University Hospital</name>
      <address>
        <city>Paris</city>
        <zip>75018</zip>
        <country>France</country>
      </address>
    </facility>
    <status>Recruiting</status>
    <contact>
      <last_name>Sophie Provenchère, Doctor</last_name>
      <email>sophie.provenchère@aphp.fr</email>
    </contact>
  </location>
  <location>
    <facility>
      <name>APHP La Pitié Salpêtrière Paris University Hospital</name>
      <address>
        <city>Paris</city>
        <zip>75651</zip>
        <country>France</country>
      </address>
    </facility>
    <status>Recruiting</status>
    <contact>
      <last_name>Guillaume Lebreton</last_name>
      <email>guillaume.lebreton@aphp.fr</email>
    </contact>
  </location>
  <location>
    <facility>
      <name>Bordeaux University Hospital</name>
      <address>
        <city>Pessac</city>
        <zip>33604</zip>
        <country>France</country>
      </address>
    </facility>
    <status>Recruiting</status>
    <contact>
      <last_name>Alexandre OUATTARA, Professor</last_name>
      <email>alexandre.ouattara@chu-bordeaux.fr</email>
    </contact>
  </location>
  <location>
    <facility>
      <name>Poitiers University hospital</name>
      <address>
        <city>Poitiers</city>
        <zip>86000</zip>
        <country>France</country>
      </address>
    </facility>
    <status>Recruiting</status>
    <contact>
      <last_name>Corentin Lacroix, Doctor</last_name>
      <email>corentin.lacroix@chu-poitiers.fr</email>
    </contact>
  </location>
  <location>
    <facility>
      <name>Reims University hospital</name>
      <address>
        <city>Reims</city>
        <zip>51092</zip>
        <country>France</country>
      </address>
    </facility>
    <status>Recruiting</status>
    <contact>
      <last_name>Vito Giovanni Ruggieri, Professor</last_name>
      <email>vgruggieri@chu-reims.fr</email>
    </contact>
  </location>
  <location>
    <facility>
      <name>Rennes University hospital</name>
      <address>
        <city>Rennes</city>
        <zip>35000</zip>
        <country>France</country>
      </address>
    </facility>
    <status>Recruiting</status>
    <contact>
      <last_name>Nicolas Nesseler, Doctor</last_name>
      <email>nicolas.nesseler@chu-rennes.fr</email>
    </contact>
  </location>
  <location>
    <facility>
      <name>Rouen University Hospital</name>
      <address>
        <city>Rouen</city>
        <zip>76031</zip>
        <country>France</country>
      </address>
    </facility>
    <status>Recruiting</status>
    <contact>
      <last_name>Emmanuel Besnier, Doctor</last_name>
      <email>emmanuel.besnier@chu-rouen.fr</email>
    </contact>
  </location>
  <location>
    <facility>
      <name>Saint brieuc Hospital</name>
      <address>
        <city>Saint brieuc</city>
        <zip>22027</zip>
        <country>France</country>
      </address>
    </facility>
    <status>Not yet recruiting</status>
    <contact>
      <last_name>Pierre Fillatre, Doctor</last_name>
      <email>pierrefillatre@hotmail.com</email>
    </contact>
  </location>
  <location>
    <facility>
      <name>La Réunion University Hospital</name>
      <address>
        <city>Saint-Denis</city>
        <zip>97400</zip>
        <country>France</country>
      </address>
    </facility>
    <status>Recruiting</status>
    <contact>
      <last_name>Nicolas Allou, Doctor</last_name>
      <email>nicolas.allou@hotmail.fr</email>
    </contact>
  </location>
  <location>
    <facility>
      <name>Saint Nazaire Hospital</name>
      <address>
        <city>Saint-Nazaire</city>
        <zip>44606</zip>
        <country>France</country>
      </address>
    </facility>
    <status>Recruiting</status>
    <contact>
      <last_name>Maud Jonas</last_name>
      <email>m.jonas@ch-saintnazaire.fr</email>
    </contact>
  </location>
  <location>
    <facility>
      <name>Saint Etienne University Hospital</name>
      <address>
        <city>Saint-Étienne</city>
        <zip>42000</zip>
        <country>France</country>
      </address>
    </facility>
    <status>Recruiting</status>
    <contact>
      <last_name>Roxane NICOLAS</last_name>
      <email>secretariat.dar@chu-st-etienne.fr</email>
    </contact>
  </location>
  <location>
    <facility>
      <name>Strasbourg University Hospital</name>
      <address>
        <city>Strasbourg</city>
        <zip>67091</zip>
        <country>France</country>
      </address>
    </facility>
    <status>Recruiting</status>
    <contact>
      <last_name>Pierre-Emmanuel Falcoz, Professor</last_name>
      <email>pierre-emmanuel.falcoz@chru-strasbourg.fr</email>
    </contact>
  </location>
  <location>
    <facility>
      <name>Toulouse University Hospital - Rangueil Hospital</name>
      <address>
        <city>Toulouse</city>
        <zip>31000</zip>
        <country>France</country>
      </address>
    </facility>
    <status>Recruiting</status>
    <contact>
      <last_name>François Labaste, Doctor</last_name>
      <email>labaste.f@chu-toulouse.fr</email>
    </contact>
  </location>
  <location>
    <facility>
      <name>Tours University Hospital</name>
      <address>
        <city>Tours</city>
        <zip>37044</zip>
        <country>France</country>
      </address>
    </facility>
    <status>Recruiting</status>
    <contact>
      <last_name>Antoine Guillon, Doctore</last_name>
      <email>antoine.guillon@univ-tours.fr</email>
    </contact>
  </location>
  <location>
    <facility>
      <name>Bretagne Atlantique Hospital</name>
      <address>
        <city>Vannes</city>
        <zip>56000</zip>
        <country>France</country>
      </address>
    </facility>
    <status>Not yet recruiting</status>
    <contact>
      <last_name>Yannick Fedun, Doctor</last_name>
      <email>yannick.fedun@ch-bretagne-atlantique.fr</email>
    </contact>
  </location>
  <location_countries>
    <country>France</country>
  </location_countries>
  <verification_date>May 2020</verification_date>
  <study_first_submitted>May 19, 2020</study_first_submitted>
  <study_first_submitted_qc>May 20, 2020</study_first_submitted_qc>
  <study_first_posted type="Actual">May 21, 2020</study_first_posted>
  <last_update_submitted>August 28, 2020</last_update_submitted>
  <last_update_submitted_qc>August 28, 2020</last_update_submitted_qc>
  <last_update_posted type="Actual">August 31, 2020</last_update_posted>
  <responsible_party>
    <responsible_party_type>Sponsor</responsible_party_type>
  </responsible_party>
  <keyword>ECMO</keyword>
  <keyword>COVID-19</keyword>
  <keyword>SARS-CoV2</keyword>
  <keyword>ARDS</keyword>
  <keyword>Myocarditis</keyword>
  <keyword>Heart failure</keyword>
  <condition_browse>
    <!-- CAUTION:  The following MeSH terms are assigned with an imperfect algorithm            -->
    <mesh_term>Coronavirus Infections</mesh_term>
    <mesh_term>Severe Acute Respiratory Syndrome</mesh_term>
    <mesh_term>Heart Failure</mesh_term>
  </condition_browse>
  <patient_data>
    <sharing_ipd>Undecided</sharing_ipd>
  </patient_data>
  <!-- Results have not yet been posted for this study                                          -->
</clinical_study>

