<?xml version="1.0" encoding="UTF-8"?>
<clinical_study rank="639">
  <!-- This xml conforms to an XML Schema at:
    https://clinicaltrials.gov/ct2/html/images/info/public.xsd -->
  <required_header>
    <download_date>ClinicalTrials.gov processed this data on September 22, 2020</download_date>
    <link_text>Link to the current ClinicalTrials.gov record.</link_text>
    <url>https://clinicaltrials.gov/show/NCT04381884</url>
  </required_header>
  <id_info>
    <org_study_id>IVM-AR-1</org_study_id>
    <nct_id>NCT04381884</nct_id>
  </id_info>
  <brief_title>Ivermectin Effect on SARS-CoV-2 Replication in Patients With COVID-19</brief_title>
  <official_title>A Pilot, Proof of Concept Trial to Prove Ivermectin Efficacy in the Reduction of SARS-CoV-2 Replication at Early Stages of COVID-19</official_title>
  <sponsors>
    <lead_sponsor>
      <agency>Laboratorio Elea Phoenix S.A.</agency>
      <agency_class>Industry</agency_class>
    </lead_sponsor>
    <collaborator>
      <agency>Universidad Nacional de Salta</agency>
      <agency_class>Other</agency_class>
    </collaborator>
    <collaborator>
      <agency>Centro de Investigación Veterinaria Tandil CIVETAN</agency>
      <agency_class>Other</agency_class>
    </collaborator>
    <collaborator>
      <agency>Hospital de Pediatría Prof Dr. Juan P. Garrahan</agency>
      <agency_class>Other</agency_class>
    </collaborator>
    <collaborator>
      <agency>Universidad Nacional de Quilmes</agency>
      <agency_class>Other</agency_class>
    </collaborator>
  </sponsors>
  <source>Laboratorio Elea Phoenix S.A.</source>
  <oversight_info>
    <has_dmc>No</has_dmc>
    <is_fda_regulated_drug>No</is_fda_regulated_drug>
    <is_fda_regulated_device>No</is_fda_regulated_device>
    <is_us_export>No</is_us_export>
  </oversight_info>
  <brief_summary>
    <textblock>
      In the context of COVID-19 pandemic, a report on ivermectin suppression of SARS-CoV-2 viral
      replication in cell cultures has been published, and the use of this medication seems to be
      potentially useful for the therapy. IVM safety profile and IVM wide spectrum enables to move
      forward with the investigation in patients infected by SARS-CoV-2 as a proof-of-concept of
      its possible use in the management of patients with COVID-19, given the current pandemic
      situation.
    </textblock>
  </brief_summary>
  <detailed_description>
    <textblock>
      Ivermectin (IVM) is a semisynthetic antiparasitic agent belonging to the avermectin group,
      drugs isolated from Streptomyces avermitilis. Ivermectin is widely used for humans and
      animals, with millions of doses annually administered through mass drug distribution programs
      held by the World Health Organization (WHO - 2016). Since 1980, Ivermectin has been included
      in the Essential Medicines List of the World Health Organization (WHO - 2019).

      This medicine is orally administered and is usually used for the treatment against nematodes
      and ectoparasites, making this drug the first-choice medication for onchocerciasis, lymph
      filariasis, itch and strongylosis.

      Until now, SARS-CoV-2 viral load dynamics has not been clearly determined. However, works
      tending to a preliminary characterization of the viral load (VL) behavior have emerged. One
      of them, the most substantial one, includes the work done by Kai-Wang showing the VL behavior
      during the 30 days before the onset of COVID-19 symptoms (Kai-Wang To et al; 2020). In this
      work, an average of 7.5 oropharyngeal samples of individuals with severe (n=10) and moderate
      (n=13) COVID-19 have been assessed. Time between the onset of symptoms and hospitalization
      ranged between 0 and 13 days, with a mean of 4 days. VL median at day 0 in all patients was
      5.2 log10 copies/mL, and no significant differences between severe and moderate COVID-19
      groups occurred. The viral load peak observed during the first week from the onset of
      symptoms had a median equal to 6.91 (Q1-Q3: 4.27-7.40) and 5.29 (Q1-Q3: 3.91-7.56) log10
      copies/mL in severe and moderate COVID-19 patients, respectively. There was no significant
      difference between both groups (p=0.52). Likewise, no difference between patients with and
      without comorbidities has been observed (n of patients equal to 12 and 11, respectively) as
      per initial VL (p=0.49) and peak VL (p=0.29). However, it has been observed that the VL peak
      was directly associated with the age of the patient (R2=0.48 and p=0.02). In a combined
      analysis of all patients (n=23), it has been observed that the VL grows in the first days
      following the onset of symptoms and that, in the 5-6 days, VL falls sharply, reaching a lower
      mean value, yet similar to that of the day 0. General VL behavior from day 9 to 30 showed a
      negative slope (VL fall) equal to -0.15 (95% confidence interval: -0.19 to -0.11) log10 per
      daya. It must be emphasized that by day 20 from the onset of symptoms, VL mean continues to
      be quantifiable (4 log10 copies/mL), and that 7/23 (30%) patients show viral RNA detection
      after such day.

      In other paper, the VL of 17 patients with an age median of 59 (range 26-76 years) has been
      studied, who tested positive for SARS-CoV-2 (Zou et al; 2020). Nonetheless, VL measurement by
      nasal swab was performed in 16 patients and quantification was conducted relatively,
      expressed in Ct values (cycle threshold), which is related with the VL copies detected in the
      molecular reaction: the lower the Ct value, the greater the VL, and vice versa. The feature
      worth noting of such work is that VL dynamics varies widely from one patient to another.
      Contrary to the work of Kai-Wang To et al. [1], the VL peak seems to occur earlier (first
      three days), whereas the sharp VL fall is at day 6 approximately, from which day the VL is
      undetectable in most patients. Only very few patients show detectable viral RNA after 10 days
      from the onset of symptoms.

      In other work, pharyngeal swabs performed in 67 patients have been studied (Pan et al; 2020).
      VL dynamics similar to that reported by Kai-Wang To et al. is observed, with a VL of
      approximately 4 to 5 log10 copies/mL at day 0 of the onset of symptoms, a peak at day 6/7 (8
      log10 copies/mL) and a sharp fall from day 8 of the onset of symptoms. A temporary onset of
      viremia is observed with a VL of 4 log10 copies/mL up to day 15 from the onset of symptoms.

      Finally, in the work published by Wölfel et al. [4] much more accelerated dynamics than that
      in the work of Kai-Wang To et al. and Pan et al. (Wölfel et al; 2020) is observed, and the
      peak appearing much earlier than the day 4 from the onset of symptoms in the nine studied
      patients. Additionally, in 8 patients, the VL falls sharply reaching values below the
      quantification limit (2 log10 copies/mL) at day 10-11 following the onset of symptoms.
      Although there are transient VL relapses after day 10, this value remains very close to the
      study quantification limit.

      In conclusion, if the works of Kai-Wang and Pan are considered, a greater viral RNA half-life
      is expected at day 10 following the onset of symptoms. Even though in the works of Zou and
      Wölfel the peak occurs much earlier than the first five days and viral negativity occurs
      after day 10-11 following the onset of symptoms. Method variability among the many works is a
      limiting factor when comparing the outcomes. That is why, due to the sample size in Kai Wang
      et al (n=23) and Zou et al (n=67), it is suggested to use these works as reference and to
      consider the works of Pan (n=17) and Wölfel (n=9) as part of behavior diversity. It is
      important to define the period in which therapy is to be initiated from the onset of symptoms
      so that the sharp fall observed post-peak is not a factor that biases the potential antiviral
      effect of the drug.

      Considering these backgrounds along with the preliminary study with ivermectin, it is not
      possible to define a specific, progressive outcome for the reduction of the VL, but it may be
      expressed in a variation percentage with respect to the control population (without therapy)
      at the end of treatment. This percentage difference between the treated population and the
      untreated population must be greater than the variation observed for the study day or period
      in the patients included in the above mentioned works, since such percentage difference would
      replicate the behavior in our control population.
    </textblock>
  </detailed_description>
  <overall_status>Recruiting</overall_status>
  <start_date type="Actual">May 18, 2020</start_date>
  <completion_date type="Anticipated">September 15, 2020</completion_date>
  <primary_completion_date type="Anticipated">September 15, 2020</primary_completion_date>
  <phase>Phase 2</phase>
  <study_type>Interventional</study_type>
  <has_expanded_access>No</has_expanded_access>
  <study_design_info>
    <allocation>Randomized</allocation>
    <intervention_model>Parallel Assignment</intervention_model>
    <intervention_model_description>Patients will be randomized to receive Ivermectin 600 µg / kg / once daily plus standard care or standard care upon diagnosis of COVID-19.</intervention_model_description>
    <primary_purpose>Treatment</primary_purpose>
    <masking>None (Open Label)</masking>
  </study_design_info>
  <primary_outcome>
    <measure>Reduction in SARS-CoV-2 viral load</measure>
    <time_frame>1 - 5 days</time_frame>
    <description>Number of patients in whom the SARS-CoV-2 viral load decreases after Ivermectin treatment</description>
  </primary_outcome>
  <secondary_outcome>
    <measure>Number of patients with partial or complete response in COVID-19 clinical symptoms</measure>
    <time_frame>1 - 7 days</time_frame>
    <description>Clinical symptoms will be assessed after the treatment with the study drug</description>
  </secondary_outcome>
  <secondary_outcome>
    <measure>Number of patients with worsening in the clinical condition</measure>
    <time_frame>1 - 7 days</time_frame>
    <description>Effect of Ivermectin therapy on severity indicators such as need of intensive care unit and assisted ventilation, or mortality</description>
  </secondary_outcome>
  <secondary_outcome>
    <measure>Number of patients with adverse events as a measure of safety and tolerability</measure>
    <time_frame>1 month</time_frame>
    <description>Ivermectin safety profile will be evaluated according to Common Terminology Criteria for Adverse Events (CTCAE version 4.0)</description>
  </secondary_outcome>
  <secondary_outcome>
    <measure>Ivermectin concentrations measured in plasma</measure>
    <time_frame>1 month</time_frame>
  </secondary_outcome>
  <secondary_outcome>
    <measure>Evaluation of reactivity of the antibodies against SARS-CoV-2</measure>
    <time_frame>1 month</time_frame>
    <description>Effect of Ivermectin therapy on the onset of SARS-CoV-2 antibodies through the determination of serological changes</description>
  </secondary_outcome>
  <other_outcome>
    <measure>Observed effects to Ivermectin serum concentrations quantified at different treatment time points.</measure>
    <time_frame>1 month</time_frame>
  </other_outcome>
  <number_of_arms>2</number_of_arms>
  <enrollment type="Anticipated">45</enrollment>
  <condition>COVID-19 Drug Treatment</condition>
  <arm_group>
    <arm_group_label>IVERMECTIN (IVER P®)</arm_group_label>
    <arm_group_type>Experimental</arm_group_type>
    <description>Patients in this group will receive Ivermectin (IVER P®) 600 µg / kg / once daily plus standard care.</description>
  </arm_group>
  <arm_group>
    <arm_group_label>CONTROL</arm_group_label>
    <arm_group_type>No Intervention</arm_group_type>
    <description>Patients in this group will receive standard care.</description>
  </arm_group>
  <intervention>
    <intervention_type>Drug</intervention_type>
    <intervention_name>IVERMECTIN (IVER P®) arm will receive IVM 600 µg / kg once daily plus standard care. CONTROL arm will receive standard care.</intervention_name>
    <description>IVERMECTIN (IVER P®) arm will receive IVM 600 µg / kg once daily plus standard care. CONTROL arm will receive standard care.</description>
    <arm_group_label>IVERMECTIN (IVER P®)</arm_group_label>
  </intervention>
  <eligibility>
    <criteria>
      <textblock>
        Inclusion Criteria:

          1. Patients of both genders, aged between 18 and 69.

          2. Patients infected by SARS-CoV-2 confirmed by PCR.

          3. Hospitalized patients with symptoms onset 5 days before executing the Informed
             Consent.

          4. No comorbidities affecting the patient´s prognosis, rendering them high risk patients.

          5. Documented acceptance to participate by means of the execution of the Informed
             Consent.

          6. Female patients of childbearing age must have a negative pregnancy test and must use
             adequate contraceptive methods (for example, intrauterine devices, hormonal
             contraceptives, barrier methods, chastity or tubal ligation) during their
             participation in the study and for one month after the last medication dose in the
             case of those receiving ivermectin.

        Exclusion Criteria:

          1. Allergy or hypersensitivity to ivermectin and/or its inactive ingredients.

          2. Patients meeting COVID-19 severity criteria, with respiratory distress or requiring
             intensive care.

          3. Using medications having potential activity against SARS-CoV-2 such as
             hydroxychloroquine, chloroquine, lopinavir, ritonavir, remdesivir, azithromycin in the
             last 3 months.

          4. Use of immunodepressants (including systemic corticosteroids) in the last 30 days.

          5. Known HIV infection with CD4 count &lt;300 cell/µL.

          6. Pregnant or lactating patients.

          7. Patients with other acute infectious diseases.

          8. Patients with medical conditions such as malabsorption syndromes affecting proper
             ivermectin absorption.

          9. Patients with acute allergy conditions or with severe allergic reactions background.

         10. Patients with autoimmune disease and/or decompensated chronic diseases.

         11. Patients with uncontrolled, intercurrent diseases including renal impairment, hepatic
             impairment, symptomatic congestive heart failure, unstable chest angina, heart
             arrhythmia or psychiatric conditions that may limit adherence to CT requirements.
      </textblock>
    </criteria>
    <gender>All</gender>
    <minimum_age>18 Years</minimum_age>
    <maximum_age>69 Years</maximum_age>
    <healthy_volunteers>No</healthy_volunteers>
  </eligibility>
  <overall_contact>
    <last_name>Alejandro Krolewiecki, MD</last_name>
    <phone>+54-911 3183 8673</phone>
    <email>alekrol@hotmail.com</email>
  </overall_contact>
  <overall_contact_backup>
    <last_name>Marcelo A Tinelli, MD</last_name>
    <phone>+54-911 4489 8300</phone>
    <phone_ext>1290</phone_ext>
    <email>tinellim@elea.com</email>
  </overall_contact_backup>
  <location>
    <facility>
      <name>Hospital de Cuenca Alta</name>
      <address>
        <city>Cañuelas</city>
        <state>Buenos Aires</state>
        <country>Argentina</country>
      </address>
    </facility>
    <status>Recruiting</status>
    <contact>
      <last_name>Javier Farina, MD</last_name>
      <phone>+54 11 5273 4700</phone>
      <email>dr.javierfarina@gmail.com</email>
    </contact>
    <investigator>
      <last_name>Javier Farina, MD</last_name>
      <role>Principal Investigator</role>
    </investigator>
  </location>
  <location>
    <facility>
      <name>Centro de Educación Médica e Investigaciones Clínicas &quot;Norberto Quirno&quot; CEMIC</name>
      <address>
        <city>Buenos Aires</city>
        <state>Ciudad De Buenos Aires</state>
        <country>Argentina</country>
      </address>
    </facility>
    <status>Recruiting</status>
    <contact>
      <last_name>Mónica Lombardo, MD</last_name>
      <phone>+5411-4371 0285</phone>
      <email>mlombardo@nobeltri.com</email>
    </contact>
    <investigator>
      <last_name>Ricardo Valentini, MD</last_name>
      <role>Principal Investigator</role>
    </investigator>
  </location>
  <location>
    <facility>
      <name>Hospital de Infecciosas Francisco Javier Muñiz</name>
      <address>
        <city>Ciudad Autonoma de Buenos Aires</city>
        <zip>C1282AEN</zip>
        <country>Argentina</country>
      </address>
    </facility>
    <status>Recruiting</status>
    <contact>
      <last_name>Ruben M Solari, MD</last_name>
      <phone>011 4304-2180</phone>
      <email>rsolari@intramed.net</email>
    </contact>
    <investigator>
      <last_name>Ruben M Solari, MD</last_name>
      <role>Principal Investigator</role>
    </investigator>
  </location>
  <location_countries>
    <country>Argentina</country>
  </location_countries>
  <verification_date>August 2020</verification_date>
  <study_first_submitted>May 5, 2020</study_first_submitted>
  <study_first_submitted_qc>May 7, 2020</study_first_submitted_qc>
  <study_first_posted type="Actual">May 11, 2020</study_first_posted>
  <last_update_submitted>August 25, 2020</last_update_submitted>
  <last_update_submitted_qc>August 25, 2020</last_update_submitted_qc>
  <last_update_posted type="Actual">August 26, 2020</last_update_posted>
  <responsible_party>
    <responsible_party_type>Sponsor</responsible_party_type>
  </responsible_party>
  <keyword>COVID-19</keyword>
  <keyword>IVERMECTIN</keyword>
  <keyword>SARS-CoV-2 viral load</keyword>
  <intervention_browse>
    <!-- CAUTION:  The following MeSH terms are assigned with an imperfect algorithm            -->
    <mesh_term>Ivermectin</mesh_term>
  </intervention_browse>
  <!-- Results have not yet been posted for this study                                          -->
</clinical_study>

