<?xml version="1.0" encoding="UTF-8"?>
<clinical_study rank="2735">
  <!-- This xml conforms to an XML Schema at:
    https://clinicaltrials.gov/ct2/html/images/info/public.xsd -->
  <required_header>
    <download_date>ClinicalTrials.gov processed this data on September 22, 2020</download_date>
    <link_text>Link to the current ClinicalTrials.gov record.</link_text>
    <url>https://clinicaltrials.gov/show/NCT04337502</url>
  </required_header>
  <id_info>
    <org_study_id>UM_2020_GY_COVID-19</org_study_id>
    <nct_id>NCT04337502</nct_id>
  </id_info>
  <brief_title>Clinical and Radiomic Model of COVID-19</brief_title>
  <official_title>A Clinical and Radiological Model to Predict the Prognosis for COVID-19 Patients</official_title>
  <sponsors>
    <lead_sponsor>
      <agency>Maastricht University</agency>
      <agency_class>Other</agency_class>
    </lead_sponsor>
    <collaborator>
      <agency>The Central Hospital of Wuhan</agency>
      <agency_class>Other</agency_class>
    </collaborator>
  </sponsors>
  <source>Maastricht University</source>
  <oversight_info>
    <has_dmc>No</has_dmc>
    <is_fda_regulated_drug>No</is_fda_regulated_drug>
    <is_fda_regulated_device>No</is_fda_regulated_device>
  </oversight_info>
  <brief_summary>
    <textblock>
      To develop and validate a machine-learning model based on clinical, laboratory, and
      radiological characteristics alone or combination of COVID-19 patients to facilitate risk
      Assessment before and after symptoms and triage (home, hospitalization inward or ICU).
    </textblock>
  </brief_summary>
  <detailed_description>
    <textblock>
      In December 2019, a novel coronavirus, severe acute respiratory syndrome coronavirus 2
      (SARS-CoV-2; earlier named as 2019-nCoV), emerged in Wuhan, China. The diseases caused by
      SARS-CoV-2 is COVID-19. As of March 8, 2020, more than 100 000 COVID-19 patients have been
      reported globally (more than 80 000 cases in China, more than 20 000 in other countries), and
      3 600 patients (3 100 in China, 500 outside of China) have died. The outbreak of COVID-19
      constitutes a Public Health Emergency of International Concern.

      Among COVID-19 patients, around 80% are mild (non-severe) illness patients, who usually heal
      within two weeks. However, another 20% of patients may aggravate into a severe or critical
      illness which results in a longer hospital stay, and the mortality rate for such patients is
      13.4%. Therefore, inchoate identification of the high-risk severe patients is extremely
      important for patient management and medical resource allocation. General quarantine and
      symptomatic treatment can be used for most non-severe patients, while a higher level of care
      and green channel to the intensive care unit (ICU) are helpful for severe patients. Previous
      studies have summarized the clinical and radiological characteristics of severe COVID-19
      patients, while which factors are important predictors is still unclear.

      Machine learning is a branch of artificial intelligence that enables us to learn knowledge
      and potential laws from the given data and to build a model for solving problems as human
      needs. In recent years, machine learning has been developed as a novel tool to analyze large
      amounts of data from medical records or images. Previous modeling studies focused on
      forecasting the potential international spread of COVID-19.

      Therefore, our purpose is to develop and validate a machine-learning model based on clinical,
      laboratory, and radiological characteristics alone or combination of COVID-19 patients in the
      early stage without severe illness from multiple centers for the prediction of severe (or
      critical) illness in the following hospitalization to facilitate risk Assessment before and
      after symptoms and triage (home, hospitalization inward or ICU).
    </textblock>
  </detailed_description>
  <overall_status>Completed</overall_status>
  <start_date type="Actual">December 23, 2019</start_date>
  <completion_date type="Actual">March 3, 2020</completion_date>
  <primary_completion_date type="Actual">January 20, 2020</primary_completion_date>
  <study_type>Observational</study_type>
  <has_expanded_access>No</has_expanded_access>
  <study_design_info>
    <observational_model>Cohort</observational_model>
    <time_perspective>Retrospective</time_perspective>
  </study_design_info>
  <primary_outcome>
    <measure>Predictive performance</measure>
    <time_frame>Janunary 1, 2020, to February 13, 2020</time_frame>
    <description>AUC, accuracy, sensitivity, and specificity</description>
  </primary_outcome>
  <number_of_groups>2</number_of_groups>
  <enrollment type="Actual">300</enrollment>
  <condition>Coronavirus</condition>
  <condition>Machine Learning</condition>
  <arm_group>
    <arm_group_label>severe group</arm_group_label>
    <description>The severe group was designated when the patients had one of the following criteria during hospitalization issued by the Chinese National Health Committee (Version 3-5). 1) Respiratory distress with respiratory frequency ≥ 30/min; 2) Pulse Oximeter Oxygen Saturation ≤ 93% at rest; 3) Oxygenation index (artery partial pressure of oxygen/inspired oxygen fraction, PaO2/FiO2) ≤ 300 mmHg; 4) One of the conditions as following: a) respiratory failure occurs and requires mechanical ventilation; b) Shock occurs; c) ICU admission is required for combined organ failure.</description>
  </arm_group>
  <arm_group>
    <arm_group_label>non-severe group</arm_group_label>
    <description>The non-severe group was designated when the patients did not occur in the mentioned severe criteria until discharged from the hospital.</description>
  </arm_group>
  <intervention>
    <intervention_type>Diagnostic Test</intervention_type>
    <intervention_name>Machine learning model</intervention_name>
    <description>Machine learning, such as logistic regression, random forest, and deep learning</description>
    <arm_group_label>non-severe group</arm_group_label>
    <arm_group_label>severe group</arm_group_label>
  </intervention>
  <eligibility>
    <study_pop>
      <textblock>
        COVID-19 patients
      </textblock>
    </study_pop>
    <sampling_method>Non-Probability Sample</sampling_method>
    <criteria>
      <textblock>
        Inclusion Criteria:

          -  confirmed COVID-19 patients by high-throughput sequencing or real-time
             reverse-transcriptase polymerase-chain-reaction (RT-PCR) assay for nasal and
             pharyngeal swab specimens.

        Exclusion Criteria:

          1. patients with severe illness when admitted;

          2. time interval &gt; 2 days between the admission and examinations;

          3. absent data or delayed results
      </textblock>
    </criteria>
    <gender>All</gender>
    <minimum_age>N/A</minimum_age>
    <maximum_age>N/A</maximum_age>
    <healthy_volunteers>No</healthy_volunteers>
  </eligibility>
  <location>
    <facility>
      <name>The central hospital of Wuhan</name>
      <address>
        <city>Wuhan</city>
        <state>Hubei</state>
        <country>China</country>
      </address>
    </facility>
  </location>
  <location_countries>
    <country>China</country>
  </location_countries>
  <verification_date>March 2020</verification_date>
  <study_first_submitted>April 6, 2020</study_first_submitted>
  <study_first_submitted_qc>April 6, 2020</study_first_submitted_qc>
  <study_first_posted type="Actual">April 7, 2020</study_first_posted>
  <last_update_submitted>April 6, 2020</last_update_submitted>
  <last_update_submitted_qc>April 6, 2020</last_update_submitted_qc>
  <last_update_posted type="Actual">April 7, 2020</last_update_posted>
  <responsible_party>
    <responsible_party_type>Sponsor</responsible_party_type>
  </responsible_party>
  <condition_browse>
    <!-- CAUTION:  The following MeSH terms are assigned with an imperfect algorithm            -->
    <mesh_term>Coronavirus Infections</mesh_term>
  </condition_browse>
  <patient_data>
    <sharing_ipd>No</sharing_ipd>
    <ipd_description>No share plan</ipd_description>
  </patient_data>
  <!-- Results have not yet been posted for this study                                          -->
</clinical_study>

