<?xml version="1.0" encoding="UTF-8"?>
<clinical_study rank="2329">
  <!-- This xml conforms to an XML Schema at:
    https://clinicaltrials.gov/ct2/html/images/info/public.xsd -->
  <required_header>
    <download_date>ClinicalTrials.gov processed this data on September 22, 2020</download_date>
    <link_text>Link to the current ClinicalTrials.gov record.</link_text>
    <url>https://clinicaltrials.gov/show/NCT04414618</url>
  </required_header>
  <id_info>
    <org_study_id>ABC-110</org_study_id>
    <nct_id>NCT04414618</nct_id>
  </id_info>
  <brief_title>A Study of Opaganib in Coronavirus Disease 2019 Pneumonia</brief_title>
  <acronym>COVID-19</acronym>
  <official_title>Opaganib, a Sphingosine Kinase-2 (SK2) Inhibitor in COVID-19 Pneumonia: a Randomized, Double-blind, Placebo-Controlled Phase 2a Study, in Adult Subjects Hospitalized With SARS-CoV-2 Positive Pneumonia</official_title>
  <sponsors>
    <lead_sponsor>
      <agency>RedHill Biopharma Limited</agency>
      <agency_class>Industry</agency_class>
    </lead_sponsor>
  </sponsors>
  <source>RedHill Biopharma Limited</source>
  <oversight_info>
    <has_dmc>Yes</has_dmc>
    <is_fda_regulated_drug>Yes</is_fda_regulated_drug>
    <is_fda_regulated_device>No</is_fda_regulated_device>
  </oversight_info>
  <brief_summary>
    <textblock>
      Opaganib, a sphingosine kinase-2 (SphK2) inhibitor, has been broadly tested in Phase I/II
      studies. Extensive nonclinical data indicates both anti-viral and anti-inflammatory activity
      via selective SphK2 inhibition which may prove beneficial for treating COVID-19 infection and
      resulting pneumonia. This proof of concept study will take place in the US and will enroll
      about 40 hospitalized patients diagnosed with COVID-19 infection who have developed pneumonia
      and require supplemental oxygen. Half of the patients, i.e. 20 patients, will receive
      opaganib in addition to standard of care for 14 days. The other 20 will receive matching
      placebo (capsules that do not contain the medication) in addition to standard of care. Study
      drug will be administered every day for 14 days, twice each day, unless the patient has been
      discharged from the hospital without requiring supplemental oxygen, in which case study drug
      will only be administered for 10 days. All participants will be followed up for 4 weeks after
      their last dose of study drug.
    </textblock>
  </brief_summary>
  <overall_status>Recruiting</overall_status>
  <start_date type="Actual">July 2, 2020</start_date>
  <completion_date type="Anticipated">December 31, 2020</completion_date>
  <primary_completion_date type="Anticipated">September 30, 2020</primary_completion_date>
  <phase>Phase 2</phase>
  <study_type>Interventional</study_type>
  <has_expanded_access>No</has_expanded_access>
  <study_design_info>
    <allocation>Randomized</allocation>
    <intervention_model>Parallel Assignment</intervention_model>
    <primary_purpose>Treatment</primary_purpose>
    <masking>Quadruple (Participant, Care Provider, Investigator, Outcomes Assessor)</masking>
  </study_design_info>
  <primary_outcome>
    <measure>Evaluation of the total oxygen requirement (area under the curve) using daily supplemental oxygen flow (L/min) over 14 days</measure>
    <time_frame>Every day from day 1 to day 14 of treatment</time_frame>
    <description>Measurement of the oxygen requirement</description>
  </primary_outcome>
  <secondary_outcome>
    <measure>Evaluation of the time to 50% reduction from baseline in supplemental oxygen based on oxygen flow in L/min</measure>
    <time_frame>Every day from day 1 to day 14 of treatment</time_frame>
    <description>Measurement of the oxygen requirement</description>
  </secondary_outcome>
  <secondary_outcome>
    <measure>Evaluation of the proportion of patients no longer requiring supplemental oxygen for at least 24 hours by Day 14</measure>
    <time_frame>From screening phase and every day from day 1 to day 14 of treatment</time_frame>
  </secondary_outcome>
  <secondary_outcome>
    <measure>Evaluation of the proportion of afebrile patients at Day 14</measure>
    <time_frame>From screening phase and every day from day 1 to day 14 of treatment</time_frame>
    <description>Measurement of temperature</description>
  </secondary_outcome>
  <secondary_outcome>
    <measure>Evaluation of the time to negative swabs for SARS-CoV-2 by PCR</measure>
    <time_frame>From screening phase and every day from day 1 to day 14 of treatment and at the end of the 4 weeks follow-up after the end of treatment</time_frame>
    <description>Nasopharyngeal or oropharyngeal swab for SARS-CoV-2</description>
  </secondary_outcome>
  <secondary_outcome>
    <measure>Evaluation of the proportion of patients with negative swabs for SARS-CoV-2 by PCR at Day 14</measure>
    <time_frame>From screening phase and every day from day 1 to day 14 of treatment and at the end of the 4 weeks follow-up after the end of treatment</time_frame>
    <description>Nasopharyngeal or oropharyngeal swab for SARS-CoV-2</description>
  </secondary_outcome>
  <secondary_outcome>
    <measure>The percentage of patients who require intubation and mechanical ventilation by Day 14</measure>
    <time_frame>From screening phase and every day from day 1 to day 14 of treatment</time_frame>
  </secondary_outcome>
  <secondary_outcome>
    <measure>Evaluation of the time to mechanical ventilation</measure>
    <time_frame>From screening phase and every day from day 1 to day 14 of treatment</time_frame>
  </secondary_outcome>
  <secondary_outcome>
    <measure>Evaluation the proportion of patients, with at least one measurement of fever at baseline who are afebrile at Day 14</measure>
    <time_frame>From screening phase and every day from day 1 to day 14 of treatment</time_frame>
    <description>Evaluation the proportion of patients, with at least one measurement of fever at baseline (defined as temperature &gt;38.0 C[100.4 F]), who are afebrile (defined as temperature &lt;37.2C [99 F]) at Day 14</description>
  </secondary_outcome>
  <secondary_outcome>
    <measure>Evaluation of mortality 30 days post-baseline</measure>
    <time_frame>30 days after day 1 of treatment</time_frame>
  </secondary_outcome>
  <other_outcome>
    <measure>To determine the incidence rate of all treatment-emergent adverse events (TEAEs) and serious adverse events (SAEs)</measure>
    <time_frame>Every day from day 1 to day 14 of treatment and at end of the 4 weeks follow-up after the end of treatment</time_frame>
  </other_outcome>
  <number_of_arms>2</number_of_arms>
  <enrollment type="Anticipated">40</enrollment>
  <condition>Coronavirus Infections</condition>
  <arm_group>
    <arm_group_label>opaganib</arm_group_label>
    <arm_group_type>Active Comparator</arm_group_type>
    <description>Study participants will receive opaganib 2 x 250 mg capsules (500 mg) every 12 hours</description>
  </arm_group>
  <arm_group>
    <arm_group_label>placebo</arm_group_label>
    <arm_group_type>Placebo Comparator</arm_group_type>
    <description>Study participants will receive placebo 2 x 250 mg capsules (500 mg) every 12 hours</description>
  </arm_group>
  <intervention>
    <intervention_type>Drug</intervention_type>
    <intervention_name>Opaganib</intervention_name>
    <description>Study participants will receive either opaganib 2 x 250 mg capsules (500 mg) every 12 hours, in addition to standard of care (pharmacological and/or supportive).</description>
    <arm_group_label>opaganib</arm_group_label>
    <other_name>Yeliva</other_name>
    <other_name>ABC294640</other_name>
  </intervention>
  <intervention>
    <intervention_type>Drug</intervention_type>
    <intervention_name>Placebo</intervention_name>
    <description>Study participants will receive placebo 2 x 250 mg capsules (500 mg) every 12 hours, in addition to standard of care (pharmacological and/or supportive).</description>
    <arm_group_label>placebo</arm_group_label>
  </intervention>
  <eligibility>
    <criteria>
      <textblock>
        Inclusion Criteria:

          1. Adult male or female ≥18 to ≤80 years of age

          2. Proven COVID-19 infection per RT-PCR assay of a pharyngeal sample (nasopharyngeal or
             oropharyngeal) AND pneumonia defined as radiographic opacities on chest X-ray

          3. The patient requires supplemental oxygen at baseline

          4. The patient, guardian or legal representative has signed a written IRB-approved
             informed consent

        Exclusion Criteria:

          1. Any co-morbidity that may add risk to the treatment in the judgement of the
             investigator.

          2. Requiring intubation and mechanical ventilation

          3. Oxygen saturation &gt;95% on room air

          4. Any preexisting respiratory condition that requires intermittent or continuous
             ambulatory oxygen prior to hospitalization

          5. Patient is, in the investigator's clinical judgment, unlikely to survive &gt;72 hours

          6. Pregnant or nursing women

          7. Unwillingness or inability to comply with procedures required in this protocol.

          8. Corrected QT (QTc) interval on electrocardiogram (ECG) &gt;470 ms for females or &gt;450 ms
             for males, calculated using Friedericia's formula (QTcF)

          9. AST (SGOT) or ALT (SGPT) &gt; 2.5 x upper limit of normal (ULN)

         10. Bilirubin &gt;1.5x ULN (except where bilirubin increase is due to Gilbert's Syndrome)

         11. Serum creatinine &gt;2.0 X ULN

         12. Absolute neutrophil count &lt;1000 cells/mm3

         13. Platelet count &lt;75,000/mm3

         14. Hemoglobin &lt;8.0 g/dL

         15. Currently taking medications that are sensitive CYP3A4, CYP2C9 or CYP2C19 substrates
             and have a narrow therapeutic index

         16. Currently taking medications that are strong inducers or inhibitors of CYP2D6 and
             CYP3A4

         17. Currently taking warfarin, apixaban, argatroban or rivaroxaban

         18. Current drug or alcohol abuse

         19. Currently participating in a clinical study assessing pharmacological treatments,
             including anti-viral studies
      </textblock>
    </criteria>
    <gender>All</gender>
    <minimum_age>18 Years</minimum_age>
    <maximum_age>80 Years</maximum_age>
    <healthy_volunteers>No</healthy_volunteers>
  </eligibility>
  <overall_official>
    <last_name>Mark L Levitt, MD, PhD</last_name>
    <role>Study Director</role>
    <affiliation>RedHill Biopharma Limited</affiliation>
  </overall_official>
  <overall_contact>
    <last_name>Mark L Levitt, MD, PhD</last_name>
    <phone>+972-3-541-3131</phone>
    <email>mark@redhillbio.com</email>
  </overall_contact>
  <overall_contact_backup>
    <last_name>Vered Katz Ben-Yair, MSc</last_name>
    <phone>+972-3-541-3131</phone>
    <email>vered@redhillbio.com</email>
  </overall_contact_backup>
  <location>
    <facility>
      <name>HonorHealth Research Institute</name>
      <address>
        <city>Scottsdale</city>
        <state>Arizona</state>
        <zip>85258</zip>
        <country>United States</country>
      </address>
    </facility>
    <status>Recruiting</status>
    <contact>
      <last_name>Michael Gordon, MD</last_name>
    </contact>
  </location>
  <location>
    <facility>
      <name>Miami Cancer Institute</name>
      <address>
        <city>Miami</city>
        <state>Florida</state>
        <zip>33176</zip>
        <country>United States</country>
      </address>
    </facility>
    <status>Recruiting</status>
    <contact>
      <last_name>Guenther Koehne, MD</last_name>
    </contact>
  </location>
  <location>
    <facility>
      <name>Henry Ford Hospital</name>
      <address>
        <city>Detroit</city>
        <state>Michigan</state>
        <zip>48202</zip>
        <country>United States</country>
      </address>
    </facility>
    <status>Recruiting</status>
    <contact>
      <last_name>Julian Suszanski, MD</last_name>
    </contact>
  </location>
  <location>
    <facility>
      <name>Albany Medical Center</name>
      <address>
        <city>Albany</city>
        <state>New York</state>
        <zip>12208</zip>
        <country>United States</country>
      </address>
    </facility>
    <status>Recruiting</status>
    <contact>
      <last_name>Scott Beegle, MD</last_name>
    </contact>
  </location>
  <location>
    <facility>
      <name>Oregon Health &amp; Science University</name>
      <address>
        <city>Portland</city>
        <state>Oregon</state>
        <zip>97239</zip>
        <country>United States</country>
      </address>
    </facility>
    <status>Recruiting</status>
    <contact>
      <last_name>Kevin Winthrop, MD, MPH</last_name>
      <phone>503-494-4971</phone>
      <email>winthrop@ohsu.edu</email>
    </contact>
  </location>
  <location>
    <facility>
      <name>Memorial Herman Southeast Hospital</name>
      <address>
        <city>Houston</city>
        <state>Texas</state>
        <zip>77089</zip>
        <country>United States</country>
      </address>
    </facility>
    <status>Recruiting</status>
    <contact>
      <last_name>Adnan Rapiq, MD</last_name>
    </contact>
  </location>
  <location>
    <facility>
      <name>Memorial Hermann, Memorial City Medical Center</name>
      <address>
        <city>Houston</city>
        <state>Texas</state>
        <zip>77204</zip>
        <country>United States</country>
      </address>
    </facility>
    <status>Recruiting</status>
    <contact>
      <last_name>Alan Skolnick, MD</last_name>
    </contact>
  </location>
  <location_countries>
    <country>United States</country>
  </location_countries>
  <verification_date>May 2020</verification_date>
  <study_first_submitted>May 26, 2020</study_first_submitted>
  <study_first_submitted_qc>May 29, 2020</study_first_submitted_qc>
  <study_first_posted type="Actual">June 4, 2020</study_first_posted>
  <last_update_submitted>August 27, 2020</last_update_submitted>
  <last_update_submitted_qc>August 27, 2020</last_update_submitted_qc>
  <last_update_posted type="Actual">August 31, 2020</last_update_posted>
  <responsible_party>
    <responsible_party_type>Sponsor</responsible_party_type>
  </responsible_party>
  <condition_browse>
    <!-- CAUTION:  The following MeSH terms are assigned with an imperfect algorithm            -->
    <mesh_term>Coronavirus Infections</mesh_term>
    <mesh_term>Severe Acute Respiratory Syndrome</mesh_term>
    <mesh_term>Pneumonia</mesh_term>
  </condition_browse>
  <patient_data>
    <sharing_ipd>No</sharing_ipd>
  </patient_data>
  <!-- Results have not yet been posted for this study                                          -->
</clinical_study>

