<?xml version="1.0" encoding="UTF-8"?>
<clinical_study rank="2887">
  <!-- This xml conforms to an XML Schema at:
    https://clinicaltrials.gov/ct2/html/images/info/public.xsd -->
  <required_header>
    <download_date>ClinicalTrials.gov processed this data on September 22, 2020</download_date>
    <link_text>Link to the current ClinicalTrials.gov record.</link_text>
    <url>https://clinicaltrials.gov/show/NCT04453384</url>
  </required_header>
  <id_info>
    <org_study_id>RC20_0230</org_study_id>
    <nct_id>NCT04453384</nct_id>
  </id_info>
  <brief_title>Study to Evaluate the Safety and Efficacy of XAV-19 in Patients With COVID-19 Induced Moderate Pneumonia</brief_title>
  <acronym>POLYCOR</acronym>
  <official_title>A Randomized, Double-blind, Placebo-controlled Phase 2 (2a and 2b) Study to Evaluate the Safety and Efficacy of XAV-19 in Patients With COVID-19 Induced Moderate Pneumonia</official_title>
  <sponsors>
    <lead_sponsor>
      <agency>Nantes University Hospital</agency>
      <agency_class>Other</agency_class>
    </lead_sponsor>
    <collaborator>
      <agency>BPIfrance</agency>
      <agency_class>Other</agency_class>
    </collaborator>
    <collaborator>
      <agency>Xenothera SAS</agency>
      <agency_class>Industry</agency_class>
    </collaborator>
  </sponsors>
  <source>Nantes University Hospital</source>
  <oversight_info>
    <has_dmc>Yes</has_dmc>
    <is_fda_regulated_drug>No</is_fda_regulated_drug>
    <is_fda_regulated_device>No</is_fda_regulated_device>
  </oversight_info>
  <brief_summary>
    <textblock>
      Early inhibition of entry and replication of the severe acute respiratory syndrome
      coronavirus 2 (SARS-CoV-2) is a very promising therapeutic approach. Polyclonal neutralizing
      antibodies offers many advantages such as providing immediate immunity, consequently blunt an
      early pro-inflammatory pathogenic endogenous antibody response and lack of drug-drug
      interactions1-3.

      Because a suboptimal endogenous early antibody response with regard to SARS-CoV-2 replication
      in severe cases is observed, neutralising antibody treatment can be very interesting for
      patient with COVID-19 induced moderate pneumonia4,5. Convalescent plasma to treat infected
      patients is therefore an interesting therapeutic option currently under evaluation. However,
      the difficulties of collecting plasma and its safety aspects are not adapted to many
      patients.

      A new polyclonal humanized anti-SARS-CoV2 antibodies (XAV-19) is being developed by
      Xenothera, which can be administered as intravenous treatment. XAV-19 is a heterologous swine
      glyco-humanized polyclonal antibody (GH-pAb) raised against the spike protein of SARS-CoV-2,
      inhibiting infection of ACE-2 positive human cells with SARS-CoV-2. Pharmacokinetic and
      pharmacodynamic studies have been performed in preclinical models including primates and a
      First In Human study with another fully representative GH-pAb from Xenothera is ongoing in
      volunteer patients recipients of a kidney graft. These studies indicated that 5 consecutive
      administrations of GH-pAbs can be safely performed in humans.

      The objective of this 2-steps phase 2 randomized double-blind, placebo-controlled study is 1)
      to define the optimal and safety XAV-19 dose to administrate in patients with COVID-19
      induced moderate pneumonia ; 2) to show the clinical benefit of selected dose of XAV-19 when
      administered to patients with COVID-19 induced moderate pneumonia.
    </textblock>
  </brief_summary>
  <overall_status>Recruiting</overall_status>
  <start_date type="Actual">September 1, 2020</start_date>
  <completion_date type="Anticipated">December 2021</completion_date>
  <primary_completion_date type="Anticipated">November 2020</primary_completion_date>
  <phase>Phase 2</phase>
  <study_type>Interventional</study_type>
  <has_expanded_access>No</has_expanded_access>
  <study_design_info>
    <allocation>Randomized</allocation>
    <intervention_model>Parallel Assignment</intervention_model>
    <primary_purpose>Treatment</primary_purpose>
    <masking>Quadruple (Participant, Care Provider, Investigator, Outcomes Assessor)</masking>
  </study_design_info>
  <primary_outcome>
    <measure>Phase 2a: XAV-19 antibody titers</measure>
    <time_frame>Day 8</time_frame>
    <description>The primary endpoint is measurement of the antibody titer XAV-19 in all treated patients and in all patients in the placebo group at Day 8</description>
  </primary_outcome>
  <primary_outcome>
    <measure>Phase 2a: Adverse events of XAV-19</measure>
    <time_frame>Day 29</time_frame>
    <description>Adverse events of XAV-19 between the two groups of treated patients and vs. placebo over 29 days</description>
  </primary_outcome>
  <primary_outcome>
    <measure>Phase 2b: Time to weaning of supplemental oxygen.</measure>
    <time_frame>Day 15</time_frame>
    <description>If patient is still on oxygen at Day 15 or if the patient is weaned but put back on oxygen then the delay will be censored at 15 days.</description>
  </primary_outcome>
  <secondary_outcome>
    <measure>Phase 2a: Pharmacokinetic analysis</measure>
    <time_frame>Day 1 (pre-dose, post-dose), at Day 5 (pre-dose, post-dose), Day 8, Day 15, and Day 29</time_frame>
    <description>XAV-19 Antibody titer over the time</description>
  </secondary_outcome>
  <secondary_outcome>
    <measure>Phase 2a: Antibody titer between the two groups</measure>
    <time_frame>day 15</time_frame>
    <description>b) The antibody titer of XAV-19 measurements in Group 1 treated patients and Group 2 treated patients</description>
  </secondary_outcome>
  <secondary_outcome>
    <measure>Phase 2a: Supplemental oxygen</measure>
    <time_frame>Day 1 to Day 29</time_frame>
    <description>Duration of supplemental oxygen</description>
  </secondary_outcome>
  <secondary_outcome>
    <measure>Phase 2a: Evaluation of Transfer to intensive care</measure>
    <time_frame>Day 1 to Day 29</time_frame>
    <description>Transfer to intensive care unit with need for invasive mechanical ventilation or high flow oxygen</description>
  </secondary_outcome>
  <secondary_outcome>
    <measure>Phase 2a: Normalization of Fever</measure>
    <time_frame>Day 1 to Day 29</time_frame>
    <description>Normalization of fever ≥ 24 hours: clinical assessment every day from Day 1 to Day 14. Evaluation to be performed between 8 and 12 am, Day X evaluation will consider the higher value during Day X-1</description>
  </secondary_outcome>
  <secondary_outcome>
    <measure>Phase 2a: Biomarkers</measure>
    <time_frame>Day 1 to Day 29</time_frame>
    <description>Biomarkers : CRP, Ferritin</description>
  </secondary_outcome>
  <secondary_outcome>
    <measure>Phase 2a: Hospital length of stay</measure>
    <time_frame>Day 1 to Day 29</time_frame>
    <description>Evaluation of Hospital length of stay</description>
  </secondary_outcome>
  <secondary_outcome>
    <measure>Phase 2b: National Early Warning Score (NEWS)</measure>
    <time_frame>Day 1 and Day 15</time_frame>
    <description>Evaluation of the National Early Warning Score at Day 15 and difference in NEWS between Day1 and Day15. The NEWS is graded from to 23 with an aggregated score between 0-4 being a low clinical risk and an aggregated score &gt;7 being a hich clinical risk</description>
  </secondary_outcome>
  <secondary_outcome>
    <measure>Phase 2b: clinical status</measure>
    <time_frame>Day 3, Day 5, Day 8, Day 11, Day15, and Day 29</time_frame>
    <description>Clinical status using the 7-point ordinal scale assessed</description>
  </secondary_outcome>
  <secondary_outcome>
    <measure>Phase 2b: Time to improvement</measure>
    <time_frame>29 Days</time_frame>
    <description>Time to improvement of one category from admission using the 7-point ordinal scale. This scale is rated 0 to 7 with score 0 being the better score (no clinical impact) and 7 being the worst score (death)</description>
  </secondary_outcome>
  <secondary_outcome>
    <measure>Phase 2b: fever normalization</measure>
    <time_frame>29 Days</time_frame>
    <description>d) Time to first fever normalization (criteria for normalization: temperature &lt; 36.6°C armpit, &lt; 37.2°C oral, &lt; 37.8°C rectal or tympanic)</description>
  </secondary_outcome>
  <secondary_outcome>
    <measure>Phase 2b: Oxygen therapy</measure>
    <time_frame>29 Days</time_frame>
    <description>Duration of oxygen therapy</description>
  </secondary_outcome>
  <secondary_outcome>
    <measure>Phase 2b: oxygen requirement</measure>
    <time_frame>29 Days</time_frame>
    <description>Comparison of oxygen requirement between the two groups</description>
  </secondary_outcome>
  <secondary_outcome>
    <measure>Phase 2b: Time to weaning</measure>
    <time_frame>Day 15</time_frame>
    <description>g) Time to weaning in supplemental oxygen and proportion without O2 requirement at D15, according to baseline (D1) oxygen requirement (≤ 4 L/min or 4 L/min)</description>
  </secondary_outcome>
  <secondary_outcome>
    <measure>Phase 2b: Ventilation</measure>
    <time_frame>29 Days</time_frame>
    <description>h) Incidence and duration of non-invasive ventilation or high flow oxygen devices, of invasive mechanical ventilation during the study</description>
  </secondary_outcome>
  <secondary_outcome>
    <measure>Phase 2b: Hospital length of stay</measure>
    <time_frame>29 Days</time_frame>
    <description>Evaluation of hospital length of stay</description>
  </secondary_outcome>
  <secondary_outcome>
    <measure>Phase 2b: mortality</measure>
    <time_frame>29 Days</time_frame>
    <description>All cause mortality</description>
  </secondary_outcome>
  <secondary_outcome>
    <measure>Phase 2b: safety</measure>
    <time_frame>29 Days</time_frame>
    <description>Occurrence of all suspected XAV-19 related adverse effects or Incidence of serious adverse events
Proportion of participants with treatment emergent adverse events leading to study drug discontinuation
Incidence of major or opportunistic bacterial or fungal infections
Incidence of hypersensitivity reactions and infusion reactions
White cell count, hemoglobin, platelets, creatinine, ALT, AST, on D1, D3, D5, D8, D11, D15 and D29
SARS-CoV-2 viral load over time (D1-D29), as collected by nasopharyngeal swab samples
Time to RT-PCR virus negativity in nasopharyngeal swab samples</description>
  </secondary_outcome>
  <number_of_arms>2</number_of_arms>
  <enrollment type="Anticipated">368</enrollment>
  <condition>SARS Virus</condition>
  <arm_group>
    <arm_group_label>Treatment arm</arm_group_label>
    <arm_group_type>Experimental</arm_group_type>
    <description>Administrations of XAV-19
Phase 2a: XAV-19 at 0.5 mg/kg (Group 1) or at 2 mg/kg (Group 2)
Phase 2b: Selected dose from Phase 2a</description>
  </arm_group>
  <arm_group>
    <arm_group_label>Placebo arm</arm_group_label>
    <arm_group_type>Placebo Comparator</arm_group_type>
    <description>same administration as treatment arm
Phase 2a: two administrations of placebo on day 1 and day 5
Phase 2b: two administrations of placebo on day 1 and day 5</description>
  </arm_group>
  <intervention>
    <intervention_type>Drug</intervention_type>
    <intervention_name>XAV-19</intervention_name>
    <description>Administration on Day 1 and day 5</description>
    <arm_group_label>Treatment arm</arm_group_label>
  </intervention>
  <intervention>
    <intervention_type>Drug</intervention_type>
    <intervention_name>Placebo</intervention_name>
    <description>Administration on Day 1 and day 5</description>
    <arm_group_label>Placebo arm</arm_group_label>
  </intervention>
  <eligibility>
    <criteria>
      <textblock>
        Inclusion Criteria:

          1. Willing and able to provide written informed consent prior to performing study
             procedures

          2. Male or female ≥ 18 years

          3. Hospitalized for COVID-19

          4. Positive SARS-CoV-2 RT-PCR in any body specimen (nasopharynx, saliva, sputum) ≤ 10
             days before enrolment

          5. Evidence of pulmonary involvement (on lung examination [rales/crackles] and/or
             chest-imaging [Chest X-ray or computed tomography])

          6. Requiring O2 supplement ≤ 6L/min at screening

          7. Requiring O2 supplementation with SpO2 ≥ 94% on O2 therapy at screening

          8. First onset of COVID-19 symptoms ≤ 10 days, among fever and/or chills, headache,
             myalgias, cough, shortness of breath, whichever as occurred fist

          9. WOCBP must have a negative urinary pregnancy test the day of inclusion

         10. All sexually active male subjects must agree to use an adequate method of
             contraception throughout the study period and for 90 days after the last dose of study
             drug and agree to no sperm donation until the end of the study, or for 90 days after
             the last dose of XAV-19, whichever is longer

         11. Patients with French social security

        Exclusion Criteria:

          1. Evidence of multiorgan failure (severe COVID-19)

          2. Mechanically ventilated (including ECMO)

          3. Receipt of immunoglobulins or any blood products in the past 30 days

          4. Psychiatric or cognitive illness or recreational drug/alcohol use that in the opinion
             of the investigator, would affect subject safety and/or compliance

          5. End-stage renal disease (eGFR &lt; 15 ml/min/1,73 m2)

          6. Child-Pugh C stage liver cirrhosis

          7. Decompensated cardiac insufficiency

          8. History of active drug abuse

          9. Known allergy, hypersensitivity, or intolerance to the study drug, or to any of its
             components

         10. Females of childbearing potential without contraceptive method, or with positive
             pregnancy test, breastfeeding, or planning to become pregnant during the study period

         11. Current documented and uncontrolled bacterial infection.

         12. Prior severe (grade 3) allergic reactions to plasma transfusion

         13. Patient participating in another interventional clinical trial

         14. Life expectancy estimated to be less than 6 months

         15. Patient under guardianship or trusteeship
      </textblock>
    </criteria>
    <gender>All</gender>
    <minimum_age>18 Years</minimum_age>
    <maximum_age>85 Years</maximum_age>
    <healthy_volunteers>No</healthy_volunteers>
  </eligibility>
  <overall_contact>
    <last_name>Benjamin GABORIT</last_name>
    <phone>+33 (0)2 44 76 82 92</phone>
    <email>benjamin.GABORIT@chu-nantes.fr</email>
  </overall_contact>
  <location>
    <facility>
      <name>CHU Angers</name>
      <address>
        <city>Angers</city>
        <country>France</country>
      </address>
    </facility>
    <status>Recruiting</status>
    <contact>
      <last_name>Vincent DUBEE, MD, PhD</last_name>
    </contact>
  </location>
  <location>
    <facility>
      <name>Hospices Civils Lyon</name>
      <address>
        <city>Lyon</city>
        <country>France</country>
      </address>
    </facility>
    <status>Not yet recruiting</status>
    <contact>
      <last_name>Florence ADER, MD, PhD</last_name>
    </contact>
  </location>
  <location>
    <facility>
      <name>CHU Nantes</name>
      <address>
        <city>Nantes</city>
        <country>France</country>
      </address>
    </facility>
    <status>Recruiting</status>
    <contact>
      <last_name>Benjamin GABORIT, MD, PhD</last_name>
    </contact>
    <investigator>
      <last_name>Benjamin GABORIT, MD, PhD</last_name>
      <role>Principal Investigator</role>
    </investigator>
    <investigator>
      <last_name>François RAFFI, MD, PhD</last_name>
      <role>Principal Investigator</role>
    </investigator>
  </location>
  <location>
    <facility>
      <name>Hôpital Saint Antoine</name>
      <address>
        <city>Paris</city>
        <country>France</country>
      </address>
    </facility>
    <status>Recruiting</status>
    <contact>
      <last_name>Karine LACOMBE, MD, PhD</last_name>
    </contact>
  </location>
  <location_countries>
    <country>France</country>
  </location_countries>
  <verification_date>June 2020</verification_date>
  <study_first_submitted>June 22, 2020</study_first_submitted>
  <study_first_submitted_qc>June 30, 2020</study_first_submitted_qc>
  <study_first_posted type="Actual">July 1, 2020</study_first_posted>
  <last_update_submitted>September 14, 2020</last_update_submitted>
  <last_update_submitted_qc>September 14, 2020</last_update_submitted_qc>
  <last_update_posted type="Estimate">September 16, 2020</last_update_posted>
  <responsible_party>
    <responsible_party_type>Sponsor</responsible_party_type>
  </responsible_party>
  <keyword>SARS-Cov-2</keyword>
  <keyword>COVID-19</keyword>
  <keyword>Moderate</keyword>
  <keyword>pneumonia</keyword>
  <keyword>antibody</keyword>
  <condition_browse>
    <!-- CAUTION:  The following MeSH terms are assigned with an imperfect algorithm            -->
    <mesh_term>Pneumonia</mesh_term>
  </condition_browse>
  <patient_data>
    <sharing_ipd>No</sharing_ipd>
  </patient_data>
  <!-- Results have not yet been posted for this study                                          -->
</clinical_study>

