<?xml version="1.0" encoding="UTF-8"?>
<clinical_study rank="3212">
  <!-- This xml conforms to an XML Schema at:
    https://clinicaltrials.gov/ct2/html/images/info/public.xsd -->
  <required_header>
    <download_date>ClinicalTrials.gov processed this data on September 22, 2020</download_date>
    <link_text>Link to the current ClinicalTrials.gov record.</link_text>
    <url>https://clinicaltrials.gov/show/NCT04542538</url>
  </required_header>
  <id_info>
    <org_study_id>U1111-1257-2830</org_study_id>
    <nct_id>NCT04542538</nct_id>
  </id_info>
  <brief_title>The Impact of Premorbid Illnesses on the Risk of ICU Admission and Short-term Outcome</brief_title>
  <official_title>The Impact of Premorbid Illnesses on the Risk of ICU Admission and Short-term Outcome</official_title>
  <sponsors>
    <lead_sponsor>
      <agency>Uppsala University</agency>
      <agency_class>Other</agency_class>
    </lead_sponsor>
    <collaborator>
      <agency>Center for Clinical Research Dalarna, Sweden</agency>
      <agency_class>Other</agency_class>
    </collaborator>
  </sponsors>
  <source>Uppsala University</source>
  <oversight_info>
    <has_dmc>No</has_dmc>
    <is_fda_regulated_drug>No</is_fda_regulated_drug>
    <is_fda_regulated_device>No</is_fda_regulated_device>
  </oversight_info>
  <brief_summary>
    <textblock>
      The Corona virus disease 2019 (COVID-19) pandemic is currently involving all parts of the
      world. Several risk factors for critical illness and death from the disease have been
      proposed. However, it is still unclear if the observed associations between different
      comorbidities and chronic medications and severe COVID-19 disease and mortality is different
      from associations between the same factors and other severe diseases requiring intensive care
      unit (ICU) -care. This is important since some of the observed risk factors are very common
      in the aged who, by age alone, are more prone to a more severe course of any disease. By
      combining several registries, this study will compare, on several comorbidities such as
      hypertension and diabetes , the first 2000 cases of COVID-19 patients receiving critical care
      in Sweden to a Swedish sepsis-cohort and a Swedish adult respiratory distress syndrome (ARDS)
      -cohort.
    </textblock>
  </brief_summary>
  <detailed_description>
    <textblock>
      The Corona virus disease 2019 (COVID-19) pandemic is currently involving all parts of the
      world. Several risk factors for critical illness and death from the disease have been
      proposed. However, it is still unclear if the observed associations between different
      comorbidities and chronic medications and severe COVID-19 disease and mortality is different
      from associations between the same factors and other severe diseases requiring ICU-care. This
      is important since some of the observed risk factors are very common in the aged who, by age
      alone, are more prone to a more severe course of any disease. By combining several
      registries, this study will compare, on several comorbidities such as hypertension and
      diabetes , the first 2000 cases of COVID-19 patients receiving critical care in Sweden to a
      Swedish sepsis-cohort and a Swedish ARDS-cohort.
    </textblock>
  </detailed_description>
  <overall_status>Active, not recruiting</overall_status>
  <start_date type="Actual">April 11, 2018</start_date>
  <completion_date type="Anticipated">October 4, 2020</completion_date>
  <primary_completion_date type="Actual">June 4, 2020</primary_completion_date>
  <study_type>Observational</study_type>
  <has_expanded_access>No</has_expanded_access>
  <study_design_info>
    <observational_model>Cohort</observational_model>
    <time_perspective>Other</time_perspective>
  </study_design_info>
  <primary_outcome>
    <measure>Risk factors of ICU care COVID-19/Sepsis</measure>
    <time_frame>Five years preceding ICU admission to ICU admission</time_frame>
    <description>In a binary logistics model with the outcome Sepsis or COVID-19 the OR for several comorbidities are determined.</description>
  </primary_outcome>
  <primary_outcome>
    <measure>Risk factors of ICU care COVID-19/ARDS</measure>
    <time_frame>Five years preceding ICU admission to ICU admission</time_frame>
    <description>In a binary logistics model with the outcome ARDS or COVID-19 the OR for several comorbidities are determined.</description>
  </primary_outcome>
  <primary_outcome>
    <measure>Risk factors of ICU mortality COVID-19/Sepsis</measure>
    <time_frame>Five years preceding ICU admission to ICU discharge</time_frame>
    <description>In a binary logistics model with the outcome ICU-mortality the OR for the interaction between several comorbidities and a binary variable COVID-19/Sepsis are determined.</description>
  </primary_outcome>
  <primary_outcome>
    <measure>Risk factors of ICU mortality COVID-19/ARDS</measure>
    <time_frame>Five years preceding ICU admission to ICU discharge</time_frame>
    <description>In a binary logistics model with the outcome ICU-mortality the OR for the interaction between several comorbidities and a binary variable COVID-19/ARDS are determined.</description>
  </primary_outcome>
  <number_of_groups>3</number_of_groups>
  <enrollment type="Anticipated">15000</enrollment>
  <condition>Sepsis</condition>
  <condition>Corona Virus Infection</condition>
  <condition>ARDS, Human</condition>
  <arm_group>
    <arm_group_label>COVID-19 critical care patients</arm_group_label>
    <description>All patients who have received intensive care with COVID-19 in Sweden until May 27, 2020. Patients are identified in the Swedish Intensive care registry, to which all Swedish intensive care units (ICU) are reporting all intensive care patients.</description>
  </arm_group>
  <arm_group>
    <arm_group_label>Sepsis critical care patients</arm_group_label>
    <description>All patients who have received intensive care with severe sepsis or septic shock in Sweden between 2011 and 2016. Patients are identified in the Swedish Intensive care registry, to which all Swedish intensive care units (ICU) are reporting all intensive care patients.</description>
  </arm_group>
  <arm_group>
    <arm_group_label>ARDS critical care patients</arm_group_label>
    <description>All patients who have received intensive care with ARDS in Sweden between 2011 and 2016. Patients are identified in the Swedish Intensive care registry, to which all Swedish intensive care units (ICU) are reporting all intensive care patients.</description>
  </arm_group>
  <intervention>
    <intervention_type>Other</intervention_type>
    <intervention_name>No intervention, observational study</intervention_name>
    <arm_group_label>ARDS critical care patients</arm_group_label>
    <arm_group_label>COVID-19 critical care patients</arm_group_label>
    <arm_group_label>Sepsis critical care patients</arm_group_label>
  </intervention>
  <eligibility>
    <study_pop>
      <textblock>
        The SIR is a registry to which all Swedish intensive care units are reporting all intensive
        care patients. The SIR has a specific part to wich all COVID-19 related intensive care
        eposodes are reported. All patients, approximally 2000, who have at least one COVID-19
        listing in the SIRI will be included, as cases. Two historical control populations are
        extracted from the SIR between 2011 and 2016. One population with all patients having had
        severe sepsis and one with all patients having had ARDS during ICU care.

        We already have recieved all data on the studypopulation and the Control populations but
        will not set up the database or perform any analyses until this registration is be public.
      </textblock>
    </study_pop>
    <sampling_method>Probability Sample</sampling_method>
    <criteria>
      <textblock>
        Inclusion Criteria:

        ° Individual registered in the Swedish intensive care registry (SIR) with COVID-19 Before
        27 May 2020.

        or

          -  Individual registered in the SIR with Severe sepsis or septic chock 2011-2016. or

          -  Individual registered in the SIR with ARDS 2011-2016.

        Exclusion Criteria:

          -  Age below 18 years

          -  Individual registered in the Swedish intensive care registry without a personal
             identification number
      </textblock>
    </criteria>
    <gender>All</gender>
    <minimum_age>18 Years</minimum_age>
    <maximum_age>N/A</maximum_age>
    <healthy_volunteers>No</healthy_volunteers>
  </eligibility>
  <overall_official>
    <last_name>Miklos Lipcsey, PhD</last_name>
    <role>Principal Investigator</role>
    <affiliation>Uppsala University</affiliation>
  </overall_official>
  <location>
    <facility>
      <name>Björn Ahlström</name>
      <address>
        <city>Falun</city>
        <zip>79182</zip>
        <country>Sweden</country>
      </address>
    </facility>
  </location>
  <location_countries>
    <country>Sweden</country>
  </location_countries>
  <verification_date>September 2020</verification_date>
  <study_first_submitted>August 21, 2020</study_first_submitted>
  <study_first_submitted_qc>September 7, 2020</study_first_submitted_qc>
  <study_first_posted type="Estimate">September 9, 2020</study_first_posted>
  <last_update_submitted>September 7, 2020</last_update_submitted>
  <last_update_submitted_qc>September 7, 2020</last_update_submitted_qc>
  <last_update_posted type="Estimate">September 9, 2020</last_update_posted>
  <responsible_party>
    <responsible_party_type>Sponsor</responsible_party_type>
  </responsible_party>
  <condition_browse>
    <!-- CAUTION:  The following MeSH terms are assigned with an imperfect algorithm            -->
    <mesh_term>Coronavirus Infections</mesh_term>
    <mesh_term>Severe Acute Respiratory Syndrome</mesh_term>
    <mesh_term>Respiratory Distress Syndrome, Adult</mesh_term>
  </condition_browse>
  <patient_data>
    <sharing_ipd>No</sharing_ipd>
  </patient_data>
  <!-- Results have not yet been posted for this study                                          -->
</clinical_study>

