<?xml version="1.0" encoding="UTF-8"?>
<clinical_study rank="854">
  <!-- This xml conforms to an XML Schema at:
    https://clinicaltrials.gov/ct2/html/images/info/public.xsd -->
  <required_header>
    <download_date>ClinicalTrials.gov processed this data on September 22, 2020</download_date>
    <link_text>Link to the current ClinicalTrials.gov record.</link_text>
    <url>https://clinicaltrials.gov/show/NCT04379336</url>
  </required_header>
  <id_info>
    <org_study_id>TASK-008 BCG-CORONA</org_study_id>
    <nct_id>NCT04379336</nct_id>
  </id_info>
  <brief_title>BCG Vaccination for Healthcare Workers in COVID-19 Pandemic</brief_title>
  <official_title>Reducing Morbidity and Mortality in Health Care Workers Exposed to SARS-CoV-2 by Enhancing Non-specific Immune Responses Through Bacillus Calmette-Guérin Vaccination, a Randomized Controlled Trial</official_title>
  <sponsors>
    <lead_sponsor>
      <agency>TASK Applied Science</agency>
      <agency_class>Other</agency_class>
    </lead_sponsor>
  </sponsors>
  <source>TASK Applied Science</source>
  <oversight_info>
    <has_dmc>Yes</has_dmc>
    <is_fda_regulated_drug>No</is_fda_regulated_drug>
    <is_fda_regulated_device>No</is_fda_regulated_device>
  </oversight_info>
  <brief_summary>
    <textblock>
      A novel betacoronavirus, SARS-CoV-2, is spreading rapidly throughout the world. A large
      epidemic in South Africa may overwhelm available hospital capacity and healthcare resources
      which would be worsened by absenteeism of healthcare workers and other frontline staff (HCW).
      Strategies to prevent morbidity and mortality of HCW are desperately needed to safeguard
      continuous patient care. Bacillus Calmette-Guérin (BCG) is a vaccine against tuberculosis
      (TB), with protective non-specific effects against other respiratory tract infections in in
      vitro and in vivo studies, with reported morbidity and mortality reductions as high as 70%.
      We hypothesize that a BCG vaccination may reduce the morbidity and mortality of healthcare
      workers during the COVID-19 outbreak in South Africa.
    </textblock>
  </brief_summary>
  <detailed_description>
    <textblock>
      Morbidity and mortality attributable to COVID-19 is devastating global health systems and
      economies. Bacillus Calmette Guérin (BCG) vaccination has been in use for many decades to
      prevent severe forms of tuberculosis in children. Studies have also shown a combination of
      improved long-term innate or trained immunity (through epigenetic reprogramming of myeloid
      cells) and adaptive responses after BCG vaccination, which leads to non-specific protective
      effects in adults. Observational studies have shown that countries with routine BCG
      vaccination programs have significantly less reported cases and deaths of COVID-19, but such
      studies are prone to significant bias and need confirmation. To date, in the absence of
      direct evidence, WHO does not recommend BCG for the prevention of COVID-19.

      This project aims to investigate in a timely manner whether and why BCG-revaccination can
      reduce infection rate and/or disease severity in health care workers during the SARS-CoV-2
      outbreak in South Africa. These objectives will be achieved with a blinded, randomised
      controlled trial of BCG revaccination versus placebo in exposed front-line staff in hospitals
      in Cape Town. Observations will include the rate of infection with COVID-19 as well as the
      occurrence of mild, moderate or severe ambulatory respiratory tract infections,
      hospitalisation, need for oxygen, mechanical ventilation or death. HIV-positive individuals
      will be excluded. Safety of the vaccines will be monitored. A secondary endpoint is the
      occurrence of latent or active tuberculosis. Initial sample size and follow-up duration is at
      least 500 workers and 52 weeks. Statistical analysis will be model-based and ongoing in real
      time with frequent interim analyses and optional increases of both sample size or observation
      time, based on the unforeseeable trajectory of the South African COVID-19 epidemic, available
      funds and recommendations of an independent data and safety monitoring board.

      Given the immediate threat of the SARS-CoV-2 epidemic the trial has been designed as a
      pragmatic study with highly feasible endpoints that can be continuously measured. This allows
      for the most rapid identification of a beneficial outcome that would lead to immediate
      dissemination of the results, vaccination of the control group and outreach to the health
      authorities to consider BCG vaccination for all qualifying health care workers.
    </textblock>
  </detailed_description>
  <overall_status>Recruiting</overall_status>
  <start_date type="Actual">May 4, 2020</start_date>
  <completion_date type="Anticipated">April 28, 2021</completion_date>
  <primary_completion_date type="Anticipated">April 28, 2021</primary_completion_date>
  <phase>Phase 3</phase>
  <study_type>Interventional</study_type>
  <has_expanded_access>No</has_expanded_access>
  <study_design_info>
    <allocation>Randomized</allocation>
    <intervention_model>Parallel Assignment</intervention_model>
    <intervention_model_description>Efficacy will be determined based on documented SARS-CoV-2 infection and incidence of hospitalization. The analysis will be an intention-to-treat analysis with estimation of hazard ratio between the two arms using a Cox proportional hazard model. Adverse events will be summarized using descriptive statistics per study arm. The analysis will be a model-based analysis of cumulative data on general health status as a function of risk factors, treatment arm and time.</intervention_model_description>
    <primary_purpose>Prevention</primary_purpose>
    <masking>Quadruple (Participant, Care Provider, Investigator, Outcomes Assessor)</masking>
    <masking_description>Double Blinded</masking_description>
  </study_design_info>
  <primary_outcome>
    <measure>Incidence of HCWs hospitalized due to COVID-19 per arm</measure>
    <time_frame>52 weeks</time_frame>
    <description>To compare the incidence of HCWs hospitalized due to COVID-19 per arm.</description>
  </primary_outcome>
  <secondary_outcome>
    <measure>Incidence of SARS-CoV-2 infection per arm</measure>
    <time_frame>52 weeks</time_frame>
    <description>To determine the incidence of SARS-CoV-2 infection in HCW by molecular or serological testing (as available) at entry, 10, 26 and/or 52 weeks.</description>
  </secondary_outcome>
  <secondary_outcome>
    <measure>Incidence of upper respiratory tract infections per arm</measure>
    <time_frame>52 weeks</time_frame>
    <description>To compare the incidence of symptoms of upper respiratory tract infection per arm.</description>
  </secondary_outcome>
  <secondary_outcome>
    <measure>Days of unplanned absenteeism due to COVID-19 or any reason per arm</measure>
    <time_frame>52 weeks</time_frame>
    <description>To compare the number of days of (unplanned) absenteeism because of documented SARS-CoV-2 infection, COVID-19 or any reason per arm.</description>
  </secondary_outcome>
  <secondary_outcome>
    <measure>Incidence of hospitalization for any reason per arm</measure>
    <time_frame>52 weeks</time_frame>
    <description>To compare the incidence of hospitalization of HCW for any reason per arm.</description>
  </secondary_outcome>
  <secondary_outcome>
    <measure>Incidence of intensive care unit admission per arm</measure>
    <time_frame>52 weeks</time_frame>
    <description>To compare the incidence of intensive care admission of HCW due to COVID-19 or any reason per arm.</description>
  </secondary_outcome>
  <secondary_outcome>
    <measure>Incidence of death per arm</measure>
    <time_frame>52 weeks</time_frame>
    <description>To compare the incidence of death of HCW due to COVID-19 or any reason per arm.</description>
  </secondary_outcome>
  <secondary_outcome>
    <measure>Prevalence of latent TB infection</measure>
    <time_frame>52 weeks</time_frame>
    <description>To describe the prevalence of latent TB infection as determined by interferon gamma release assay (IGRA) at enrolment and at week 52.</description>
  </secondary_outcome>
  <secondary_outcome>
    <measure>Incidence of active TB per arm</measure>
    <time_frame>52 weeks</time_frame>
    <description>To compare the incidence of active TB of HCW per arm.</description>
  </secondary_outcome>
  <secondary_outcome>
    <measure>Compare the effect of latent TB on morbidity and mortality due to COVID-19 per arm</measure>
    <time_frame>52 weeks</time_frame>
    <description>To compare the effect of latent TB infection on morbidity and mortality of HCW due to COVID-19 per arm. The risk of morbidity and mortality of latent TB infected individuals is not known, we will examine whether there is a higher risk of disease severity and poor outcomes in this group.</description>
  </secondary_outcome>
  <secondary_outcome>
    <measure>Incidence of treatment related adverse events</measure>
    <time_frame>52 weeks</time_frame>
    <description>To compare the incidence of grade 2 or higher adverse events and vaccination site reactions per arm.</description>
  </secondary_outcome>
  <number_of_arms>2</number_of_arms>
  <enrollment type="Anticipated">500</enrollment>
  <condition>COVID-19</condition>
  <condition>Sars-CoV2</condition>
  <arm_group>
    <arm_group_label>Bacille Calmette-Guérin (BCG)</arm_group_label>
    <arm_group_type>Experimental</arm_group_type>
    <description>Participants will receive an intradermal injection of 0.1ml of the suspended BCG vaccine which accounts for 0.075mg of attenuated Mycobacterium bovis. BCG-Vaccin SSI [Statens Serum Institut], Danish strain 1331.</description>
  </arm_group>
  <arm_group>
    <arm_group_label>Placebo</arm_group_label>
    <arm_group_type>Placebo Comparator</arm_group_type>
    <description>The placebo used for this study is 0.9% Sodium Chloride (NaCl). Participants that are randomized to the control arm will receive a placebo injection of 0.1ml 0.9% NaCl, which is the same volume and has the same colour as the suspended BCG vaccine.</description>
  </arm_group>
  <intervention>
    <intervention_type>Biological</intervention_type>
    <intervention_name>Bacille Calmette-Guérin (BCG)</intervention_name>
    <description>BCG vaccine will be given intradermally in the upper arm after randomization.</description>
    <arm_group_label>Bacille Calmette-Guérin (BCG)</arm_group_label>
    <other_name>BCG-Vaccin SSI [Statens Serum Institut], Danish strain 1331</other_name>
  </intervention>
  <intervention>
    <intervention_type>Other</intervention_type>
    <intervention_name>Placebo Comparator</intervention_name>
    <description>Placebo injection will be given intradermally in the upper arm after randomization.</description>
    <arm_group_label>Placebo</arm_group_label>
    <other_name>0.9% Sodium Chloride</other_name>
  </intervention>
  <eligibility>
    <criteria>
      <textblock>
        Inclusion Criteria:

          -  Men and women aged ≥18 years

          -  HCW or other frontline staff currently in contact with, or anticipated to be in
             contact with, patients with SARS-CoV-2 infection.

          -  Ability and willingness to provide informed consent.

          -  Can be reached by mobile phone for follow-up

        Exclusion Criteria:

          -  Known allergy to (components of) the BCG vaccine or serious reaction to prior BCG
             administration.

          -  Known active tuberculosis or any other active or uncontrolled condition that, in the
             opinion of the investigator or designee, makes participation unsafe or makes it
             difficult to collect follow-up data over the study period.

          -  HIV-1 infection

             - NOTE: If evidence of recent HIV negative test is not available, rapid point-of-care
             testing will be undertaken as part of screening with a separate informed consent
             process.

          -  Symptoms of respiratory tract infection which, in the opinion of the investigator or
             designee, is likely to interfere with the objectives of the study.

          -  Known medical history of any of the following immunocompromised states:

               -  Neutropenia (less than 500 neutrophils/mm3)

               -  Lymphopenia (less than 400 lymphocytes/mm3)

               -  Solid organ or bone marrow transplantation

               -  Primary immunodeficiency

               -  Active solid or non-solid malignancy or lymphoma within the prior two years

               -  Pregnancy and breastfeeding

          -  Current treatment with the following medications:

               -  Chemotherapy

               -  Anti-cytokine therapies

               -  Current treatment with oral or intravenous steroids defined as daily doses of
                  10mg prednisone or equivalent for longer than 3 months

               -  Any experimental, unproven treatment against SARS-CoV-2 infection or COVID-19
                  including but not limited to chloroquine, hydroxychloroquine, remdesivir,
                  lopinavir/ritonavir and interferon beta-1a.
      </textblock>
    </criteria>
    <gender>All</gender>
    <minimum_age>18 Years</minimum_age>
    <maximum_age>N/A</maximum_age>
    <healthy_volunteers>Accepts Healthy Volunteers</healthy_volunteers>
  </eligibility>
  <overall_contact>
    <last_name>Caryn M Upton, MBChB</last_name>
    <phone>+27 21 510 2209</phone>
    <email>dr.caryn@task.org.za</email>
  </overall_contact>
  <overall_contact_backup>
    <last_name>Christelle Van Niekerk</last_name>
    <phone>+27 21 100 3606</phone>
    <email>regulatory@task.org.za</email>
  </overall_contact_backup>
  <location>
    <facility>
      <name>TASK Foundation</name>
      <address>
        <city>Cape Town</city>
        <state>Western Cape</state>
        <zip>7500</zip>
        <country>South Africa</country>
      </address>
    </facility>
    <status>Recruiting</status>
    <contact>
      <last_name>Caryn Upton, MD</last_name>
      <phone>0211003606</phone>
      <email>regulatory@task.org.za</email>
    </contact>
    <contact_backup>
      <last_name>Christelle Van Niekerk</last_name>
      <phone>+27211003606</phone>
      <email>regulatory@task.org.za</email>
    </contact_backup>
  </location>
  <location_countries>
    <country>South Africa</country>
  </location_countries>
  <reference>
    <citation>Netea MG, Schlitzer A, Placek K, Joosten LAB, Schultze JL. Innate and Adaptive Immune Memory: an Evolutionary Continuum in the Host's Response to Pathogens. Cell Host Microbe. 2019 Jan 9;25(1):13-26. doi: 10.1016/j.chom.2018.12.006. Review.</citation>
    <PMID>30629914</PMID>
  </reference>
  <reference>
    <citation>Kleinnijenhuis J, Quintin J, Preijers F, Joosten LA, Ifrim DC, Saeed S, Jacobs C, van Loenhout J, de Jong D, Stunnenberg HG, Xavier RJ, van der Meer JW, van Crevel R, Netea MG. Bacille Calmette-Guerin induces NOD2-dependent nonspecific protection from reinfection via epigenetic reprogramming of monocytes. Proc Natl Acad Sci U S A. 2012 Oct 23;109(43):17537-42. doi: 10.1073/pnas.1202870109. Epub 2012 Sep 17.</citation>
    <PMID>22988082</PMID>
  </reference>
  <verification_date>May 2020</verification_date>
  <study_first_submitted>May 4, 2020</study_first_submitted>
  <study_first_submitted_qc>May 6, 2020</study_first_submitted_qc>
  <study_first_posted type="Actual">May 7, 2020</study_first_posted>
  <last_update_submitted>May 6, 2020</last_update_submitted>
  <last_update_submitted_qc>May 6, 2020</last_update_submitted_qc>
  <last_update_posted type="Actual">May 7, 2020</last_update_posted>
  <responsible_party>
    <responsible_party_type>Sponsor</responsible_party_type>
  </responsible_party>
  <keyword>Blinded</keyword>
  <keyword>Randomized controlled</keyword>
  <keyword>SARS-CoV-2</keyword>
  <patient_data>
    <sharing_ipd>No</sharing_ipd>
    <ipd_description>IPD will only be shared among researchers included in the protocol team at this stage.</ipd_description>
  </patient_data>
  <!-- Results have not yet been posted for this study                                          -->
</clinical_study>

